Indicator ID,Indicator Name,Parent Code,Parent Name,Area Code,Area Name,Area Type,Sex,Age,Category Type,Category,Time period,Value,Lower CI 95.0 limit,Upper CI 95.0 limit,Lower CI 99.8 limit,Upper CI 99.8 limit,Count,Denominator,Value note,Recent Trend,Compared to England value or percentiles,Compared to ICBs value or percentiles,Time period Sortable,New data,Compared to goal,Time period range
253,COPD: QOF prevalence,,,E92000001,England,England,Persons,All ages,,,2009/10,1.57074219150978,1.56745458503687,1.57403658319983,,,861341,54836561,,,Not compared,Not compared,20090000,New data,,1y
253,COPD: QOF prevalence,E54000061,NHS South Yorkshire Integrated Care Board - QF7,E38000006,South Yorkshire ICB - 02P ,ICB sub-locations,Persons,All ages,,,2009/10,2.78906992754811,2.72447843920396,2.85514779418972,,,6806,244024,,,Not compared,Not compared,20090000,New data,,1y
253,COPD: QOF prevalence,E54000026,NHS Mid and South Essex Integrated Care Board - QH8,E38000007,Mid and South Essex ICB - 99E ,ICB sub-locations,Persons,All ages,,,2009/10,1.63066021759895,1.58293789716108,1.67979671135271,,,4285,262777,,,Not compared,Not compared,20090000,New data,,1y
253,COPD: QOF prevalence,E54000060,NHS Nottingham and Nottinghamshire Integrated Care Board - QT1,E38000008,Nottingham and Nottinghamshire ICB - 02Q ,ICB sub-locations,Persons,All ages,,,2009/10,2.04140517925413,1.95982490496903,2.12630768873341,,,2264,110904,,,Not compared,Not compared,20090000,New data,,1y
253,COPD: QOF prevalence,E54000048,NHS Lancashire and South Cumbria Integrated Care Board - QE1,E38000014,Lancashire and South Cumbria ICB - 00Q ,ICB sub-locations,Persons,All ages,,,2009/10,2.05150929047479,1.98461691469805,2.12060752276231,,,3426,166999,,,Not compared,Not compared,20090000,New data,,1y
253,COPD: QOF prevalence,E54000048,NHS Lancashire and South Cumbria Integrated Care Board - QE1,E38000015,Lancashire and South Cumbria ICB - 00R ,ICB sub-locations,Persons,All ages,,,2009/10,2.64867537150667,2.57382511591706,2.72564147436061,,,4554,171935,,,Not compared,Not compared,20090000,New data,,1y
253,COPD: QOF prevalence,E54000057,NHS Greater Manchester Integrated Care Board - QOP,E38000016,Greater Manchester ICB - 00T ,ICB sub-locations,Persons,All ages,,,2009/10,1.99605251866472,1.94589320239789,2.04747779395268,,,5815,291325,,,Not compared,Not compared,20090000,New data,,1y
253,COPD: QOF prevalence,E54000053,NHS Sussex Integrated Care Board - QNX,E38000021,Sussex ICB - 09D ,ICB sub-locations,Persons,All ages,,,2009/10,1.07910680398941,1.04281024263779,1.1166524651825,,,3247,300897,,,Not compared,Not compared,20090000,New data,,1y
253,COPD: QOF prevalence,E54000057,NHS Greater Manchester Integrated Care Board - QOP,E38000024,Greater Manchester ICB - 00V ,ICB sub-locations,Persons,All ages,,,2009/10,1.79020411137891,1.73186673857478,1.85046955579492,,,3439,192101,,,Not compared,Not compared,20090000,New data,,1y
253,COPD: QOF prevalence,E54000054,NHS West Yorkshire Integrated Care Board - QWO,E38000025,West Yorkshire ICB - 02T ,ICB sub-locations,Persons,All ages,,,2009/10,1.67291812256657,1.6189853302494,1.72861599424838,,,3519,210351,,,Not compared,Not compared,20090000,New data,,1y
253,COPD: QOF prevalence,E54000010,NHS Staffordshire and Stoke-on-Trent Integrated Care Board - QNC,E38000028,Staffordshire and Stoke-on-Trent ICB - 04Y ,ICB sub-locations,Persons,All ages,,,2009/10,1.94969134377069,1.87591655203956,2.02630758663816,,,2533,129918,,,Not compared,Not compared,20090000,New data,,1y
253,COPD: QOF prevalence,E54000026,NHS Mid and South Essex Integrated Care Board - QH8,E38000030,Mid and South Essex ICB - 99F ,ICB sub-locations,Persons,All ages,,,2009/10,1.69706823840252,1.63795723858171,1.75827431807134,,,3006,177129,,,Not compared,Not compared,20090000,New data,,1y
253,COPD: QOF prevalence,E54000048,NHS Lancashire and South Cumbria Integrated Care Board - QE1,E38000034,Lancashire and South Cumbria ICB - 00X ,ICB sub-locations,Persons,All ages,,,2009/10,1.87524789435617,1.81210741370053,1.94054494055265,,,3215,171444,,,Not compared,Not compared,20090000,New data,,1y
253,COPD: QOF prevalence,E54000061,NHS South Yorkshire Integrated Care Board - QF7,E38000044,South Yorkshire ICB - 02X ,ICB sub-locations,Persons,All ages,,,2009/10,2.47073146053847,2.41635860676491,2.52629613667201,,,7570,306387,,,Not compared,Not compared,20090000,New data,,1y
253,COPD: QOF prevalence,E54000041,NHS Dorset Integrated Care Board - QVV,E38000045,Dorset ICB - 11J ,ICB sub-locations,Persons,All ages,,,2009/10,1.55287765046754,1.52531106910981,1.58093443776214,,,11791,759300,,,Not compared,Not compared,20090000,New data,,1y
253,COPD: QOF prevalence,E54000025,NHS Hertfordshire and West Essex Integrated Care Board - QM7,E38000049,Hertfordshire and West Essex ICB - 06K ,ICB sub-locations,Persons,All ages,,,2009/10,1.31038812601619,1.28091170349168,1.34053365086884,,,7326,559071,,,Not compared,Not compared,20090000,New data,,1y
253,COPD: QOF prevalence,E54000048,NHS Lancashire and South Cumbria Integrated Care Board - QE1,E38000050,Lancashire and South Cumbria ICB - 01A ,ICB sub-locations,Persons,All ages,,,2009/10,2.13689374530231,2.09086566385297,2.18391248255025,,,7932,371193,,,Not compared,Not compared,20090000,New data,,1y
253,COPD: QOF prevalence,E54000015,"NHS Leicester, Leicestershire and Rutland Integrated Care Board - QK1",E38000051,"Leicester, Leicestershire and Rutland ICB - 03W ",ICB sub-locations,Persons,All ages,,,2009/10,1.34235315699192,1.3024872874702,1.38342211760021,,,4171,310723,,,Not compared,Not compared,20090000,New data,,1y
253,COPD: QOF prevalence,E54000051,NHS Humber and North Yorkshire Integrated Care Board - QOQ,E38000052,Humber and North Yorkshire ICB - 02Y ,ICB sub-locations,Persons,All ages,,,2009/10,1.85929581132605,1.81153330284358,1.90829314169793,,,5569,299522,,,Not compared,Not compared,20090000,New data,,1y
253,COPD: QOF prevalence,E54000010,NHS Staffordshire and Stoke-on-Trent Integrated Care Board - QNC,E38000053,Staffordshire and Stoke-on-Trent ICB - 05D ,ICB sub-locations,Persons,All ages,,,2009/10,1.45200200276138,1.38882663003506,1.51800687829346,,,1914,131818,,,Not compared,Not compared,20090000,New data,,1y
253,COPD: QOF prevalence,E54000043,NHS Gloucestershire Integrated Care Board - QR1,E38000062,Gloucestershire ICB - 11M ,ICB sub-locations,Persons,All ages,,,2009/10,1.48468382279464,1.45464891839237,1.51532933775187,,,9063,610433,,,Not compared,Not compared,20090000,New data,,1y
253,COPD: QOF prevalence,E54000008,NHS Cheshire and Merseyside Integrated Care Board - QYG,E38000068,Cheshire and Merseyside ICB - 01F ,ICB sub-locations,Persons,All ages,,,2009/10,2.26593332444117,2.18566102096575,2.34908296975842,,,2888,127453,,,Not compared,Not compared,20090000,New data,,1y
253,COPD: QOF prevalence,E54000025,NHS Hertfordshire and West Essex Integrated Care Board - QM7,E38000079,Hertfordshire and West Essex ICB - 06N ,ICB sub-locations,Persons,All ages,,,2009/10,1.20503248244859,1.17745405424086,1.23324879391407,,,7082,587702,,,Not compared,Not compared,20090000,New data,,1y
253,COPD: QOF prevalence,E54000057,NHS Greater Manchester Integrated Care Board - QOP,E38000080,Greater Manchester ICB - 01D ,ICB sub-locations,Persons,All ages,,,2009/10,2.01228830177112,1.9546803536739,2.07155818747348,,,4464,221837,,,Not compared,Not compared,20090000,New data,,1y
253,COPD: QOF prevalence,E54000051,NHS Humber and North Yorkshire Integrated Care Board - QOQ,E38000085,Humber and North Yorkshire ICB - 03F ,ICB sub-locations,Persons,All ages,,,2009/10,2.05629127623526,2.00520289886172,2.10865327026453,,,5947,289210,,,Not compared,Not compared,20090000,New data,,1y
253,COPD: QOF prevalence,E54000023,NHS Suffolk and North East Essex Integrated Care Board - QJG,E38000086,Suffolk and North East Essex ICB - 06L ,ICB sub-locations,Persons,All ages,,,2009/10,1.41117947375311,1.37425841241694,1.44907788854374,,,5390,381950,,,Not compared,Not compared,20090000,New data,,1y
253,COPD: QOF prevalence,E54000036,NHS Cornwall and the Isles of Scilly Integrated Care Board - QT6,E38000089,Cornwall and The Isles Of Scilly ICB - 11N ,ICB sub-locations,Persons,All ages,,,2009/10,1.74954328825166,1.71518245411094,1.78457998593087,,,9596,548486,,,Not compared,Not compared,20090000,New data,,1y
253,COPD: QOF prevalence,E54000008,NHS Cheshire and Merseyside Integrated Care Board - QYG,E38000091,Cheshire and Merseyside ICB - 01J ,ICB sub-locations,Persons,All ages,,,2009/10,3.27751122117319,3.19178744416655,3.36545729501578,,,5294,161525,,,Not compared,Not compared,20090000,New data,,1y
253,COPD: QOF prevalence,E54000015,"NHS Leicester, Leicestershire and Rutland Integrated Care Board - QK1",E38000097,"Leicester, Leicestershire and Rutland ICB - 04C ",ICB sub-locations,Persons,All ages,,,2009/10,1.18278644611674,1.14800007058731,1.21861391419525,,,4261,360251,,,Not compared,Not compared,20090000,New data,,1y
253,COPD: QOF prevalence,E54000008,NHS Cheshire and Merseyside Integrated Care Board - QYG,E38000101,Cheshire and Merseyside ICB - 99A ,ICB sub-locations,Persons,All ages,,,2009/10,2.5567391165417,2.51269485394476,2.60153481507152,,,12402,485071,,,Not compared,Not compared,20090000,New data,,1y
253,COPD: QOF prevalence,E54000026,NHS Mid and South Essex Integrated Care Board - QH8,E38000106,Mid and South Essex ICB - 06Q ,ICB sub-locations,Persons,All ages,,,2009/10,1.12256228286131,1.08944164805853,1.15667805880778,,,4236,377351,,,Not compared,Not compared,20090000,New data,,1y
253,COPD: QOF prevalence,E54000023,NHS Suffolk and North East Essex Integrated Care Board - QJG,E38000117,Suffolk and North East Essex ICB - 06T ,ICB sub-locations,Persons,All ages,,,2009/10,1.67528629479128,1.6317187057033,1.71999681703069,,,5442,324840,,,Not compared,Not compared,20090000,New data,,1y
253,COPD: QOF prevalence,E54000051,NHS Humber and North Yorkshire Integrated Care Board - QOQ,E38000119,Humber and North Yorkshire ICB - 03H ,ICB sub-locations,Persons,All ages,,,2009/10,2.01115308508725,1.94487497446385,2.07964194024544,,,3354,166770,,,Not compared,Not compared,20090000,New data,,1y
253,COPD: QOF prevalence,E54000051,NHS Humber and North Yorkshire Integrated Care Board - QOQ,E38000122,Humber and North Yorkshire ICB - 03K ,ICB sub-locations,Persons,All ages,,,2009/10,1.78993046355666,1.72795628927844,1.85408544210401,,,3040,169839,,,Not compared,Not compared,20090000,New data,,1y
253,COPD: QOF prevalence,E54000010,NHS Staffordshire and Stoke-on-Trent Integrated Care Board - QNC,E38000126,Staffordshire and Stoke-on-Trent ICB - 05G ,ICB sub-locations,Persons,All ages,,,2009/10,1.89006045536079,1.83279133425367,1.9490835315274,,,3983,210734,,,Not compared,Not compared,20090000,New data,,1y
253,COPD: QOF prevalence,E54000050,NHS North East and North Cumbria Integrated Care Board - QHM,E38000127,North East and North Cumbria ICB - 99C ,ICB sub-locations,Persons,All ages,,,2009/10,2.00525463513886,1.94675716954407,2.06547284471573,,,4297,214287,,,Not compared,Not compared,20090000,New data,,1y
253,COPD: QOF prevalence,E54000050,NHS North East and North Cumbria Integrated Care Board - QHM,E38000130,North East and North Cumbria ICB - 00L,ICB sub-locations,Persons,All ages,,,2009/10,2.27962437865918,2.22858258919221,2.33180731040367,,,7324,321281,,,Not compared,Not compared,20090000,New data,,1y
253,COPD: QOF prevalence,E54000057,NHS Greater Manchester Integrated Care Board - QOP,E38000135,Greater Manchester ICB - 00Y ,ICB sub-locations,Persons,All ages,,,2009/10,1.85855477502701,1.80505337952805,1.91361103713902,,,4421,237873,,,Not compared,Not compared,20090000,New data,,1y
253,COPD: QOF prevalence,E54000044,"NHS Buckinghamshire, Oxfordshire and Berkshire West Integrated Care Board - QU9",E38000136,"Buckinghamshire, Oxfordshire and Berkshire West ICB - 10Q ",ICB sub-locations,Persons,All ages,,,2009/10,1.09725555140002,1.07289691595415,1.12216094267698,,,7540,687169,,,Not compared,Not compared,20090000,New data,,1y
253,COPD: QOF prevalence,E54000042,NHS Hampshire and Isle of Wight Integrated Care Board - QRL,E38000137,Hampshire and Isle Of Wight ICB - 10R ,ICB sub-locations,Persons,All ages,,,2009/10,1.58389362864192,1.5316644474083,1.63787418109213,,,3364,212388,,,Not compared,Not compared,20090000,New data,,1y
253,COPD: QOF prevalence,E54000061,NHS South Yorkshire Integrated Care Board - QF7,E38000141,South Yorkshire ICB - 03L ,ICB sub-locations,Persons,All ages,,,2009/10,2.33525396961903,2.27744386029124,2.39449556077831,,,5974,255818,,,Not compared,Not compared,20090000,New data,,1y
253,COPD: QOF prevalence,E54000057,NHS Greater Manchester Integrated Care Board - QOP,E38000143,Greater Manchester ICB - 01G ,ICB sub-locations,Persons,All ages,,,2009/10,2.77784638690609,2.71323850164786,2.84394774817691,,,6748,242922,,,Not compared,Not compared,20090000,New data,,1y
253,COPD: QOF prevalence,E54000061,NHS South Yorkshire Integrated Care Board - QF7,E38000146,South Yorkshire ICB - 03N ,ICB sub-locations,Persons,All ages,,,2009/10,1.76386073611717,1.72988936339237,1.79848702545483,,,9981,565861,,,Not compared,Not compared,20090000,New data,,1y
253,COPD: QOF prevalence,E54000038,NHS Somerset Integrated Care Board - QSL,E38000150,Somerset ICB - 11X ,ICB sub-locations,Persons,All ages,,,2009/10,1.69612768739836,1.66192938776759,1.73101731417598,,,9105,536811,,,Not compared,Not compared,20090000,New data,,1y
253,COPD: QOF prevalence,E54000010,NHS Staffordshire and Stoke-on-Trent Integrated Care Board - QNC,E38000153,Staffordshire and Stoke-on-Trent ICB - 05Q ,ICB sub-locations,Persons,All ages,,,2009/10,1.46562414712741,1.41497093671379,1.51806272214699,,,3061,208853,,,Not compared,Not compared,20090000,New data,,1y
253,COPD: QOF prevalence,E54000008,NHS Cheshire and Merseyside Integrated Care Board - QYG,E38000161,Cheshire and Merseyside ICB - 01T ,ICB sub-locations,Persons,All ages,,,2009/10,2.74821053438137,2.66839472183038,2.83034433674411,,,4304,156611,,,Not compared,Not compared,20090000,New data,,1y
253,COPD: QOF prevalence,E54000050,NHS North East and North Cumbria Integrated Care Board - QHM,E38000163,North East and North Cumbria ICB - 00N ,ICB sub-locations,Persons,All ages,,,2009/10,3.2608415074858,3.17356269976728,3.35043758549103,,,5053,154960,,,Not compared,Not compared,20090000,New data,,1y
253,COPD: QOF prevalence,E54000026,NHS Mid and South Essex Integrated Care Board - QH8,E38000168,Mid and South Essex ICB - 99G ,ICB sub-locations,Persons,All ages,,,2009/10,1.57994318457467,1.524193080353,1.63769853697639,,,2931,185513,,,Not compared,Not compared,20090000,New data,,1y
253,COPD: QOF prevalence,E54000008,NHS Cheshire and Merseyside Integrated Care Board - QYG,E38000170,Cheshire and Merseyside ICB - 01V ,ICB sub-locations,Persons,All ages,,,2009/10,1.78412572897104,1.71117479566064,1.86012785392261,,,2166,121404,,,Not compared,Not compared,20090000,New data,,1y
253,COPD: QOF prevalence,E54000008,NHS Cheshire and Merseyside Integrated Care Board - QYG,E38000172,Cheshire and Merseyside ICB - 01X ,ICB sub-locations,Persons,All ages,,,2009/10,2.60520833333333,2.53490069393151,2.67741244667151,,,5002,192000,,,Not compared,Not compared,20090000,New data,,1y
253,COPD: QOF prevalence,E54000010,NHS Staffordshire and Stoke-on-Trent Integrated Care Board - QNC,E38000173,Staffordshire and Stoke-on-Trent ICB - 05V ,ICB sub-locations,Persons,All ages,,,2009/10,1.19057360281483,1.13632680672066,1.24737739765792,,,1746,146652,,,Not compared,Not compared,20090000,New data,,1y
253,COPD: QOF prevalence,E54000057,NHS Greater Manchester Integrated Care Board - QOP,E38000174,Greater Manchester ICB - 01W ,ICB sub-locations,Persons,All ages,,,2009/10,1.89832603380176,1.84992498271619,1.94796830674626,,,5652,297736,,,Not compared,Not compared,20090000,New data,,1y
253,COPD: QOF prevalence,E54000010,NHS Staffordshire and Stoke-on-Trent Integrated Care Board - QNC,E38000175,Staffordshire and Stoke-on-Trent ICB - 05W ,ICB sub-locations,Persons,All ages,,,2009/10,2.00845628244697,1.95717179169256,2.06105634961704,,,5629,280265,,,Not compared,Not compared,20090000,New data,,1y
253,COPD: QOF prevalence,E54000050,NHS North East and North Cumbria Integrated Care Board - QHM,E38000176,North East and North Cumbria ICB - 00P ,ICB sub-locations,Persons,All ages,,,2009/10,2.88770730027306,2.82681117499735,2.94987544700817,,,8217,284551,,,Not compared,Not compared,20090000,New data,,1y
253,COPD: QOF prevalence,E54000026,NHS Mid and South Essex Integrated Care Board - QH8,E38000185,Mid and South Essex ICB - 07G ,ICB sub-locations,Persons,All ages,,,2009/10,1.50274600695319,1.44406594483302,1.56377271714178,,,2386,158776,,,Not compared,Not compared,20090000,New data,,1y
253,COPD: QOF prevalence,E54000057,NHS Greater Manchester Integrated Care Board - QOP,E38000187,Greater Manchester ICB - 02A ,ICB sub-locations,Persons,All ages,,,2009/10,1.533259437848,1.48404272492038,1.58408212598814,,,3555,231859,,,Not compared,Not compared,20090000,New data,,1y
253,COPD: QOF prevalence,E54000051,NHS Humber and North Yorkshire Integrated Care Board - QOQ,E38000188,Humber and North Yorkshire ICB - 03Q ,ICB sub-locations,Persons,All ages,,,2009/10,1.46366993975223,1.42363087076667,1.50481790187591,,,4922,336278,,,Not compared,Not compared,20090000,New data,,1y
253,COPD: QOF prevalence,E54000054,NHS West Yorkshire Integrated Care Board - QWO,E38000190,West Yorkshire ICB - 03R ,ICB sub-locations,Persons,All ages,,,2009/10,2.50960628484772,2.45836394207576,2.5618886741072,,,8804,350812,,,Not compared,Not compared,20090000,New data,,1y
253,COPD: QOF prevalence,E54000008,NHS Cheshire and Merseyside Integrated Care Board - QYG,E38000194,Cheshire and Merseyside ICB - 02E ,ICB sub-locations,Persons,All ages,,,2009/10,1.64125478381239,1.58601483520366,1.69838550370103,,,3225,196496,,,Not compared,Not compared,20090000,New data,,1y
253,COPD: QOF prevalence,E54000025,NHS Hertfordshire and West Essex Integrated Care Board - QM7,E38000197,Hertfordshire and West Essex ICB - 07H ,ICB sub-locations,Persons,All ages,,,2009/10,1.4508533916849,1.40764989304957,1.49536277768457,,,4144,285625,,,Not compared,Not compared,20090000,New data,,1y
253,COPD: QOF prevalence,E54000048,NHS Lancashire and South Cumbria Integrated Care Board - QE1,E38000200,Lancashire and South Cumbria ICB - 02G ,ICB sub-locations,Persons,All ages,,,2009/10,1.9411144659032,1.86192924266375,2.02359788460845,,,2173,111946,,,Not compared,Not compared,20090000,New data,,1y
253,COPD: QOF prevalence,E54000015,"NHS Leicester, Leicestershire and Rutland Integrated Care Board - QK1",E38000201,"Leicester, Leicestershire and Rutland ICB - 04V ",ICB sub-locations,Persons,All ages,,,2009/10,1.42337927178239,1.38545080391334,1.46233068214275,,,5193,364836,,,Not compared,Not compared,20090000,New data,,1y
253,COPD: QOF prevalence,E54000023,NHS Suffolk and North East Essex Integrated Care Board - QJG,E38000204,Suffolk and North East Essex ICB - 07K ,ICB sub-locations,Persons,All ages,,,2009/10,1.60763691979859,1.55733633075049,1.65953478507561,,,3742,232764,,,Not compared,Not compared,20090000,New data,,1y
253,COPD: QOF prevalence,E54000057,NHS Greater Manchester Integrated Care Board - QOP,E38000205,Greater Manchester ICB - 02H ,ICB sub-locations,Persons,All ages,,,2009/10,1.9245952178054,1.87750803354219,1.97283958704731,,,6143,319184,,,Not compared,Not compared,20090000,New data,,1y
253,COPD: QOF prevalence,E54000008,NHS Cheshire and Merseyside Integrated Care Board - QYG,E38000208,Cheshire and Merseyside ICB - 12F ,ICB sub-locations,Persons,All ages,,,2009/10,2.17761901606559,2.12852401891964,2.22782062667815,,,7230,332014,,,Not compared,Not compared,20090000,New data,,1y
253,COPD: QOF prevalence,E54000050,NHS North East and North Cumbria Integrated Care Board - QHM,E38000212,North East and North Cumbria ICB - 13T ,ICB sub-locations,Persons,All ages,,,2009/10,2.17363555884957,2.13300389742197,2.21502369632994,,,10558,485730,Aggregated from values for merged CCGs,,Not compared,Not compared,20090000,New data,,1y
253,COPD: QOF prevalence,E54000050,NHS North East and North Cumbria Integrated Care Board - QHM,E38000215,North East and North Cumbria ICB - 01H ,ICB sub-locations,Persons,All ages,,,2009/10,1.99119298332454,1.95376372934783,2.02932444745666,,,10459,525263,Value for Cumbria CCG (pre April 2017 boundaries),,Not compared,Not compared,20090000,New data,,1y
253,COPD: QOF prevalence,E54000057,NHS Greater Manchester Integrated Care Board - QOP,E38000217,Greater Manchester ICB - 14L ,ICB sub-locations,Persons,All ages,,,2009/10,1.87874488843921,,,,,10250,545577,Aggregated from values for merged CCGs,,Not compared,Not compared,20090000,New data,,1y
253,COPD: QOF prevalence,E54000037,NHS Devon Integrated Care Board - QJK,E38000230,Devon ICB - 15N ,ICB sub-locations,Persons,All ages,,,2009/10,1.64815724565561,1.62532865281398,1.67130103065913,1.61230601528502,1.68479201279369,19425,1178589,Aggregated from values for merged local authorities,,Higher 99.8,Not compared,20090000,New data,,1y
253,COPD: QOF prevalence,E54000040,"NHS Bath and North East Somerset, Swindon and Wiltshire Integrated Care Board - QOX",E38000231,"Bath and North East Somerset, Swindon and Wiltshire ICB - 92G ",ICB sub-locations,Persons,All ages,,,2009/10,1.40474933071793,1.38030051102783,1.42962492679948,1.36639339282129,1.44416619103673,12289,874818,Aggregated from values for merged CCGs,,Lower 99.8,Not compared,20090000,New data,,1y
253,COPD: QOF prevalence,E54000054,NHS West Yorkshire Integrated Care Board - QWO,E38000232,West Yorkshire ICB - 36J ,ICB sub-locations,Persons,All ages,,,2009/10,1.88146030725674,1.84695541375413,1.91659723524889,1.82734143202542,1.93715035044993,11005,584918,Aggregated from values for merged CCGs,,Higher 99.8,Not compared,20090000,New data,,1y
253,COPD: QOF prevalence,E54000008,NHS Cheshire and Merseyside Integrated Care Board - QYG,E38000233,Cheshire and Merseyside ICB - 27D ,ICB sub-locations,Persons,All ages,,,2009/10,1.62037704848218,1.59162665529757,1.64963806952284,1.57527661544074,1.6667468484319,11795,727917,Aggregated from values for merged CCGs,,Higher 99.8,Not compared,20090000,New data,,1y
253,COPD: QOF prevalence,E54000050,NHS North East and North Cumbria Integrated Care Board - QHM,E38000234,North East and North Cumbria ICB - 84H ,ICB sub-locations,Persons,All ages,,,2009/10,2.53991209947034,2.49799191311482,2.58251713860329,2.47412590389673,2.60740076180004,13523,532420,Aggregated from values for merged CCGs,,Higher 99.8,Not compared,20090000,New data,,1y
253,COPD: QOF prevalence,E54000053,NHS Sussex Integrated Care Board - QNX,E38000235,Sussex ICB - 97R ,ICB sub-locations,Persons,All ages,,,2009/10,1.72318530936437,1.68850825154605,1.75856179430455,1.66882492156785,1.77928439401866,9138,530297,Aggregated from values for merged CCGs,,Higher 99.8,Not compared,20090000,New data,,1y
253,COPD: QOF prevalence,E54000019,NHS Herefordshire and Worcestershire Integrated Care Board - QGH,E38000236,Herefordshire and Worcestershire ICB - 18C ,ICB sub-locations,Persons,All ages,,,2009/10,1.48517473111162,1.45814203038669,1.51270090161047,1.44277474770944,1.52880142859159,11218,755332,Aggregated from values for merged CCGs,,Lower 99.8,Not compared,20090000,New data,,1y
253,COPD: QOF prevalence,E54000032,NHS Kent and Medway Integrated Care Board - QKS,E38000237,Kent and Medway ICB - 91Q ,ICB sub-locations,Persons,All ages,,,2009/10,1.55876880202815,1.54053492575597,1.57721503853806,1.53011571739793,1.58794979419622,27318,1752537,Aggregated from values for merged CCGs,,Similar,Not compared,20090000,New data,,1y
253,COPD: QOF prevalence,E54000013,NHS Lincolnshire Integrated Care Board - QJM,E38000238,Lincolnshire ICB - 71E ,ICB sub-locations,Persons,All ages,,,2009/10,1.88933528613466,1.85865076049464,1.92051647055863,1.84117930336406,1.93872591038814,14061,744230,Aggregated from values for merged CCGs,,Higher 99.8,Not compared,20090000,New data,,1y
253,COPD: QOF prevalence,E54000028,NHS North Central London Integrated Care Board - QMJ,E38000240,North Central London ICB - 93C ,ICB sub-locations,Persons,All ages,,,2009/10,0.973017123357352,0.956753009817068,0.989554952805834,0.947497002251423,0.999217675809461,13390,1376132,Aggregated from values for merged CCGs,,Lower 99.8,Not compared,20090000,New data,,1y
253,COPD: QOF prevalence,E54000051,NHS Humber and North Yorkshire Integrated Care Board - QOQ,E38000241,Humber and North Yorkshire ICB - 42D ,ICB sub-locations,Persons,All ages,,,2009/10,1.51680650223467,1.48025422658305,1.55424713274759,1.45957332712257,1.57624802094218,6360,419302,Aggregated from values for merged CCGs,,Similar,Not compared,20090000,New data,,1y
253,COPD: QOF prevalence,E54000060,NHS Nottingham and Nottinghamshire Integrated Care Board - QT1,E38000243,Nottingham and Nottinghamshire ICB - 52R ,ICB sub-locations,Persons,All ages,,,2009/10,1.66038059574196,1.63555148267599,1.68558017756651,1.62140000137576,1.70028213828416,16645,1002481,Aggregated from values for merged CCGs,,Higher 99.8,Not compared,20090000,New data,,1y
253,COPD: QOF prevalence,E54000030,NHS South East London Integrated Care Board - QKK,E38000244,South East London ICB - 72Q ,ICB sub-locations,Persons,All ages,,,2009/10,1.14794657750034,1.13253582264103,1.16356456319567,1.12374221565962,1.17266609572396,20791,1811147,Aggregated from values for merged CCGs,,Lower 99.8,Not compared,20090000,New data,,1y
253,COPD: QOF prevalence,E54000031,NHS South West London Integrated Care Board - QWE,E38000245,South West London ICB - 36L ,ICB sub-locations,Persons,All ages,,,2009/10,0.938679739932886,0.923501926669518,0.954104599346315,0.914860401568577,0.963113211446927,14322,1525760,Aggregated from values for merged CCGs,,Lower 99.8,Not compared,20090000,New data,,1y
253,COPD: QOF prevalence,E54000052,NHS Surrey Heartlands Integrated Care Board - QXU,E38000246,Surrey Heartlands  ICB - 92A ,ICB sub-locations,Persons,All ages,,,2009/10,1.14045418944548,1.1200706517563,1.1612043194425,1.10848074557387,1.17333894513432,11678,1023978,Aggregated from values for merged CCGs,,Lower 99.8,Not compared,20090000,New data,,1y
253,COPD: QOF prevalence,E54000050,NHS North East and North Cumbria Integrated Care Board - QHM,E38000247,North East and North Cumbria ICB - 16C ,ICB sub-locations,Persons,All ages,,,2009/10,2.33967769746004,2.30398055905079,2.37591446531429,2.28363798796694,2.39705886798262,15876,678555,Aggregated from values for merged CCGs,,Higher 99.8,Not compared,20090000,New data,,1y
253,COPD: QOF prevalence,E54000053,NHS Sussex Integrated Care Board - QNX,E38000248,Sussex ICB - 70F ,ICB sub-locations,Persons,All ages,,,2009/10,1.46744230142794,1.44168485464925,1.49365296204593,1.42703496143228,1.50897628416939,12073,822724,Aggregated from values for merged CCGs,,Lower 99.8,Not compared,20090000,New data,,1y
253,COPD: QOF prevalence,,,E92000001,England,England,Persons,All ages,,,2010/11,1.62949939697815,1.62616190904529,1.63284362098046,,,898989,55169643,,,Not compared,Not compared,20100000,New data,,1y
253,COPD: QOF prevalence,E54000061,NHS South Yorkshire Integrated Care Board - QF7,E38000006,South Yorkshire ICB - 02P ,ICB sub-locations,Persons,All ages,,,2010/11,2.87751609485779,2.81211042824058,2.94439691629595,,,7062,245420,,,Not compared,Not compared,20100000,New data,,1y
253,COPD: QOF prevalence,E54000026,NHS Mid and South Essex Integrated Care Board - QH8,E38000007,Mid and South Essex ICB - 99E ,ICB sub-locations,Persons,All ages,,,2010/11,1.6928501260309,1.64421479814131,1.74289857798484,,,4446,262634,,,Not compared,Not compared,20100000,New data,,1y
253,COPD: QOF prevalence,E54000060,NHS Nottingham and Nottinghamshire Integrated Care Board - QT1,E38000008,Nottingham and Nottinghamshire ICB - 02Q ,ICB sub-locations,Persons,All ages,,,2010/11,2.22538305035919,2.14027646310851,2.31379382509725,,,2472,111082,,,Not compared,Not compared,20100000,New data,,1y
253,COPD: QOF prevalence,E54000048,NHS Lancashire and South Cumbria Integrated Care Board - QE1,E38000014,Lancashire and South Cumbria ICB - 00Q ,ICB sub-locations,Persons,All ages,,,2010/11,2.0710464956796,2.0039745422821,2.14031428174282,,,3473,167693,,,Not compared,Not compared,20100000,New data,,1y
253,COPD: QOF prevalence,E54000048,NHS Lancashire and South Cumbria Integrated Care Board - QE1,E38000015,Lancashire and South Cumbria ICB - 00R ,ICB sub-locations,Persons,All ages,,,2010/11,2.84400595024607,2.76606504905783,2.92407698917042,,,4837,170077,,,Not compared,Not compared,20100000,New data,,1y
253,COPD: QOF prevalence,E54000057,NHS Greater Manchester Integrated Care Board - QOP,E38000016,Greater Manchester ICB - 00T ,ICB sub-locations,Persons,All ages,,,2010/11,2.05587070970902,2.00520331737749,2.10779082614384,,,6045,294036,,,Not compared,Not compared,20100000,New data,,1y
253,COPD: QOF prevalence,E54000053,NHS Sussex Integrated Care Board - QNX,E38000021,Sussex ICB - 09D ,ICB sub-locations,Persons,All ages,,,2010/11,1.12611787433177,1.08899406803515,1.16449233164131,,,3381,300235,,,Not compared,Not compared,20100000,New data,,1y
253,COPD: QOF prevalence,E54000057,NHS Greater Manchester Integrated Care Board - QOP,E38000024,Greater Manchester ICB - 00V ,ICB sub-locations,Persons,All ages,,,2010/11,1.82987752747649,1.77120758886939,1.89045346281795,,,3553,194166,,,Not compared,Not compared,20100000,New data,,1y
253,COPD: QOF prevalence,E54000054,NHS West Yorkshire Integrated Care Board - QWO,E38000025,West Yorkshire ICB - 02T ,ICB sub-locations,Persons,All ages,,,2010/11,1.72906854926241,1.67443692887009,1.7854502610533,,,3664,211906,,,Not compared,Not compared,20100000,New data,,1y
253,COPD: QOF prevalence,E54000010,NHS Staffordshire and Stoke-on-Trent Integrated Care Board - QNC,E38000028,Staffordshire and Stoke-on-Trent ICB - 04Y ,ICB sub-locations,Persons,All ages,,,2010/11,1.99849313921719,1.92421521151524,2.07557763959124,,,2626,131399,,,Not compared,Not compared,20100000,New data,,1y
253,COPD: QOF prevalence,E54000026,NHS Mid and South Essex Integrated Care Board - QH8,E38000030,Mid and South Essex ICB - 99F ,ICB sub-locations,Persons,All ages,,,2010/11,1.80447047384309,1.74347741726495,1.86755672885135,,,3192,176894,,,Not compared,Not compared,20100000,New data,,1y
253,COPD: QOF prevalence,E54000048,NHS Lancashire and South Cumbria Integrated Care Board - QE1,E38000034,Lancashire and South Cumbria ICB - 00X ,ICB sub-locations,Persons,All ages,,,2010/11,1.94946603097543,1.88522986561781,2.01584597052652,,,3357,172201,,,Not compared,Not compared,20100000,New data,,1y
253,COPD: QOF prevalence,E54000061,NHS South Yorkshire Integrated Care Board - QF7,E38000044,South Yorkshire ICB - 02X ,ICB sub-locations,Persons,All ages,,,2010/11,2.4979429467369,2.44347808875162,2.5535900429601,,,7711,308694,,,Not compared,Not compared,20100000,New data,,1y
253,COPD: QOF prevalence,E54000041,NHS Dorset Integrated Care Board - QVV,E38000045,Dorset ICB - 11J ,ICB sub-locations,Persons,All ages,,,2010/11,1.60572530627796,1.57777817719442,1.63415924266889,,,12264,763767,,,Not compared,Not compared,20100000,New data,,1y
253,COPD: QOF prevalence,E54000025,NHS Hertfordshire and West Essex Integrated Care Board - QM7,E38000049,Hertfordshire and West Essex ICB - 06K ,ICB sub-locations,Persons,All ages,,,2010/11,1.37339838747755,1.34322446440007,1.40424048364117,,,7679,559124,,,Not compared,Not compared,20100000,New data,,1y
253,COPD: QOF prevalence,E54000048,NHS Lancashire and South Cumbria Integrated Care Board - QE1,E38000050,Lancashire and South Cumbria ICB - 01A ,ICB sub-locations,Persons,All ages,,,2010/11,2.19215060831708,2.14553734751573,2.23975339455639,,,8137,371188,,,Not compared,Not compared,20100000,New data,,1y
253,COPD: QOF prevalence,E54000015,"NHS Leicester, Leicestershire and Rutland Integrated Care Board - QK1",E38000051,"Leicester, Leicestershire and Rutland ICB - 03W ",ICB sub-locations,Persons,All ages,,,2010/11,1.42098294756656,1.38014054657424,1.46301606467503,,,4454,313445,,,Not compared,Not compared,20100000,New data,,1y
253,COPD: QOF prevalence,E54000051,NHS Humber and North Yorkshire Integrated Care Board - QOQ,E38000052,Humber and North Yorkshire ICB - 02Y ,ICB sub-locations,Persons,All ages,,,2010/11,1.91531821467955,1.8668964857515,1.96497071104096,,,5749,300159,,,Not compared,Not compared,20100000,New data,,1y
253,COPD: QOF prevalence,E54000010,NHS Staffordshire and Stoke-on-Trent Integrated Care Board - QNC,E38000053,Staffordshire and Stoke-on-Trent ICB - 05D ,ICB sub-locations,Persons,All ages,,,2010/11,1.52885621973354,1.46424802076479,1.59626899647421,,,2030,132779,,,Not compared,Not compared,20100000,New data,,1y
253,COPD: QOF prevalence,E54000043,NHS Gloucestershire Integrated Care Board - QR1,E38000062,Gloucestershire ICB - 11M ,ICB sub-locations,Persons,All ages,,,2010/11,1.54661296981347,1.51602040555322,1.57781298687574,,,9478,612823,,,Not compared,Not compared,20100000,New data,,1y
253,COPD: QOF prevalence,E54000008,NHS Cheshire and Merseyside Integrated Care Board - QYG,E38000068,Cheshire and Merseyside ICB - 01F ,ICB sub-locations,Persons,All ages,,,2010/11,2.38409974422552,2.30189653245987,2.46916432972881,,,3048,127847,,,Not compared,Not compared,20100000,New data,,1y
253,COPD: QOF prevalence,E54000025,NHS Hertfordshire and West Essex Integrated Care Board - QM7,E38000079,Hertfordshire and West Essex ICB - 06N ,ICB sub-locations,Persons,All ages,,,2010/11,1.25632317666896,1.22820681355985,1.28507481116865,,,7406,589498,,,Not compared,Not compared,20100000,New data,,1y
253,COPD: QOF prevalence,E54000057,NHS Greater Manchester Integrated Care Board - QOP,E38000080,Greater Manchester ICB - 01D ,ICB sub-locations,Persons,All ages,,,2010/11,2.14684953646546,2.08747855375169,2.20787104095742,,,4782,222745,,,Not compared,Not compared,20100000,New data,,1y
253,COPD: QOF prevalence,E54000051,NHS Humber and North Yorkshire Integrated Care Board - QOQ,E38000085,Humber and North Yorkshire ICB - 03F ,ICB sub-locations,Persons,All ages,,,2010/11,2.25712571153052,2.20353895177614,2.31198481337272,,,6507,288287,,,Not compared,Not compared,20100000,New data,,1y
253,COPD: QOF prevalence,E54000023,NHS Suffolk and North East Essex Integrated Care Board - QJG,E38000086,Suffolk and North East Essex ICB - 06L ,ICB sub-locations,Persons,All ages,,,2010/11,1.48757141255401,1.44974167109505,1.5263729990451,,,5705,383511,,,Not compared,Not compared,20100000,New data,,1y
253,COPD: QOF prevalence,E54000036,NHS Cornwall and the Isles of Scilly Integrated Care Board - QT6,E38000089,Cornwall and The Isles Of Scilly ICB - 11N ,ICB sub-locations,Persons,All ages,,,2010/11,1.81541912376542,1.78055866556187,1.85094923139198,,,10036,552820,,,Not compared,Not compared,20100000,New data,,1y
253,COPD: QOF prevalence,E54000008,NHS Cheshire and Merseyside Integrated Care Board - QYG,E38000091,Cheshire and Merseyside ICB - 01J ,ICB sub-locations,Persons,All ages,,,2010/11,3.30049383328784,3.21438727323681,3.388826240854,,,5320,161188,,,Not compared,Not compared,20100000,New data,,1y
253,COPD: QOF prevalence,E54000015,"NHS Leicester, Leicestershire and Rutland Integrated Care Board - QK1",E38000097,"Leicester, Leicestershire and Rutland ICB - 04C ",ICB sub-locations,Persons,All ages,,,2010/11,1.21703743154847,1.18203004504015,1.25306846111587,,,4456,366135,,,Not compared,Not compared,20100000,New data,,1y
253,COPD: QOF prevalence,E54000008,NHS Cheshire and Merseyside Integrated Care Board - QYG,E38000101,Cheshire and Merseyside ICB - 99A ,ICB sub-locations,Persons,All ages,,,2010/11,2.71524393973374,2.67012881181703,2.76109971892024,,,13318,490490,,,Not compared,Not compared,20100000,New data,,1y
253,COPD: QOF prevalence,E54000026,NHS Mid and South Essex Integrated Care Board - QH8,E38000106,Mid and South Essex ICB - 06Q ,ICB sub-locations,Persons,All ages,,,2010/11,1.2243354311541,1.18965592221311,1.26001298675096,,,4597,375469,,,Not compared,Not compared,20100000,New data,,1y
253,COPD: QOF prevalence,E54000023,NHS Suffolk and North East Essex Integrated Care Board - QJG,E38000117,Suffolk and North East Essex ICB - 06T ,ICB sub-locations,Persons,All ages,,,2010/11,1.85605686642314,1.81016015250304,1.90309473928758,,,6016,324128,,,Not compared,Not compared,20100000,New data,,1y
253,COPD: QOF prevalence,E54000051,NHS Humber and North Yorkshire Integrated Care Board - QOQ,E38000119,Humber and North Yorkshire ICB - 03H ,ICB sub-locations,Persons,All ages,,,2010/11,2.09505019579065,2.0273046714059,2.16500951562534,,,3483,166249,,,Not compared,Not compared,20100000,New data,,1y
253,COPD: QOF prevalence,E54000051,NHS Humber and North Yorkshire Integrated Care Board - QOQ,E38000122,Humber and North Yorkshire ICB - 03K ,ICB sub-locations,Persons,All ages,,,2010/11,1.82911565923259,1.7660914312402,1.8943455805726,,,3069,167786,,,Not compared,Not compared,20100000,New data,,1y
253,COPD: QOF prevalence,E54000010,NHS Staffordshire and Stoke-on-Trent Integrated Care Board - QNC,E38000126,Staffordshire and Stoke-on-Trent ICB - 05G ,ICB sub-locations,Persons,All ages,,,2010/11,1.93491138451208,1.87666219417463,1.99493179730284,,,4034,208485,,,Not compared,Not compared,20100000,New data,,1y
253,COPD: QOF prevalence,E54000050,NHS North East and North Cumbria Integrated Care Board - QHM,E38000127,North East and North Cumbria ICB - 99C ,ICB sub-locations,Persons,All ages,,,2010/11,2.07822712418301,2.01883582207342,2.1393274859561,,,4477,215424,,,Not compared,Not compared,20100000,New data,,1y
253,COPD: QOF prevalence,E54000050,NHS North East and North Cumbria Integrated Care Board - QHM,E38000130,North East and North Cumbria ICB - 00L,ICB sub-locations,Persons,All ages,,,2010/11,2.32199490081463,2.2705133752201,2.37461535374993,,,7468,321620,,,Not compared,Not compared,20100000,New data,,1y
253,COPD: QOF prevalence,E54000057,NHS Greater Manchester Integrated Care Board - QOP,E38000135,Greater Manchester ICB - 00Y ,ICB sub-locations,Persons,All ages,,,2010/11,2.01026912477908,1.95474106602338,2.06734130148013,,,4800,238774,,,Not compared,Not compared,20100000,New data,,1y
253,COPD: QOF prevalence,E54000044,"NHS Buckinghamshire, Oxfordshire and Berkshire West Integrated Care Board - QU9",E38000136,"Buckinghamshire, Oxfordshire and Berkshire West ICB - 10Q ",ICB sub-locations,Persons,All ages,,,2010/11,1.15129006751059,1.12628519408718,1.17684347139581,,,7877,684189,,,Not compared,Not compared,20100000,New data,,1y
253,COPD: QOF prevalence,E54000042,NHS Hampshire and Isle of Wight Integrated Care Board - QRL,E38000137,Hampshire and Isle Of Wight ICB - 10R ,ICB sub-locations,Persons,All ages,,,2010/11,1.62974162519653,1.57715304182316,1.68405371873187,,,3514,215617,,,Not compared,Not compared,20100000,New data,,1y
253,COPD: QOF prevalence,E54000061,NHS South Yorkshire Integrated Care Board - QF7,E38000141,South Yorkshire ICB - 03L ,ICB sub-locations,Persons,All ages,,,2010/11,2.41980954767573,2.36092553223457,2.48012488902462,,,6180,255392,,,Not compared,Not compared,20100000,New data,,1y
253,COPD: QOF prevalence,E54000057,NHS Greater Manchester Integrated Care Board - QOP,E38000143,Greater Manchester ICB - 01G ,ICB sub-locations,Persons,All ages,,,2010/11,2.65893090596097,2.59613006616877,2.72320843641042,,,6549,246302,,,Not compared,Not compared,20100000,New data,,1y
253,COPD: QOF prevalence,E54000061,NHS South Yorkshire Integrated Care Board - QF7,E38000146,South Yorkshire ICB - 03N ,ICB sub-locations,Persons,All ages,,,2010/11,1.81359279350317,1.77921868728507,1.84861850068668,,,10304,568154,,,Not compared,Not compared,20100000,New data,,1y
253,COPD: QOF prevalence,E54000038,NHS Somerset Integrated Care Board - QSL,E38000150,Somerset ICB - 11X ,ICB sub-locations,Persons,All ages,,,2010/11,1.76001335732705,1.72525262328113,1.79546166201491,,,9487,539030,,,Not compared,Not compared,20100000,New data,,1y
253,COPD: QOF prevalence,E54000010,NHS Staffordshire and Stoke-on-Trent Integrated Care Board - QNC,E38000153,Staffordshire and Stoke-on-Trent ICB - 05Q ,ICB sub-locations,Persons,All ages,,,2010/11,1.53798508707149,1.48621877147138,1.59152534008878,,,3228,209885,,,Not compared,Not compared,20100000,New data,,1y
253,COPD: QOF prevalence,E54000008,NHS Cheshire and Merseyside Integrated Care Board - QYG,E38000161,Cheshire and Merseyside ICB - 01T ,ICB sub-locations,Persons,All ages,,,2010/11,2.76250176261713,2.6823315901862,2.84499803122249,,,4310,156018,,,Not compared,Not compared,20100000,New data,,1y
253,COPD: QOF prevalence,E54000050,NHS North East and North Cumbria Integrated Care Board - QHM,E38000163,North East and North Cumbria ICB - 00N ,ICB sub-locations,Persons,All ages,,,2010/11,3.28397366033845,3.19590499750602,3.37438461076069,,,5032,153229,,,Not compared,Not compared,20100000,New data,,1y
253,COPD: QOF prevalence,E54000026,NHS Mid and South Essex Integrated Care Board - QH8,E38000168,Mid and South Essex ICB - 99G ,ICB sub-locations,Persons,All ages,,,2010/11,1.66423357664234,1.60692741575484,1.72354758829755,,,3078,184950,,,Not compared,Not compared,20100000,New data,,1y
253,COPD: QOF prevalence,E54000008,NHS Cheshire and Merseyside Integrated Care Board - QYG,E38000170,Cheshire and Merseyside ICB - 01V ,ICB sub-locations,Persons,All ages,,,2010/11,1.82840838280148,1.75472116430802,1.90512999434989,,,2230,121964,,,Not compared,Not compared,20100000,New data,,1y
253,COPD: QOF prevalence,E54000008,NHS Cheshire and Merseyside Integrated Care Board - QYG,E38000172,Cheshire and Merseyside ICB - 01X ,ICB sub-locations,Persons,All ages,,,2010/11,2.80154833346323,2.72876242733626,2.87621829424655,,,5392,192465,,,Not compared,Not compared,20100000,New data,,1y
253,COPD: QOF prevalence,E54000010,NHS Staffordshire and Stoke-on-Trent Integrated Care Board - QNC,E38000173,Staffordshire and Stoke-on-Trent ICB - 05V ,ICB sub-locations,Persons,All ages,,,2010/11,1.2423002903989,1.18656148486235,1.30062296648666,,,1801,144973,,,Not compared,Not compared,20100000,New data,,1y
253,COPD: QOF prevalence,E54000057,NHS Greater Manchester Integrated Care Board - QOP,E38000174,Greater Manchester ICB - 01W ,ICB sub-locations,Persons,All ages,,,2010/11,1.95948891646266,1.91035625226883,2.00985933690356,,,5843,298190,,,Not compared,Not compared,20100000,New data,,1y
253,COPD: QOF prevalence,E54000010,NHS Staffordshire and Stoke-on-Trent Integrated Care Board - QNC,E38000175,Staffordshire and Stoke-on-Trent ICB - 05W ,ICB sub-locations,Persons,All ages,,,2010/11,2.13674282060226,2.08338336094973,2.19143833249641,,,5881,275232,,,Not compared,Not compared,20100000,New data,,1y
253,COPD: QOF prevalence,E54000050,NHS North East and North Cumbria Integrated Care Board - QHM,E38000176,North East and North Cumbria ICB - 00P ,ICB sub-locations,Persons,All ages,,,2010/11,2.95107065854806,2.8895469170679,3.0138636981246,,,8404,284778,,,Not compared,Not compared,20100000,New data,,1y
253,COPD: QOF prevalence,E54000026,NHS Mid and South Essex Integrated Care Board - QH8,E38000185,Mid and South Essex ICB - 07G ,ICB sub-locations,Persons,All ages,,,2010/11,1.61104503079481,1.55061371730181,1.67379146309132,,,2587,160579,,,Not compared,Not compared,20100000,New data,,1y
253,COPD: QOF prevalence,E54000057,NHS Greater Manchester Integrated Care Board - QOP,E38000187,Greater Manchester ICB - 02A ,ICB sub-locations,Persons,All ages,,,2010/11,1.61211949206841,1.56172612033458,1.66411145490638,,,3749,232551,,,Not compared,Not compared,20100000,New data,,1y
253,COPD: QOF prevalence,E54000051,NHS Humber and North Yorkshire Integrated Care Board - QOQ,E38000188,Humber and North Yorkshire ICB - 03Q ,ICB sub-locations,Persons,All ages,,,2010/11,1.50596899545023,1.4655123705156,1.54752491703893,,,5104,338918,,,Not compared,Not compared,20100000,New data,,1y
253,COPD: QOF prevalence,E54000054,NHS West Yorkshire Integrated Care Board - QWO,E38000190,West Yorkshire ICB - 03R ,ICB sub-locations,Persons,All ages,,,2010/11,2.55750403075602,2.50584500576171,2.61019951541779,,,8994,351671,,,Not compared,Not compared,20100000,New data,,1y
253,COPD: QOF prevalence,E54000008,NHS Cheshire and Merseyside Integrated Care Board - QYG,E38000194,Cheshire and Merseyside ICB - 02E ,ICB sub-locations,Persons,All ages,,,2010/11,1.74541184878883,1.6883583490801,1.80435793218851,,,3419,195885,,,Not compared,Not compared,20100000,New data,,1y
253,COPD: QOF prevalence,E54000025,NHS Hertfordshire and West Essex Integrated Care Board - QM7,E38000197,Hertfordshire and West Essex ICB - 07H ,ICB sub-locations,Persons,All ages,,,2010/11,1.50820425514137,1.46427616717195,1.55342940395904,,,4332,287229,,,Not compared,Not compared,20100000,New data,,1y
253,COPD: QOF prevalence,E54000048,NHS Lancashire and South Cumbria Integrated Care Board - QE1,E38000200,Lancashire and South Cumbria ICB - 02G ,ICB sub-locations,Persons,All ages,,,2010/11,2.04160246533128,1.96027796862102,2.12622763695343,,,2279,111628,,,Not compared,Not compared,20100000,New data,,1y
253,COPD: QOF prevalence,E54000015,"NHS Leicester, Leicestershire and Rutland Integrated Care Board - QK1",E38000201,"Leicester, Leicestershire and Rutland ICB - 04V ",ICB sub-locations,Persons,All ages,,,2010/11,1.50905020052325,1.4700487820035,1.54907008593893,,,5520,365793,,,Not compared,Not compared,20100000,New data,,1y
253,COPD: QOF prevalence,E54000023,NHS Suffolk and North East Essex Integrated Care Board - QJG,E38000204,Suffolk and North East Essex ICB - 07K ,ICB sub-locations,Persons,All ages,,,2010/11,1.73705751172706,1.6849175268846,1.79078158590475,,,4066,234074,,,Not compared,Not compared,20100000,New data,,1y
253,COPD: QOF prevalence,E54000057,NHS Greater Manchester Integrated Care Board - QOP,E38000205,Greater Manchester ICB - 02H ,ICB sub-locations,Persons,All ages,,,2010/11,2.018005860339,1.96986749426044,2.06729579329461,,,6460,320118,,,Not compared,Not compared,20100000,New data,,1y
253,COPD: QOF prevalence,E54000008,NHS Cheshire and Merseyside Integrated Care Board - QYG,E38000208,Cheshire and Merseyside ICB - 12F ,ICB sub-locations,Persons,All ages,,,2010/11,2.22416691476533,2.17459357159142,2.27484408211863,,,7396,332529,,,Not compared,Not compared,20100000,New data,,1y
253,COPD: QOF prevalence,E54000050,NHS North East and North Cumbria Integrated Care Board - QHM,E38000212,North East and North Cumbria ICB - 13T ,ICB sub-locations,Persons,All ages,,,2010/11,2.22296305083221,2.18201271960864,2.26466411354565,,,10869,488942,Aggregated from values for merged CCGs,,Not compared,Not compared,20100000,New data,,1y
253,COPD: QOF prevalence,E54000050,NHS North East and North Cumbria Integrated Care Board - QHM,E38000215,North East and North Cumbria ICB - 01H ,ICB sub-locations,Persons,All ages,,,2010/11,2.06753163823233,2.02943253045976,2.10633061376622,,,10879,526183,Value for Cumbria CCG (pre April 2017 boundaries),,Not compared,Not compared,20100000,New data,,1y
253,COPD: QOF prevalence,E54000057,NHS Greater Manchester Integrated Care Board - QOP,E38000217,Greater Manchester ICB - 14L ,ICB sub-locations,Persons,All ages,,,2010/11,1.87233045578244,,,,,10389,554870,Aggregated from values for merged CCGs,,Not compared,Not compared,20100000,New data,,1y
253,COPD: QOF prevalence,E54000037,NHS Devon Integrated Care Board - QJK,E38000230,Devon ICB - 15N ,ICB sub-locations,Persons,All ages,,,2010/11,1.74387925610721,1.72044276361395,1.76762926683333,1.70706885032706,1.78146903744421,20622,1182536,Aggregated from values for merged local authorities,,Higher 99.8,Not compared,20100000,New data,,1y
253,COPD: QOF prevalence,E54000040,"NHS Bath and North East Somerset, Swindon and Wiltshire Integrated Care Board - QOX",E38000231,"Bath and North East Somerset, Swindon and Wiltshire ICB - 92G ",ICB sub-locations,Persons,All ages,,,2010/11,1.4611995579488,1.43634615181094,1.48647652225708,1.4222043224328,1.50124771576282,12865,880441,Aggregated from values for merged CCGs,,Lower 99.8,Not compared,20100000,New data,,1y
253,COPD: QOF prevalence,E54000054,NHS West Yorkshire Integrated Care Board - QWO,E38000232,West Yorkshire ICB - 36J ,ICB sub-locations,Persons,All ages,,,2010/11,1.93051766259828,1.89569087218969,1.96597145354042,1.87588905507262,1.98670492433273,11371,589013,Aggregated from values for merged CCGs,,Higher 99.8,Not compared,20100000,New data,,1y
253,COPD: QOF prevalence,E54000008,NHS Cheshire and Merseyside Integrated Care Board - QYG,E38000233,Cheshire and Merseyside ICB - 27D ,ICB sub-locations,Persons,All ages,,,2010/11,1.66343815686436,1.6343105817456,1.69307592427018,1.61774287185013,1.71040172600797,12108,727890,Aggregated from values for merged CCGs,,Similar,Not compared,20100000,New data,,1y
253,COPD: QOF prevalence,E54000050,NHS North East and North Cumbria Integrated Care Board - QHM,E38000234,North East and North Cumbria ICB - 84H ,ICB sub-locations,Persons,All ages,,,2010/11,2.5996897852316,2.55731782646566,2.64274476050003,2.53319051004095,2.66788696243185,13861,533179,Aggregated from values for merged CCGs,,Higher 99.8,Not compared,20100000,New data,,1y
253,COPD: QOF prevalence,E54000053,NHS Sussex Integrated Care Board - QNX,E38000235,Sussex ICB - 97R ,ICB sub-locations,Persons,All ages,,,2010/11,1.83204380318723,1.79630525800833,1.86847985901244,1.77600907103061,1.88981246806888,9720,530555,Aggregated from values for merged CCGs,,Higher 99.8,Not compared,20100000,New data,,1y
253,COPD: QOF prevalence,E54000019,NHS Herefordshire and Worcestershire Integrated Care Board - QGH,E38000236,Herefordshire and Worcestershire ICB - 18C ,ICB sub-locations,Persons,All ages,,,2010/11,1.5621976274107,1.5344610464857,1.59042747064798,1.51868782945638,1.60693362370412,11786,754450,Aggregated from values for merged CCGs,,Lower 99.8,Not compared,20100000,New data,,1y
253,COPD: QOF prevalence,E54000032,NHS Kent and Medway Integrated Care Board - QKS,E38000237,Kent and Medway ICB - 91Q ,ICB sub-locations,Persons,All ages,,,2010/11,1.62411981302716,1.60558123176399,1.64286887300035,1.59498547599458,1.65377738030982,28679,1765818,Aggregated from values for merged CCGs,,Similar,Not compared,20100000,New data,,1y
253,COPD: QOF prevalence,E54000013,NHS Lincolnshire Integrated Care Board - QJM,E38000238,Lincolnshire ICB - 71E ,ICB sub-locations,Persons,All ages,,,2010/11,1.93228124966576,1.90133096289276,1.96372526675595,1.88370496351267,1.98208489748861,14453,747976,Aggregated from values for merged CCGs,,Higher 99.8,Not compared,20100000,New data,,1y
253,COPD: QOF prevalence,E54000028,NHS North Central London Integrated Care Board - QMJ,E38000240,North Central London ICB - 93C ,ICB sub-locations,Persons,All ages,,,2010/11,1.01056814847029,0.994216171044726,1.02718627829626,0.984906134052016,1.03689179215771,14291,1414155,Aggregated from values for merged CCGs,,Lower 99.8,Not compared,20100000,New data,,1y
253,COPD: QOF prevalence,E54000051,NHS Humber and North Yorkshire Integrated Care Board - QOQ,E38000241,Humber and North Yorkshire ICB - 42D ,ICB sub-locations,Persons,All ages,,,2010/11,1.58799273815727,1.55063840685507,1.62623205791953,1.52949363527532,1.64869181623465,6674,420279,Aggregated from values for merged CCGs,,Similar,Not compared,20100000,New data,,1y
253,COPD: QOF prevalence,E54000060,NHS Nottingham and Nottinghamshire Integrated Care Board - QT1,E38000243,Nottingham and Nottinghamshire ICB - 52R ,ICB sub-locations,Persons,All ages,,,2010/11,1.72585597647271,1.7006474678758,1.75143149032001,1.68627567708777,1.76634861414131,17441,1010571,Aggregated from values for merged CCGs,,Higher 99.8,Not compared,20100000,New data,,1y
253,COPD: QOF prevalence,E54000030,NHS South East London Integrated Care Board - QKK,E38000244,South East London ICB - 72Q ,ICB sub-locations,Persons,All ages,,,2010/11,1.18144326069605,1.1658975883229,1.19719370282653,1.15702508433048,1.20637047545214,21640,1831658,Aggregated from values for merged CCGs,,Lower 99.8,Not compared,20100000,New data,,1y
253,COPD: QOF prevalence,E54000031,NHS South West London Integrated Care Board - QWE,E38000245,South West London ICB - 36L ,ICB sub-locations,Persons,All ages,,,2010/11,0.971779019073748,0.956349195917127,0.98745530640411,0.94756210263186,0.996608621931638,14852,1528331,Aggregated from values for merged CCGs,,Lower 99.8,Not compared,20100000,New data,,1y
253,COPD: QOF prevalence,E54000052,NHS Surrey Heartlands Integrated Care Board - QXU,E38000246,Surrey Heartlands  ICB - 92A ,ICB sub-locations,Persons,All ages,,,2010/11,1.17108271609043,1.15041375836251,1.19211854507719,1.13865940821441,1.20441802922088,11975,1022558,Aggregated from values for merged CCGs,,Lower 99.8,Not compared,20100000,New data,,1y
253,COPD: QOF prevalence,E54000050,NHS North East and North Cumbria Integrated Care Board - QHM,E38000247,North East and North Cumbria ICB - 16C ,ICB sub-locations,Persons,All ages,,,2010/11,2.41902364902523,2.38282209185435,2.45576137005398,2.36218712285441,2.47719302120038,16493,681804,Aggregated from values for merged CCGs,,Higher 99.8,Not compared,20100000,New data,,1y
253,COPD: QOF prevalence,E54000053,NHS Sussex Integrated Care Board - QNX,E38000248,Sussex ICB - 70F ,ICB sub-locations,Persons,All ages,,,2010/11,1.50282695046273,1.47682190801943,1.52928280234018,1.46202818545594,1.54474638114833,12421,826509,Aggregated from values for merged CCGs,,Lower 99.8,Not compared,20100000,New data,,1y
253,COPD: QOF prevalence,,,E92000001,England,England,Persons,All ages,,,2011/12,1.69022715450199,1.6868399321284,1.6936210613436,,,938511,55525732,,,Not compared,Not compared,20110000,New data,,1y
253,COPD: QOF prevalence,E54000061,NHS South Yorkshire Integrated Care Board - QF7,E38000006,South Yorkshire ICB - 02P ,ICB sub-locations,Persons,All ages,,,2011/12,3.01528226743357,2.94834394615832,3.08369204834753,,,7397,245317,,,Not compared,Not compared,20110000,New data,,1y
253,COPD: QOF prevalence,E54000026,NHS Mid and South Essex Integrated Care Board - QH8,E38000007,Mid and South Essex ICB - 99E ,ICB sub-locations,Persons,All ages,,,2011/12,1.78339917331422,1.73344785703386,1.83476301932523,,,4677,262252,,,Not compared,Not compared,20110000,New data,,1y
253,COPD: QOF prevalence,E54000060,NHS Nottingham and Nottinghamshire Integrated Care Board - QT1,E38000008,Nottingham and Nottinghamshire ICB - 02Q ,ICB sub-locations,Persons,All ages,,,2011/12,2.3645108418196,2.27701288865919,2.4552865708044,,,2640,111651,,,Not compared,Not compared,20110000,New data,,1y
253,COPD: QOF prevalence,E54000048,NHS Lancashire and South Cumbria Integrated Care Board - QE1,E38000014,Lancashire and South Cumbria ICB - 00Q ,ICB sub-locations,Persons,All ages,,,2011/12,2.11700055071623,2.04942492811553,2.18675459810781,,,3575,168871,,,Not compared,Not compared,20110000,New data,,1y
253,COPD: QOF prevalence,E54000048,NHS Lancashire and South Cumbria Integrated Care Board - QE1,E38000015,Lancashire and South Cumbria ICB - 00R ,ICB sub-locations,Persons,All ages,,,2011/12,2.95741965425223,2.87848918788147,3.03844674561624,,,5098,172380,,,Not compared,Not compared,20110000,New data,,1y
253,COPD: QOF prevalence,E54000057,NHS Greater Manchester Integrated Care Board - QOP,E38000016,Greater Manchester ICB - 00T ,ICB sub-locations,Persons,All ages,,,2011/12,2.1116825962525,2.06053232752498,2.16407455334299,,,6257,296304,,,Not compared,Not compared,20110000,New data,,1y
253,COPD: QOF prevalence,E54000053,NHS Sussex Integrated Care Board - QNX,E38000021,Sussex ICB - 09D ,ICB sub-locations,Persons,All ages,,,2011/12,1.18626279213749,1.14826758329598,1.22549964417649,,,3583,302041,,,Not compared,Not compared,20110000,New data,,1y
253,COPD: QOF prevalence,E54000057,NHS Greater Manchester Integrated Care Board - QOP,E38000024,Greater Manchester ICB - 00V ,ICB sub-locations,Persons,All ages,,,2011/12,1.89145085406688,1.83096705868226,1.9538928918244,,,3570,188744,,,Not compared,Not compared,20110000,New data,,1y
253,COPD: QOF prevalence,E54000054,NHS West Yorkshire Integrated Care Board - QWO,E38000025,West Yorkshire ICB - 02T ,ICB sub-locations,Persons,All ages,,,2011/12,1.79315979265269,1.73766410779313,1.8503944645475,,,3819,212976,,,Not compared,Not compared,20110000,New data,,1y
253,COPD: QOF prevalence,E54000010,NHS Staffordshire and Stoke-on-Trent Integrated Care Board - QNC,E38000028,Staffordshire and Stoke-on-Trent ICB - 04Y ,ICB sub-locations,Persons,All ages,,,2011/12,2.0699440781237,1.99446207548642,2.14822014059001,,,2728,131791,,,Not compared,Not compared,20110000,New data,,1y
253,COPD: QOF prevalence,E54000026,NHS Mid and South Essex Integrated Care Board - QH8,E38000030,Mid and South Essex ICB - 99F ,ICB sub-locations,Persons,All ages,,,2011/12,1.90319786733856,1.84071883455665,1.96775509650469,,,3384,177806,,,Not compared,Not compared,20110000,New data,,1y
253,COPD: QOF prevalence,E54000048,NHS Lancashire and South Cumbria Integrated Care Board - QE1,E38000034,Lancashire and South Cumbria ICB - 00X ,ICB sub-locations,Persons,All ages,,,2011/12,2.01450629028724,1.94944075416039,2.08169738095638,,,3494,173442,,,Not compared,Not compared,20110000,New data,,1y
253,COPD: QOF prevalence,E54000061,NHS South Yorkshire Integrated Care Board - QF7,E38000044,South Yorkshire ICB - 02X ,ICB sub-locations,Persons,All ages,,,2011/12,2.53436885402593,2.47950897088097,2.59041028700456,,,7822,308637,,,Not compared,Not compared,20110000,New data,,1y
253,COPD: QOF prevalence,E54000041,NHS Dorset Integrated Care Board - QVV,E38000045,Dorset ICB - 11J ,ICB sub-locations,Persons,All ages,,,2011/12,1.67751235154642,1.64899154431059,1.70651789278106,,,12848,765896,,,Not compared,Not compared,20110000,New data,,1y
253,COPD: QOF prevalence,E54000025,NHS Hertfordshire and West Essex Integrated Care Board - QM7,E38000049,Hertfordshire and West Essex ICB - 06K ,ICB sub-locations,Persons,All ages,,,2011/12,1.45303883008396,1.42220474880564,1.48453134180332,,,8231,566468,,,Not compared,Not compared,20110000,New data,,1y
253,COPD: QOF prevalence,E54000048,NHS Lancashire and South Cumbria Integrated Care Board - QE1,E38000050,Lancashire and South Cumbria ICB - 01A ,ICB sub-locations,Persons,All ages,,,2011/12,2.297925389921,2.25007336778647,2.34677064293239,,,8479,368985,,,Not compared,Not compared,20110000,New data,,1y
253,COPD: QOF prevalence,E54000015,"NHS Leicester, Leicestershire and Rutland Integrated Care Board - QK1",E38000051,"Leicester, Leicestershire and Rutland ICB - 03W ",ICB sub-locations,Persons,All ages,,,2011/12,1.47921108742004,1.4376526191607,1.52195234289599,,,4662,315168,,,Not compared,Not compared,20110000,New data,,1y
253,COPD: QOF prevalence,E54000051,NHS Humber and North Yorkshire Integrated Care Board - QOQ,E38000052,Humber and North Yorkshire ICB - 02Y ,ICB sub-locations,Persons,All ages,,,2011/12,2.00420364781002,1.95476068888247,2.05487098738717,,,6036,301167,,,Not compared,Not compared,20110000,New data,,1y
253,COPD: QOF prevalence,E54000010,NHS Staffordshire and Stoke-on-Trent Integrated Care Board - QNC,E38000053,Staffordshire and Stoke-on-Trent ICB - 05D ,ICB sub-locations,Persons,All ages,,,2011/12,1.58899809409918,1.52336886866478,1.65740714734468,,,2126,133795,,,Not compared,Not compared,20110000,New data,,1y
253,COPD: QOF prevalence,E54000043,NHS Gloucestershire Integrated Care Board - QR1,E38000062,Gloucestershire ICB - 11M ,ICB sub-locations,Persons,All ages,,,2011/12,1.60279176060035,1.5717123580891,1.63447552896508,,,9861,615239,,,Not compared,Not compared,20110000,New data,,1y
253,COPD: QOF prevalence,E54000008,NHS Cheshire and Merseyside Integrated Care Board - QYG,E38000068,Cheshire and Merseyside ICB - 01F ,ICB sub-locations,Persons,All ages,,,2011/12,2.42364655024424,2.34086629785039,2.50927895121573,,,3106,128154,,,Not compared,Not compared,20110000,New data,,1y
253,COPD: QOF prevalence,E54000025,NHS Hertfordshire and West Essex Integrated Care Board - QM7,E38000079,Hertfordshire and West Essex ICB - 06N ,ICB sub-locations,Persons,All ages,,,2011/12,1.26563073126813,1.23765078553379,1.29423493881067,,,7591,599780,,,Not compared,Not compared,20110000,New data,,1y
253,COPD: QOF prevalence,E54000057,NHS Greater Manchester Integrated Care Board - QOP,E38000080,Greater Manchester ICB - 01D ,ICB sub-locations,Persons,All ages,,,2011/12,2.20655141037307,2.14655936579086,2.26818124884006,,,4947,224196,,,Not compared,Not compared,20110000,New data,,1y
253,COPD: QOF prevalence,E54000051,NHS Humber and North Yorkshire Integrated Care Board - QOQ,E38000085,Humber and North Yorkshire ICB - 03F ,ICB sub-locations,Persons,All ages,,,2011/12,2.33683847612481,2.28248815401423,2.39245129537272,,,6778,290050,,,Not compared,Not compared,20110000,New data,,1y
253,COPD: QOF prevalence,E54000023,NHS Suffolk and North East Essex Integrated Care Board - QJG,E38000086,Suffolk and North East Essex ICB - 06L ,ICB sub-locations,Persons,All ages,,,2011/12,1.55265625363238,1.51418916790092,1.59208477547047,,,6011,387143,,,Not compared,Not compared,20110000,New data,,1y
253,COPD: QOF prevalence,E54000036,NHS Cornwall and the Isles of Scilly Integrated Care Board - QT6,E38000089,Cornwall and The Isles Of Scilly ICB - 11N ,ICB sub-locations,Persons,All ages,,,2011/12,1.86747009636117,1.83220609295473,1.90339965723048,,,10376,555618,,,Not compared,Not compared,20110000,New data,,1y
253,COPD: QOF prevalence,E54000008,NHS Cheshire and Merseyside Integrated Care Board - QYG,E38000091,Cheshire and Merseyside ICB - 01J ,ICB sub-locations,Persons,All ages,,,2011/12,3.33751895964393,3.25085557150395,3.42641085462218,,,5369,160868,,,Not compared,Not compared,20110000,New data,,1y
253,COPD: QOF prevalence,E54000015,"NHS Leicester, Leicestershire and Rutland Integrated Care Board - QK1",E38000097,"Leicester, Leicestershire and Rutland ICB - 04C ",ICB sub-locations,Persons,All ages,,,2011/12,1.29976217003771,1.26392990147452,1.33659652782699,,,4853,373376,,,Not compared,Not compared,20110000,New data,,1y
253,COPD: QOF prevalence,E54000008,NHS Cheshire and Merseyside Integrated Care Board - QYG,E38000101,Cheshire and Merseyside ICB - 99A ,ICB sub-locations,Persons,All ages,,,2011/12,2.77201036713205,2.72653723524223,2.81821992651336,,,13658,492711,,,Not compared,Not compared,20110000,New data,,1y
253,COPD: QOF prevalence,E54000026,NHS Mid and South Essex Integrated Care Board - QH8,E38000106,Mid and South Essex ICB - 06Q ,ICB sub-locations,Persons,All ages,,,2011/12,1.28221363895397,1.24688725841958,1.31852751116946,,,4860,379032,,,Not compared,Not compared,20110000,New data,,1y
253,COPD: QOF prevalence,E54000023,NHS Suffolk and North East Essex Integrated Care Board - QJG,E38000117,Suffolk and North East Essex ICB - 06T ,ICB sub-locations,Persons,All ages,,,2011/12,2.05598859344612,2.00794962048064,2.10515217926008,,,6734,327531,,,Not compared,Not compared,20110000,New data,,1y
253,COPD: QOF prevalence,E54000051,NHS Humber and North Yorkshire Integrated Care Board - QOQ,E38000119,Humber and North Yorkshire ICB - 03H ,ICB sub-locations,Persons,All ages,,,2011/12,2.15344808055756,2.08506855946517,2.22401916253631,,,3612,167731,,,Not compared,Not compared,20110000,New data,,1y
253,COPD: QOF prevalence,E54000051,NHS Humber and North Yorkshire Integrated Care Board - QOQ,E38000122,Humber and North Yorkshire ICB - 03K ,ICB sub-locations,Persons,All ages,,,2011/12,1.87832397531142,1.81462137271119,1.94421858704922,,,3168,168661,,,Not compared,Not compared,20110000,New data,,1y
253,COPD: QOF prevalence,E54000010,NHS Staffordshire and Stoke-on-Trent Integrated Care Board - QNC,E38000126,Staffordshire and Stoke-on-Trent ICB - 05G ,ICB sub-locations,Persons,All ages,,,2011/12,1.96320284397087,1.90517695928219,2.02295957433442,,,4186,213223,,,Not compared,Not compared,20110000,New data,,1y
253,COPD: QOF prevalence,E54000050,NHS North East and North Cumbria Integrated Care Board - QHM,E38000127,North East and North Cumbria ICB - 99C ,ICB sub-locations,Persons,All ages,,,2011/12,2.19703525864716,2.13591193506305,2.2598673549109,,,4722,214926,,,Not compared,Not compared,20110000,New data,,1y
253,COPD: QOF prevalence,E54000050,NHS North East and North Cumbria Integrated Care Board - QHM,E38000130,North East and North Cumbria ICB - 00L,ICB sub-locations,Persons,All ages,,,2011/12,2.41298219931164,2.36046877428006,2.46663437865039,,,7747,321055,,,Not compared,Not compared,20110000,New data,,1y
253,COPD: QOF prevalence,E54000057,NHS Greater Manchester Integrated Care Board - QOP,E38000135,Greater Manchester ICB - 00Y ,ICB sub-locations,Persons,All ages,,,2011/12,2.18213836269017,2.12453955170168,2.24126298774998,,,5254,240773,,,Not compared,Not compared,20110000,New data,,1y
253,COPD: QOF prevalence,E54000044,"NHS Buckinghamshire, Oxfordshire and Berkshire West Integrated Care Board - QU9",E38000136,"Buckinghamshire, Oxfordshire and Berkshire West ICB - 10Q ",ICB sub-locations,Persons,All ages,,,2011/12,1.170900479941,1.14586512848418,1.19647619408218,,,8129,694252,,,Not compared,Not compared,20110000,New data,,1y
253,COPD: QOF prevalence,E54000042,NHS Hampshire and Isle of Wight Integrated Care Board - QRL,E38000137,Hampshire and Isle Of Wight ICB - 10R ,ICB sub-locations,Persons,All ages,,,2011/12,1.6960036960037,1.64245852206014,1.7512633954223,,,3671,216450,,,Not compared,Not compared,20110000,New data,,1y
253,COPD: QOF prevalence,E54000061,NHS South Yorkshire Integrated Care Board - QF7,E38000141,South Yorkshire ICB - 03L ,ICB sub-locations,Persons,All ages,,,2011/12,2.52485198737378,2.4646397769153,2.58649619899131,,,6431,254708,,,Not compared,Not compared,20110000,New data,,1y
253,COPD: QOF prevalence,E54000057,NHS Greater Manchester Integrated Care Board - QOP,E38000143,Greater Manchester ICB - 01G ,ICB sub-locations,Persons,All ages,,,2011/12,2.73748911704642,2.6741540967035,2.80228098224447,,,6823,249243,,,Not compared,Not compared,20110000,New data,,1y
253,COPD: QOF prevalence,E54000061,NHS South Yorkshire Integrated Care Board - QF7,E38000146,South Yorkshire ICB - 03N ,ICB sub-locations,Persons,All ages,,,2011/12,1.86522996894822,1.83028370506409,1.90083055479823,,,10542,565185,,,Not compared,Not compared,20110000,New data,,1y
253,COPD: QOF prevalence,E54000038,NHS Somerset Integrated Care Board - QSL,E38000150,Somerset ICB - 11X ,ICB sub-locations,Persons,All ages,,,2011/12,1.82594968150757,1.79069343621936,1.86188691300929,,,9924,543498,,,Not compared,Not compared,20110000,New data,,1y
253,COPD: QOF prevalence,E54000010,NHS Staffordshire and Stoke-on-Trent Integrated Care Board - QNC,E38000153,Staffordshire and Stoke-on-Trent ICB - 05Q ,ICB sub-locations,Persons,All ages,,,2011/12,1.62039361981969,1.56715670490962,1.67540823137176,,,3388,209085,,,Not compared,Not compared,20110000,New data,,1y
253,COPD: QOF prevalence,E54000008,NHS Cheshire and Merseyside Integrated Care Board - QYG,E38000161,Cheshire and Merseyside ICB - 01T ,ICB sub-locations,Persons,All ages,,,2011/12,2.7979007695032,2.71704038748646,2.88109632567503,,,4345,155295,,,Not compared,Not compared,20110000,New data,,1y
253,COPD: QOF prevalence,E54000050,NHS North East and North Cumbria Integrated Care Board - QHM,E38000163,North East and North Cumbria ICB - 00N ,ICB sub-locations,Persons,All ages,,,2011/12,3.46242725925159,3.37241059477947,3.55475826375333,,,5349,154487,,,Not compared,Not compared,20110000,New data,,1y
253,COPD: QOF prevalence,E54000026,NHS Mid and South Essex Integrated Care Board - QH8,E38000168,Mid and South Essex ICB - 99G ,ICB sub-locations,Persons,All ages,,,2011/12,1.7282344593287,1.67000261808866,1.78845987326117,,,3215,186028,,,Not compared,Not compared,20110000,New data,,1y
253,COPD: QOF prevalence,E54000008,NHS Cheshire and Merseyside Integrated Care Board - QYG,E38000170,Cheshire and Merseyside ICB - 01V ,ICB sub-locations,Persons,All ages,,,2011/12,1.93814027115919,1.86225689217338,2.0170521987621,,,2363,121921,,,Not compared,Not compared,20110000,New data,,1y
253,COPD: QOF prevalence,E54000008,NHS Cheshire and Merseyside Integrated Care Board - QYG,E38000172,Cheshire and Merseyside ICB - 01X ,ICB sub-locations,Persons,All ages,,,2011/12,2.9578194631568,2.88316191494588,3.03434981686276,,,5708,192980,,,Not compared,Not compared,20110000,New data,,1y
253,COPD: QOF prevalence,E54000010,NHS Staffordshire and Stoke-on-Trent Integrated Care Board - QNC,E38000173,Staffordshire and Stoke-on-Trent ICB - 05V ,ICB sub-locations,Persons,All ages,,,2011/12,1.30227604379188,1.24512036241307,1.36201919941082,,,1883,144593,,,Not compared,Not compared,20110000,New data,,1y
253,COPD: QOF prevalence,E54000057,NHS Greater Manchester Integrated Care Board - QOP,E38000174,Greater Manchester ICB - 01W ,ICB sub-locations,Persons,All ages,,,2011/12,2.04148467967505,1.9914293221667,2.09277133279746,,,6109,299243,,,Not compared,Not compared,20110000,New data,,1y
253,COPD: QOF prevalence,E54000010,NHS Staffordshire and Stoke-on-Trent Integrated Care Board - QNC,E38000175,Staffordshire and Stoke-on-Trent ICB - 05W ,ICB sub-locations,Persons,All ages,,,2011/12,2.21403142867417,2.1600007311227,2.26938231245854,,,6157,278090,,,Not compared,Not compared,20110000,New data,,1y
253,COPD: QOF prevalence,E54000050,NHS North East and North Cumbria Integrated Care Board - QHM,E38000176,North East and North Cumbria ICB - 00P ,ICB sub-locations,Persons,All ages,,,2011/12,3.07392886752947,3.01114934252873,3.13797493650099,,,8750,284652,,,Not compared,Not compared,20110000,New data,,1y
253,COPD: QOF prevalence,E54000026,NHS Mid and South Essex Integrated Care Board - QH8,E38000185,Mid and South Essex ICB - 07G ,ICB sub-locations,Persons,All ages,,,2011/12,1.67929183352137,1.61772908586326,1.74315584440496,,,2709,161318,,,Not compared,Not compared,20110000,New data,,1y
253,COPD: QOF prevalence,E54000057,NHS Greater Manchester Integrated Care Board - QOP,E38000187,Greater Manchester ICB - 02A ,ICB sub-locations,Persons,All ages,,,2011/12,1.66695471828552,1.61559085111773,1.71992302998687,,,3858,231440,,,Not compared,Not compared,20110000,New data,,1y
253,COPD: QOF prevalence,E54000051,NHS Humber and North Yorkshire Integrated Care Board - QOQ,E38000188,Humber and North Yorkshire ICB - 03Q ,ICB sub-locations,Persons,All ages,,,2011/12,1.55804618305133,1.51697956510811,1.60020646402019,,,5302,340298,,,Not compared,Not compared,20110000,New data,,1y
253,COPD: QOF prevalence,E54000054,NHS West Yorkshire Integrated Care Board - QWO,E38000190,West Yorkshire ICB - 03R ,ICB sub-locations,Persons,All ages,,,2011/12,2.61790454673821,2.56582653128798,2.67101060169104,,,9270,354100,,,Not compared,Not compared,20110000,New data,,1y
253,COPD: QOF prevalence,E54000008,NHS Cheshire and Merseyside Integrated Care Board - QYG,E38000194,Cheshire and Merseyside ICB - 02E ,ICB sub-locations,Persons,All ages,,,2011/12,1.73866395888515,1.6834791270776,1.79562472359796,,,3630,208781,,,Not compared,Not compared,20110000,New data,,1y
253,COPD: QOF prevalence,E54000025,NHS Hertfordshire and West Essex Integrated Care Board - QM7,E38000197,Hertfordshire and West Essex ICB - 07H ,ICB sub-locations,Persons,All ages,,,2011/12,1.5613089310854,1.51691823682866,1.60697746610499,,,4547,291230,,,Not compared,Not compared,20110000,New data,,1y
253,COPD: QOF prevalence,E54000048,NHS Lancashire and South Cumbria Integrated Care Board - QE1,E38000200,Lancashire and South Cumbria ICB - 02G ,ICB sub-locations,Persons,All ages,,,2011/12,2.12126900694575,2.03846029585259,2.20736587018112,,,2373,111867,,,Not compared,Not compared,20110000,New data,,1y
253,COPD: QOF prevalence,E54000015,"NHS Leicester, Leicestershire and Rutland Integrated Care Board - QK1",E38000201,"Leicester, Leicestershire and Rutland ICB - 04V ",ICB sub-locations,Persons,All ages,,,2011/12,1.5602933004432,1.52080218189587,1.60079322722532,,,5756,368905,,,Not compared,Not compared,20110000,New data,,1y
253,COPD: QOF prevalence,E54000023,NHS Suffolk and North East Essex Integrated Care Board - QJG,E38000204,Suffolk and North East Essex ICB - 07K ,ICB sub-locations,Persons,All ages,,,2011/12,1.83025262641886,1.77702189220153,1.88504728718147,,,4331,236634,,,Not compared,Not compared,20110000,New data,,1y
253,COPD: QOF prevalence,E54000057,NHS Greater Manchester Integrated Care Board - QOP,E38000205,Greater Manchester ICB - 02H ,ICB sub-locations,Persons,All ages,,,2011/12,2.14481479862902,2.09521845930336,2.19555881532989,,,6871,320354,,,Not compared,Not compared,20110000,New data,,1y
253,COPD: QOF prevalence,E54000008,NHS Cheshire and Merseyside Integrated Care Board - QYG,E38000208,Cheshire and Merseyside ICB - 12F ,ICB sub-locations,Persons,All ages,,,2011/12,2.29137011749379,2.24099169249233,2.34285392871649,,,7598,331592,,,Not compared,Not compared,20110000,New data,,1y
253,COPD: QOF prevalence,E54000050,NHS North East and North Cumbria Integrated Care Board - QHM,E38000212,North East and North Cumbria ICB - 13T ,ICB sub-locations,Persons,All ages,,,2011/12,2.29085816176062,2.24918115603822,2.33328900257097,,,11139,486237,Aggregated from values for merged CCGs,,Not compared,Not compared,20110000,New data,,1y
253,COPD: QOF prevalence,E54000050,NHS North East and North Cumbria Integrated Care Board - QHM,E38000215,North East and North Cumbria ICB - 01H ,ICB sub-locations,Persons,All ages,,,2011/12,2.09901698352634,2.06061213317301,2.13812198173712,,,11033,525627,Value for Cumbria CCG (pre April 2017 boundaries),,Not compared,Not compared,20110000,New data,,1y
253,COPD: QOF prevalence,E54000057,NHS Greater Manchester Integrated Care Board - QOP,E38000217,Greater Manchester ICB - 14L ,ICB sub-locations,Persons,All ages,,,2011/12,1.84027374401977,,,,,10455,568122,Aggregated from values for merged CCGs,,Not compared,Not compared,20110000,New data,,1y
253,COPD: QOF prevalence,E54000037,NHS Devon Integrated Care Board - QJK,E38000230,Devon ICB - 15N ,ICB sub-locations,Persons,All ages,,,2011/12,1.84485388642349,1.82077034918921,1.86924991432132,1.80702287488463,1.8834617190872,21842,1183942,Aggregated from values for merged local authorities,,Higher 99.8,Not compared,20110000,New data,,1y
253,COPD: QOF prevalence,E54000040,"NHS Bath and North East Somerset, Swindon and Wiltshire Integrated Care Board - QOX",E38000231,"Bath and North East Somerset, Swindon and Wiltshire ICB - 92G ",ICB sub-locations,Persons,All ages,,,2011/12,1.49471205588347,1.46971317384174,1.5201295927003,1.45548528179098,1.53497956300814,13305,890138,Aggregated from values for merged CCGs,,Lower 99.8,Not compared,20110000,New data,,1y
253,COPD: QOF prevalence,E54000054,NHS West Yorkshire Integrated Care Board - QWO,E38000232,West Yorkshire ICB - 36J ,ICB sub-locations,Persons,All ages,,,2011/12,1.94147295220672,1.90699598013194,1.97656068080434,1.8873886371542,1.997075541026,11737,604541,Aggregated from values for merged CCGs,,Higher 99.8,Not compared,20110000,New data,,1y
253,COPD: QOF prevalence,E54000008,NHS Cheshire and Merseyside Integrated Care Board - QYG,E38000233,Cheshire and Merseyside ICB - 27D ,ICB sub-locations,Persons,All ages,,,2011/12,1.6977198536971,1.66838707539693,1.72755928634091,1.65169947453364,1.74499972209788,12435,732453,Aggregated from values for merged CCGs,,Similar,Not compared,20110000,New data,,1y
253,COPD: QOF prevalence,E54000050,NHS North East and North Cumbria Integrated Care Board - QHM,E38000234,North East and North Cumbria ICB - 84H ,ICB sub-locations,Persons,All ages,,,2011/12,2.64354258968263,2.60092642091836,2.6868377619325,2.57665650518385,2.71211660037309,14165,535834,Aggregated from values for merged CCGs,,Higher 99.8,Not compared,20110000,New data,,1y
253,COPD: QOF prevalence,E54000053,NHS Sussex Integrated Care Board - QNX,E38000235,Sussex ICB - 97R ,ICB sub-locations,Persons,All ages,,,2011/12,1.92826053542174,1.89170391616279,1.96550944755392,1.87093374177305,1.98730829110232,10287,533486,Aggregated from values for merged CCGs,,Higher 99.8,Not compared,20110000,New data,,1y
253,COPD: QOF prevalence,E54000019,NHS Herefordshire and Worcestershire Integrated Care Board - QGH,E38000236,Herefordshire and Worcestershire ICB - 18C ,ICB sub-locations,Persons,All ages,,,2011/12,1.66511621769623,1.63655086930289,1.69417157532491,1.62029835113314,1.71115219583182,12619,757845,Aggregated from values for merged CCGs,,Similar,Not compared,20110000,New data,,1y
253,COPD: QOF prevalence,E54000032,NHS Kent and Medway Integrated Care Board - QKS,E38000237,Kent and Medway ICB - 91Q ,ICB sub-locations,Persons,All ages,,,2011/12,1.68820113445768,1.66937783309106,1.70723299554099,1.65861703629679,1.71830369244507,30045,1779705,Aggregated from values for merged CCGs,,Similar,Not compared,20110000,New data,,1y
253,COPD: QOF prevalence,E54000013,NHS Lincolnshire Integrated Care Board - QJM,E38000238,Lincolnshire ICB - 71E ,ICB sub-locations,Persons,All ages,,,2011/12,1.99041827457259,1.95912177073546,2.02220442048415,1.94129432005623,2.04075942788274,14994,753309,Aggregated from values for merged CCGs,,Higher 99.8,Not compared,20110000,New data,,1y
253,COPD: QOF prevalence,E54000028,NHS North Central London Integrated Care Board - QMJ,E38000240,North Central London ICB - 93C ,ICB sub-locations,Persons,All ages,,,2011/12,1.05383827814402,1.03717561575782,1.07076573680563,1.027685833585,1.0806489807871,14966,1420142,Aggregated from values for merged CCGs,,Lower 99.8,Not compared,20110000,New data,,1y
253,COPD: QOF prevalence,E54000051,NHS Humber and North Yorkshire Integrated Care Board - QOQ,E38000241,Humber and North Yorkshire ICB - 42D ,ICB sub-locations,Persons,All ages,,,2011/12,1.68703275516072,1.64848200963647,1.7264692075468,1.62664780937984,1.74961946191209,7070,419079,Aggregated from values for merged CCGs,,Similar,Not compared,20110000,New data,,1y
253,COPD: QOF prevalence,E54000060,NHS Nottingham and Nottinghamshire Integrated Care Board - QT1,E38000243,Nottingham and Nottinghamshire ICB - 52R ,ICB sub-locations,Persons,All ages,,,2011/12,1.76259497289711,1.73723493390167,1.78831847856519,1.72277418859572,1.8033192989777,17972,1019633,Aggregated from values for merged CCGs,,Higher 99.8,Not compared,20110000,New data,,1y
253,COPD: QOF prevalence,E54000030,NHS South East London Integrated Care Board - QKK,E38000244,South East London ICB - 72Q ,ICB sub-locations,Persons,All ages,,,2011/12,1.21453520369913,1.19883567856421,1.230437763806,1.18987368318222,1.23970145010524,22421,1846056,Aggregated from values for merged CCGs,,Lower 99.8,Not compared,20110000,New data,,1y
253,COPD: QOF prevalence,E54000031,NHS South West London Integrated Care Board - QWE,E38000245,South West London ICB - 36L ,ICB sub-locations,Persons,All ages,,,2011/12,1.02409638554217,1.00821739189205,1.04022283860414,0.999171748965482,1.04963618259007,15572,1520560,Aggregated from values for merged CCGs,,Lower 99.8,Not compared,20110000,New data,,1y
253,COPD: QOF prevalence,E54000052,NHS Surrey Heartlands Integrated Care Board - QXU,E38000246,Surrey Heartlands  ICB - 92A ,ICB sub-locations,Persons,All ages,,,2011/12,1.21648147550459,1.19541588569226,1.23791363168298,1.18343270799854,1.25044149033161,12438,1022457,Aggregated from values for merged CCGs,,Lower 99.8,Not compared,20110000,New data,,1y
253,COPD: QOF prevalence,E54000050,NHS North East and North Cumbria Integrated Care Board - QHM,E38000247,North East and North Cumbria ICB - 16C ,ICB sub-locations,Persons,All ages,,,2011/12,2.49917852631271,2.46247100216404,2.53641901215067,2.4415428582603,2.55813908016848,17113,684745,Aggregated from values for merged CCGs,,Higher 99.8,Not compared,20110000,New data,,1y
253,COPD: QOF prevalence,E54000053,NHS Sussex Integrated Care Board - QNX,E38000248,Sussex ICB - 70F ,ICB sub-locations,Persons,All ages,,,2011/12,1.5423389989383,1.51615132428211,1.56897179323773,1.50124976637853,1.58453475303481,12900,836392,Aggregated from values for merged CCGs,,Lower 99.8,Not compared,20110000,New data,,1y
253,COPD: QOF prevalence,,,E92000001,England,England,Persons,All ages,,,2012/13,1.74069365302809,1.73727195151457,1.7441204717644,1.7353016646382,1.74610111582943,974999,56012096,,,Not compared,Not compared,20120000,New data,,1y
253,COPD: QOF prevalence,,,E92000001,England,England,Persons,All ages,"County & UA deprivation deciles in England (IMD2019, 4/23 geography)",Most deprived decile (IMD2019),2012/13,2.12310650685879,2.11112512409016,2.1351544050312,2.10424586389681,2.14213250121384,117409,5530057,Aggregated from all known lower geography values,,Higher 99.8,Not compared,20120000,New data,,1y
253,COPD: QOF prevalence,,,E92000001,England,England,Persons,All ages,"County & UA deprivation deciles in England (IMD2019, 4/23 geography)",Second most deprived decile (IMD2019),2012/13,2.27667726512106,2.26123152745775,2.29222603323867,2.25237096697978,2.3012396876852,81020,3558695,Aggregated from all known lower geography values,,Higher 99.8,Not compared,20120000,New data,,1y
253,COPD: QOF prevalence,,,E92000001,England,England,Persons,All ages,"County & UA deprivation deciles in England (IMD2019, 4/23 geography)",Third more deprived decile (IMD2019),2012/13,1.88683520098601,1.87477060493136,1.89897593308821,1.86784770016549,1.90601196923936,91608,4855114,Aggregated from all known lower geography values,,Higher 99.8,Not compared,20120000,New data,,1y
253,COPD: QOF prevalence,,,E92000001,England,England,Persons,All ages,"County & UA deprivation deciles in England (IMD2019, 4/23 geography)",Fourth more deprived decile (IMD2019),2012/13,1.67171525746808,1.66048458684145,1.68302058663768,1.65404191129652,1.68957419813289,83140,4973335,Aggregated from all known lower geography values,,Lower 99.8,Not compared,20120000,New data,,1y
253,COPD: QOF prevalence,,,E92000001,England,England,Persons,All ages,"County & UA deprivation deciles in England (IMD2019, 4/23 geography)",Fifth more deprived decile (IMD2019),2012/13,1.71734372500792,1.70624787438806,1.72851046383571,1.69988124457285,1.73498242722893,89867,5232907,Aggregated from all known lower geography values,,Lower 99.8,Not compared,20120000,New data,,1y
253,COPD: QOF prevalence,,,E92000001,England,England,Persons,All ages,"County & UA deprivation deciles in England (IMD2019, 4/23 geography)",Fifth less deprived decile (IMD2019),2012/13,1.80109120810085,1.78958727148073,1.81266773014481,1.78298607809551,1.81937677901499,91886,5101685,Aggregated from all known lower geography values,,Higher 99.8,Not compared,20120000,New data,,1y
253,COPD: QOF prevalence,,,E92000001,England,England,Persons,All ages,"County & UA deprivation deciles in England (IMD2019, 4/23 geography)",Fourth less deprived decile (IMD2019),2012/13,1.77093252680927,1.76152650811963,1.78038786055424,1.75612461265273,1.7858630338519,133063,7513725,Aggregated from all known lower geography values,,Higher 99.8,Not compared,20120000,New data,,1y
253,COPD: QOF prevalence,,,E92000001,England,England,Persons,All ages,"County & UA deprivation deciles in England (IMD2019, 4/23 geography)",Third less deprived decile (IMD2019),2012/13,1.61815502179557,1.6087037518595,1.62766090016955,1.60327815144921,1.63316764390042,110146,6806888,Aggregated from all known lower geography values,,Lower 99.8,Not compared,20120000,New data,,1y
253,COPD: QOF prevalence,,,E92000001,England,England,Persons,All ages,"County & UA deprivation deciles in England (IMD2019, 4/23 geography)",Second least deprived decile (IMD2019),2012/13,1.5190837335509,1.51067807364183,1.52753543853284,1.50585157749393,1.53243035361163,122884,8089350,Aggregated from all known lower geography values,,Lower 99.8,Not compared,20120000,New data,,1y
253,COPD: QOF prevalence,,,E92000001,England,England,Persons,All ages,"County & UA deprivation deciles in England (IMD2019, 4/23 geography)",Least deprived decile (IMD2019),2012/13,1.24073060956155,1.23037164475533,1.25117568559595,1.22443680610249,1.2572384778348,53976,4350340,Aggregated from all known lower geography values,,Lower 99.8,Not compared,20120000,New data,,1y
253,COPD: QOF prevalence,,,E92000001,England,England,Persons,All ages,"District & UA deprivation deciles in England (IMD2019, 4/23 geography)",Most deprived decile (IMD2019),2012/13,2.15904617571043,2.14896686842953,2.16917171000638,2.14317531194282,2.17503195577267,171669,7951150,Aggregated from all known lower geography values,,Higher 99.8,Not compared,20120000,New data,,1y
253,COPD: QOF prevalence,,,E92000001,England,England,Persons,All ages,"District & UA deprivation deciles in England (IMD2019, 4/23 geography)",Second most deprived decile (IMD2019),2012/13,2.04873494782631,2.03881449994412,2.05870265211187,2.03311501837345,2.06447235254094,159717,7795884,Aggregated from all known lower geography values,,Higher 99.8,Not compared,20120000,New data,,1y
253,COPD: QOF prevalence,,,E92000001,England,England,Persons,All ages,"District & UA deprivation deciles in England (IMD2019, 4/23 geography)",Third more deprived decile (IMD2019),2012/13,1.70123079723703,1.6919485411521,1.71056309094691,1.68661834210112,1.71596764150229,126162,7415925,Aggregated from all known lower geography values,,Lower 99.8,Not compared,20120000,New data,,1y
253,COPD: QOF prevalence,,,E92000001,England,England,Persons,All ages,"District & UA deprivation deciles in England (IMD2019, 4/23 geography)",Fourth more deprived decile (IMD2019),2012/13,1.73854156091118,1.72755956268282,1.74959212818388,1.72125754153478,1.75599603684491,94012,5407521,Aggregated from all known lower geography values,,Similar,Not compared,20120000,New data,,1y
253,COPD: QOF prevalence,,,E92000001,England,England,Persons,All ages,"District & UA deprivation deciles in England (IMD2019, 4/23 geography)",Fifth more deprived decile (IMD2019),2012/13,1.74310446388379,1.73134072558331,1.75494670444343,1.72459238200187,1.76181169538344,82324,4722838,Aggregated from all known lower geography values,,Similar,Not compared,20120000,New data,,1y
253,COPD: QOF prevalence,,,E92000001,England,England,Persons,All ages,"District & UA deprivation deciles in England (IMD2019, 4/23 geography)",Fifth less deprived decile (IMD2019),2012/13,1.60976967332788,1.59974309572554,1.61985805916915,1.5939889832771,1.62570401319029,96828,6015022,Aggregated from all known lower geography values,,Lower 99.8,Not compared,20120000,New data,,1y
253,COPD: QOF prevalence,,,E92000001,England,England,Persons,All ages,"District & UA deprivation deciles in England (IMD2019, 4/23 geography)",Fourth less deprived decile (IMD2019),2012/13,1.59418805093919,1.58342078592617,1.60502733931241,1.5772441517255,1.61131099382388,82317,5163569,Aggregated from all known lower geography values,,Lower 99.8,Not compared,20120000,New data,,1y
253,COPD: QOF prevalence,,,E92000001,England,England,Persons,All ages,"District & UA deprivation deciles in England (IMD2019, 4/23 geography)",Third less deprived decile (IMD2019),2012/13,1.53238378863103,1.52035399652712,1.54450727354861,1.51345907385326,1.55154141533778,60903,3974396,Aggregated from all known lower geography values,,Lower 99.8,Not compared,20120000,New data,,1y
253,COPD: QOF prevalence,,,E92000001,England,England,Persons,All ages,"District & UA deprivation deciles in England (IMD2019, 4/23 geography)",Second least deprived decile (IMD2019),2012/13,1.47170864707994,1.45945451390109,1.4840641210308,1.45243366533567,1.49123555286241,54145,3679057,Aggregated from all known lower geography values,,Lower 99.8,Not compared,20120000,New data,,1y
253,COPD: QOF prevalence,,,E92000001,England,England,Persons,All ages,"District & UA deprivation deciles in England (IMD2019, 4/23 geography)",Least deprived decile (IMD2019),2012/13,1.20723466025717,1.19642567631226,1.21814009289841,1.19023598069633,1.22447310261627,46922,3886734,Aggregated from all known lower geography values,,Lower 99.8,Not compared,20120000,New data,,1y
253,COPD: QOF prevalence,,,E92000001,England,England,Persons,All ages,"County & UA deprivation deciles in England (IMD2025, 4/23 geography)",Most deprived decile (IMD2025),2012/13,2.31025875223261,2.29497941486553,2.32563739385866,2.28621313111574,2.33455123480068,85240,3689630,Aggregated from all known lower geography values,,Higher 99.8,Not compared,20120000,New data,,1y
253,COPD: QOF prevalence,,,E92000001,England,England,Persons,All ages,"County & UA deprivation deciles in England (IMD2025, 4/23 geography)",Second most deprived decile (IMD2025),2012/13,1.67326974209987,1.66211944233777,1.68449356213142,1.65572260057455,1.69099964847496,84503,5050172,Aggregated from all known lower geography values,,Lower 99.8,Not compared,20120000,New data,,1y
253,COPD: QOF prevalence,,,E92000001,England,England,Persons,All ages,"County & UA deprivation deciles in England (IMD2025, 4/23 geography)",Third more deprived decile (IMD2025),2012/13,1.79931902299938,1.78698880791323,1.81173274707707,1.77991605484601,1.8189295870445,79791,4434511,Aggregated from all known lower geography values,,Higher 99.8,Not compared,20120000,New data,,1y
253,COPD: QOF prevalence,,,E92000001,England,England,Persons,All ages,"County & UA deprivation deciles in England (IMD2025, 4/23 geography)",Fourth more deprived decile (IMD2025),2012/13,2.07727328051771,2.06396964171334,2.0906608394669,2.05633573508007,2.09841944393454,91137,4387338,Aggregated from all known lower geography values,,Higher 99.8,Not compared,20120000,New data,,1y
253,COPD: QOF prevalence,,,E92000001,England,England,Persons,All ages,"County & UA deprivation deciles in England (IMD2025, 4/23 geography)",Fifth more deprived decile (IMD2025),2012/13,1.62222727259194,1.61123303473421,1.63329528420927,1.60492630258832,1.6397116375988,81730,5038135,Aggregated from all known lower geography values,,Lower 99.8,Not compared,20120000,New data,,1y
253,COPD: QOF prevalence,,,E92000001,England,England,Persons,All ages,"County & UA deprivation deciles in England (IMD2025, 4/23 geography)",Fifth less deprived decile (IMD2025),2012/13,1.77765584892142,1.76780777978651,1.78755778115967,1.76215302141475,1.79329257535177,122273,6878328,Aggregated from all known lower geography values,,Higher 99.8,Not compared,20120000,New data,,1y
253,COPD: QOF prevalence,,,E92000001,England,England,Persons,All ages,"County & UA deprivation deciles in England (IMD2025, 4/23 geography)",Fourth less deprived decile (IMD2025),2012/13,1.58457259152864,1.57529074538076,1.59390824202702,1.56996248326364,1.59931645266352,109548,6913410,Aggregated from all known lower geography values,,Lower 99.8,Not compared,20120000,New data,,1y
253,COPD: QOF prevalence,,,E92000001,England,England,Persons,All ages,"County & UA deprivation deciles in England (IMD2025, 4/23 geography)",Third less deprived decile (IMD2025),2012/13,1.76242485812104,1.75142305299164,1.77349452510501,1.74510929084468,1.77990912394551,96249,5461169,Aggregated from all known lower geography values,,Higher 99.8,Not compared,20120000,New data,,1y
253,COPD: QOF prevalence,,,E92000001,England,England,Persons,All ages,"County & UA deprivation deciles in England (IMD2025, 4/23 geography)",Second least deprived decile (IMD2025),2012/13,1.60307338177262,1.59481712351044,1.6113716822186,1.59007497489369,1.61617630183126,141779,8844199,Aggregated from all known lower geography values,,Lower 99.8,Not compared,20120000,New data,,1y
253,COPD: QOF prevalence,,,E92000001,England,England,Persons,All ages,"County & UA deprivation deciles in England (IMD2025, 4/23 geography)",Least deprived decile (IMD2025),2012/13,1.55683582417533,1.54634626069476,1.56739541028755,1.54032886500632,1.57351685338749,82749,5315204,Aggregated from all known lower geography values,,Lower 99.8,Not compared,20120000,New data,,1y
253,COPD: QOF prevalence,,,E92000001,England,England,Persons,All ages,"District & UA deprivation deciles in England (IMD2025, 4/23 geography)",Most deprived decile (IMD2025),2012/13,2.06706392939181,2.05748409553195,2.07668742207654,2.05197941010655,2.08225698068119,174358,8435056,Aggregated from all known lower geography values,,Higher 99.8,Not compared,20120000,New data,,1y
253,COPD: QOF prevalence,,,E92000001,England,England,Persons,All ages,"District & UA deprivation deciles in England (IMD2025, 4/23 geography)",Second most deprived decile (IMD2025),2012/13,2.06927212223585,2.05908839324782,2.07950514797867,2.05323800726468,2.08542878459903,154575,7470018,Aggregated from all known lower geography values,,Higher 99.8,Not compared,20120000,New data,,1y
253,COPD: QOF prevalence,,,E92000001,England,England,Persons,All ages,"District & UA deprivation deciles in England (IMD2025, 4/23 geography)",Third more deprived decile (IMD2025),2012/13,1.82760042701957,1.81722577593232,1.8380331988054,1.81126927668992,1.8440760602695,116379,6367858,Aggregated from all known lower geography values,,Higher 99.8,Not compared,20120000,New data,,1y
253,COPD: QOF prevalence,,,E92000001,England,England,Persons,All ages,"District & UA deprivation deciles in England (IMD2025, 4/23 geography)",Fourth more deprived decile (IMD2025),2012/13,1.639516963809,1.62960266078864,1.64949057282287,1.62391216434724,1.65526919272732,102715,6264955,Aggregated from all known lower geography values,,Lower 99.8,Not compared,20120000,New data,,1y
253,COPD: QOF prevalence,,,E92000001,England,England,Persons,All ages,"District & UA deprivation deciles in England (IMD2025, 4/23 geography)",Fifth more deprived decile (IMD2025),2012/13,1.64529707299397,1.63410408444882,1.65656543808426,1.62768346251786,1.6630980628509,81091,4928654,Aggregated from all known lower geography values,,Lower 99.8,Not compared,20120000,New data,,1y
253,COPD: QOF prevalence,,,E92000001,England,England,Persons,All ages,"District & UA deprivation deciles in England (IMD2025, 4/23 geography)",Fifth less deprived decile (IMD2025),2012/13,1.73053962810869,1.72002144730055,1.74112098962711,1.713984462985,1.74725185488263,101577,5869672,Aggregated from all known lower geography values,,Similar,Not compared,20120000,New data,,1y
253,COPD: QOF prevalence,,,E92000001,England,England,Persons,All ages,"District & UA deprivation deciles in England (IMD2025, 4/23 geography)",Fourth less deprived decile (IMD2025),2012/13,1.66711329088744,1.65547815810636,1.67882880245189,1.64880482258455,1.68562157367458,77018,4619842,Aggregated from all known lower geography values,,Lower 99.8,Not compared,20120000,New data,,1y
253,COPD: QOF prevalence,,,E92000001,England,England,Persons,All ages,"District & UA deprivation deciles in England (IMD2025, 4/23 geography)",Third less deprived decile (IMD2025),2012/13,1.50576910142013,1.49441412146568,1.51720903083288,1.48790439879696,1.52384498080371,66041,4385865,Aggregated from all known lower geography values,,Lower 99.8,Not compared,20120000,New data,,1y
253,COPD: QOF prevalence,,,E92000001,England,England,Persons,All ages,"District & UA deprivation deciles in England (IMD2025, 4/23 geography)",Second least deprived decile (IMD2025),2012/13,1.40898621522427,1.397973363598,1.42008457360292,1.3916611836517,1.42652380893926,61516,4365976,Aggregated from all known lower geography values,,Lower 99.8,Not compared,20120000,New data,,1y
253,COPD: QOF prevalence,,,E92000001,England,England,Persons,All ages,"District & UA deprivation deciles in England (IMD2025, 4/23 geography)",Least deprived decile (IMD2025),2012/13,1.20237879063011,1.19068347254732,1.21418757268879,1.1839903163582,1.22104932608432,39729,3304200,Aggregated from all known lower geography values,,Lower 99.8,Not compared,20120000,New data,,1y
253,COPD: QOF prevalence,E54000061,NHS South Yorkshire Integrated Care Board - QF7,E38000006,South Yorkshire ICB - 02P ,ICB sub-locations,Persons,All ages,,,2012/13,3.07737163306387,3.01043911809764,3.14574402408389,,,7705,250376,,,Not compared,Not compared,20120000,New data,,1y
253,COPD: QOF prevalence,E54000026,NHS Mid and South Essex Integrated Care Board - QH8,E38000007,Mid and South Essex ICB - 99E ,ICB sub-locations,Persons,All ages,,,2012/13,1.86155136838764,1.8107462858632,1.91375413345517,,,4926,264618,,,Not compared,Not compared,20120000,New data,,1y
253,COPD: QOF prevalence,E54000060,NHS Nottingham and Nottinghamshire Integrated Care Board - QT1,E38000008,Nottingham and Nottinghamshire ICB - 02Q ,ICB sub-locations,Persons,All ages,,,2012/13,2.43098365049585,2.342377406272,2.5228550579732,,,2721,111930,,,Not compared,Not compared,20120000,New data,,1y
253,COPD: QOF prevalence,E54000048,NHS Lancashire and South Cumbria Integrated Care Board - QE1,E38000014,Lancashire and South Cumbria ICB - 00Q ,ICB sub-locations,Persons,All ages,,,2012/13,2.14791080269315,2.0799627423944,2.21802830505196,,,3640,169467,,,Not compared,Not compared,20120000,New data,,1y
253,COPD: QOF prevalence,E54000048,NHS Lancashire and South Cumbria Integrated Care Board - QE1,E38000015,Lancashire and South Cumbria ICB - 00R ,ICB sub-locations,Persons,All ages,,,2012/13,3.10564757903022,3.02488844592814,3.1884919448411,,,5366,172782,,,Not compared,Not compared,20120000,New data,,1y
253,COPD: QOF prevalence,E54000057,NHS Greater Manchester Integrated Care Board - QOP,E38000016,Greater Manchester ICB - 00T ,ICB sub-locations,Persons,All ages,,,2012/13,2.16873460803188,2.11701835404762,2.22168555382422,,,6455,297639,,,Not compared,Not compared,20120000,New data,,1y
253,COPD: QOF prevalence,E54000053,NHS Sussex Integrated Care Board - QNX,E38000021,Sussex ICB - 09D ,ICB sub-locations,Persons,All ages,,,2012/13,1.24358159485929,1.20457685945684,1.2838329085822,,,3737,300503,,,Not compared,Not compared,20120000,New data,,1y
253,COPD: QOF prevalence,E54000057,NHS Greater Manchester Integrated Care Board - QOP,E38000024,Greater Manchester ICB - 00V ,ICB sub-locations,Persons,All ages,,,2012/13,2.00562718295891,1.94282028364411,2.07042161369714,,,3721,185528,,,Not compared,Not compared,20120000,New data,,1y
253,COPD: QOF prevalence,E54000054,NHS West Yorkshire Integrated Care Board - QWO,E38000025,West Yorkshire ICB - 02T ,ICB sub-locations,Persons,All ages,,,2012/13,1.90575789124761,1.84871048651657,1.96453042730277,,,4082,214193,,,Not compared,Not compared,20120000,New data,,1y
253,COPD: QOF prevalence,E54000010,NHS Staffordshire and Stoke-on-Trent Integrated Care Board - QNC,E38000028,Staffordshire and Stoke-on-Trent ICB - 04Y ,ICB sub-locations,Persons,All ages,,,2012/13,2.16279034668035,2.08584385393311,2.2425103742571,,,2866,132514,,,Not compared,Not compared,20120000,New data,,1y
253,COPD: QOF prevalence,E54000026,NHS Mid and South Essex Integrated Care Board - QH8,E38000030,Mid and South Essex ICB - 99F ,ICB sub-locations,Persons,All ages,,,2012/13,2.01643471764934,1.95263952379583,2.08226991643821,,,3644,180715,,,Not compared,Not compared,20120000,New data,,1y
253,COPD: QOF prevalence,E54000048,NHS Lancashire and South Cumbria Integrated Care Board - QE1,E38000034,Lancashire and South Cumbria ICB - 00X ,ICB sub-locations,Persons,All ages,,,2012/13,2.0428617245487,1.97755601349022,2.1102776263103,,,3567,174608,,,Not compared,Not compared,20120000,New data,,1y
253,COPD: QOF prevalence,E54000061,NHS South Yorkshire Integrated Care Board - QF7,E38000044,South Yorkshire ICB - 02X ,ICB sub-locations,Persons,All ages,,,2012/13,2.58138372486738,2.52615365148501,2.63778863322281,,,8005,310105,,,Not compared,Not compared,20120000,New data,,1y
253,COPD: QOF prevalence,E54000041,NHS Dorset Integrated Care Board - QVV,E38000045,Dorset ICB - 11J ,ICB sub-locations,Persons,All ages,,,2012/13,1.7587848536916,1.72969640268082,1.78835358534493,,,13573,771726,,,Not compared,Not compared,20120000,New data,,1y
253,COPD: QOF prevalence,E54000025,NHS Hertfordshire and West Essex Integrated Care Board - QM7,E38000049,Hertfordshire and West Essex ICB - 06K ,ICB sub-locations,Persons,All ages,,,2012/13,1.4822493054683,1.45128492494451,1.51386418836392,,,8494,573048,,,Not compared,Not compared,20120000,New data,,1y
253,COPD: QOF prevalence,E54000048,NHS Lancashire and South Cumbria Integrated Care Board - QE1,E38000050,Lancashire and South Cumbria ICB - 01A ,ICB sub-locations,Persons,All ages,,,2012/13,2.38576099986137,2.33694236298293,2.43557402339524,,,8777,367891,,,Not compared,Not compared,20120000,New data,,1y
253,COPD: QOF prevalence,E54000015,"NHS Leicester, Leicestershire and Rutland Integrated Care Board - QK1",E38000051,"Leicester, Leicestershire and Rutland ICB - 03W ",ICB sub-locations,Persons,All ages,,,2012/13,1.5655940788873,1.52300439657802,1.60935528623269,,,4973,317643,,,Not compared,Not compared,20120000,New data,,1y
253,COPD: QOF prevalence,E54000051,NHS Humber and North Yorkshire Integrated Care Board - QOQ,E38000052,Humber and North Yorkshire ICB - 02Y ,ICB sub-locations,Persons,All ages,,,2012/13,2.08942527513424,2.03893110257922,2.14114260491734,,,6288,300944,,,Not compared,Not compared,20120000,New data,,1y
253,COPD: QOF prevalence,E54000010,NHS Staffordshire and Stoke-on-Trent Integrated Care Board - QNC,E38000053,Staffordshire and Stoke-on-Trent ICB - 05D ,ICB sub-locations,Persons,All ages,,,2012/13,1.62860905983159,1.56248750384299,1.69748050488016,,,2201,135146,,,Not compared,Not compared,20120000,New data,,1y
253,COPD: QOF prevalence,E54000043,NHS Gloucestershire Integrated Care Board - QR1,E38000062,Gloucestershire ICB - 11M ,ICB sub-locations,Persons,All ages,,,2012/13,1.64383340854877,1.61249154030537,1.6757740902129,,,10199,620440,,,Not compared,Not compared,20120000,New data,,1y
253,COPD: QOF prevalence,E54000008,NHS Cheshire and Merseyside Integrated Care Board - QYG,E38000068,Cheshire and Merseyside ICB - 01F ,ICB sub-locations,Persons,All ages,,,2012/13,2.49572383766133,2.41187867221273,2.58240661742832,,,3210,128620,,,Not compared,Not compared,20120000,New data,,1y
253,COPD: QOF prevalence,E54000025,NHS Hertfordshire and West Essex Integrated Care Board - QM7,E38000079,Hertfordshire and West Essex ICB - 06N ,ICB sub-locations,Persons,All ages,,,2012/13,1.25845411024439,1.2307698470586,1.28675297544378,,,7668,609319,,,Not compared,Not compared,20120000,New data,,1y
253,COPD: QOF prevalence,E54000057,NHS Greater Manchester Integrated Care Board - QOP,E38000080,Greater Manchester ICB - 01D ,ICB sub-locations,Persons,All ages,,,2012/13,2.30650554004714,2.2447483838177,2.36992055838299,,,5098,221027,,,Not compared,Not compared,20120000,New data,,1y
253,COPD: QOF prevalence,E54000051,NHS Humber and North Yorkshire Integrated Care Board - QOQ,E38000085,Humber and North Yorkshire ICB - 03F ,ICB sub-locations,Persons,All ages,,,2012/13,2.43678176752771,2.38132604596004,2.49349594046429,,,7076,290383,,,Not compared,Not compared,20120000,New data,,1y
253,COPD: QOF prevalence,E54000023,NHS Suffolk and North East Essex Integrated Care Board - QJG,E38000086,Suffolk and North East Essex ICB - 06L ,ICB sub-locations,Persons,All ages,,,2012/13,1.61308921318659,1.57403664012668,1.65309442536628,,,6295,390245,,,Not compared,Not compared,20120000,New data,,1y
253,COPD: QOF prevalence,E54000036,NHS Cornwall and the Isles of Scilly Integrated Care Board - QT6,E38000089,Cornwall and The Isles Of Scilly ICB - 11N ,ICB sub-locations,Persons,All ages,,,2012/13,1.9217717833333,1.88609271949815,1.95811231503884,,,10732,558443,,,Not compared,Not compared,20120000,New data,,1y
253,COPD: QOF prevalence,E54000008,NHS Cheshire and Merseyside Integrated Care Board - QYG,E38000091,Cheshire and Merseyside ICB - 01J ,ICB sub-locations,Persons,All ages,,,2012/13,3.47054075867635,3.38225706559379,3.561043900539,,,5590,161070,,,Not compared,Not compared,20120000,New data,,1y
253,COPD: QOF prevalence,E54000015,"NHS Leicester, Leicestershire and Rutland Integrated Care Board - QK1",E38000097,"Leicester, Leicestershire and Rutland ICB - 04C ",ICB sub-locations,Persons,All ages,,,2012/13,1.35955373870672,1.32314770401996,1.39694729425729,,,5145,378433,,,Not compared,Not compared,20120000,New data,,1y
253,COPD: QOF prevalence,E54000008,NHS Cheshire and Merseyside Integrated Care Board - QYG,E38000101,Cheshire and Merseyside ICB - 99A ,ICB sub-locations,Persons,All ages,,,2012/13,2.83321342708188,2.78741186117876,2.87974529067311,,,14059,496221,,,Not compared,Not compared,20120000,New data,,1y
253,COPD: QOF prevalence,E54000026,NHS Mid and South Essex Integrated Care Board - QH8,E38000106,Mid and South Essex ICB - 06Q ,ICB sub-locations,Persons,All ages,,,2012/13,1.34708890472398,1.31100408397919,1.3841530142637,,,5142,381712,,,Not compared,Not compared,20120000,New data,,1y
253,COPD: QOF prevalence,E54000023,NHS Suffolk and North East Essex Integrated Care Board - QJG,E38000117,Suffolk and North East Essex ICB - 06T ,ICB sub-locations,Persons,All ages,,,2012/13,2.13634803139173,2.08771839458882,2.18608511727471,,,7094,332062,,,Not compared,Not compared,20120000,New data,,1y
253,COPD: QOF prevalence,E54000051,NHS Humber and North Yorkshire Integrated Care Board - QOQ,E38000119,Humber and North Yorkshire ICB - 03H ,ICB sub-locations,Persons,All ages,,,2012/13,2.18137065464901,2.11264427985663,2.25228132346449,,,3669,168197,,,Not compared,Not compared,20120000,New data,,1y
253,COPD: QOF prevalence,E54000051,NHS Humber and North Yorkshire Integrated Care Board - QOQ,E38000122,Humber and North Yorkshire ICB - 03K ,ICB sub-locations,Persons,All ages,,,2012/13,1.96355667096729,1.89863077858943,2.03065682236467,,,3333,169743,,,Not compared,Not compared,20120000,New data,,1y
253,COPD: QOF prevalence,E54000010,NHS Staffordshire and Stoke-on-Trent Integrated Care Board - QNC,E38000126,Staffordshire and Stoke-on-Trent ICB - 05G ,ICB sub-locations,Persons,All ages,,,2012/13,2.05770762096585,1.99834416815888,2.11879641731457,,,4393,213490,,,Not compared,Not compared,20120000,New data,,1y
253,COPD: QOF prevalence,E54000050,NHS North East and North Cumbria Integrated Care Board - QHM,E38000127,North East and North Cumbria ICB - 99C ,ICB sub-locations,Persons,All ages,,,2012/13,2.3000408648488,2.2375719193764,2.36421165382845,,,4953,215344,,,Not compared,Not compared,20120000,New data,,1y
253,COPD: QOF prevalence,E54000050,NHS North East and North Cumbria Integrated Care Board - QHM,E38000130,North East and North Cumbria ICB - 00L,ICB sub-locations,Persons,All ages,,,2012/13,2.44707535176902,2.39425124325322,2.50103504954473,,,7873,321731,,,Not compared,Not compared,20120000,New data,,1y
253,COPD: QOF prevalence,E54000057,NHS Greater Manchester Integrated Care Board - QOP,E38000135,Greater Manchester ICB - 00Y ,ICB sub-locations,Persons,All ages,,,2012/13,2.2392582016204,2.1809344442945,2.2991050259222,,,5395,240928,,,Not compared,Not compared,20120000,New data,,1y
253,COPD: QOF prevalence,E54000044,"NHS Buckinghamshire, Oxfordshire and Berkshire West Integrated Care Board - QU9",E38000136,"Buckinghamshire, Oxfordshire and Berkshire West ICB - 10Q ",ICB sub-locations,Persons,All ages,,,2012/13,1.21280722118483,1.18731443129136,1.23884050361733,,,8411,693515,,,Not compared,Not compared,20120000,New data,,1y
253,COPD: QOF prevalence,E54000042,NHS Hampshire and Isle of Wight Integrated Care Board - QRL,E38000137,Hampshire and Isle Of Wight ICB - 10R ,ICB sub-locations,Persons,All ages,,,2012/13,1.79525461102051,1.74032024988533,1.85189033037438,,,3908,217685,,,Not compared,Not compared,20120000,New data,,1y
253,COPD: QOF prevalence,E54000061,NHS South Yorkshire Integrated Care Board - QF7,E38000141,South Yorkshire ICB - 03L ,ICB sub-locations,Persons,All ages,,,2012/13,2.61961261061171,2.55852407248112,2.68211957971532,,,6723,256641,,,Not compared,Not compared,20120000,New data,,1y
253,COPD: QOF prevalence,E54000057,NHS Greater Manchester Integrated Care Board - QOP,E38000143,Greater Manchester ICB - 01G ,ICB sub-locations,Persons,All ages,,,2012/13,2.79220182202661,2.72836218716278,2.85749132871353,,,6985,250161,,,Not compared,Not compared,20120000,New data,,1y
253,COPD: QOF prevalence,E54000061,NHS South Yorkshire Integrated Care Board - QF7,E38000146,South Yorkshire ICB - 03N ,ICB sub-locations,Persons,All ages,,,2012/13,1.94364804061602,1.90838412205826,1.97955043045417,,,11240,578294,,,Not compared,Not compared,20120000,New data,,1y
253,COPD: QOF prevalence,E54000038,NHS Somerset Integrated Care Board - QSL,E38000150,Somerset ICB - 11X ,ICB sub-locations,Persons,All ages,,,2012/13,1.91619234507876,1.88024049909152,1.95281794034826,,,10507,548327,,,Not compared,Not compared,20120000,New data,,1y
253,COPD: QOF prevalence,E54000010,NHS Staffordshire and Stoke-on-Trent Integrated Care Board - QNC,E38000153,Staffordshire and Stoke-on-Trent ICB - 05Q ,ICB sub-locations,Persons,All ages,,,2012/13,1.67434665107087,1.62059961312753,1.72984486191765,,,3550,212023,,,Not compared,Not compared,20120000,New data,,1y
253,COPD: QOF prevalence,E54000008,NHS Cheshire and Merseyside Integrated Care Board - QYG,E38000161,Cheshire and Merseyside ICB - 01T ,ICB sub-locations,Persons,All ages,,,2012/13,2.85148668081018,2.76980817329385,2.93550107620148,,,4422,155077,,,Not compared,Not compared,20120000,New data,,1y
253,COPD: QOF prevalence,E54000050,NHS North East and North Cumbria Integrated Care Board - QHM,E38000163,North East and North Cumbria ICB - 00N ,ICB sub-locations,Persons,All ages,,,2012/13,3.55492264871513,3.46373760364249,3.64841747400043,,,5492,154490,,,Not compared,Not compared,20120000,New data,,1y
253,COPD: QOF prevalence,E54000026,NHS Mid and South Essex Integrated Care Board - QH8,E38000168,Mid and South Essex ICB - 99G ,ICB sub-locations,Persons,All ages,,,2012/13,1.83987311966483,1.77958459880729,1.9021645320978,,,3399,184741,,,Not compared,Not compared,20120000,New data,,1y
253,COPD: QOF prevalence,E54000008,NHS Cheshire and Merseyside Integrated Care Board - QYG,E38000170,Cheshire and Merseyside ICB - 01V ,ICB sub-locations,Persons,All ages,,,2012/13,1.98846201055603,1.9116854873715,2.06825699168396,,,2430,122205,,,Not compared,Not compared,20120000,New data,,1y
253,COPD: QOF prevalence,E54000008,NHS Cheshire and Merseyside Integrated Care Board - QYG,E38000172,Cheshire and Merseyside ICB - 01X ,ICB sub-locations,Persons,All ages,,,2012/13,3.0244427093298,2.94904150223644,3.10171016372733,,,5849,193391,,,Not compared,Not compared,20120000,New data,,1y
253,COPD: QOF prevalence,E54000010,NHS Staffordshire and Stoke-on-Trent Integrated Care Board - QNC,E38000173,Staffordshire and Stoke-on-Trent ICB - 05V ,ICB sub-locations,Persons,All ages,,,2012/13,1.34481497581541,1.28678896380547,1.40542033886927,,,1949,144927,,,Not compared,Not compared,20120000,New data,,1y
253,COPD: QOF prevalence,E54000057,NHS Greater Manchester Integrated Care Board - QOP,E38000174,Greater Manchester ICB - 01W ,ICB sub-locations,Persons,All ages,,,2012/13,2.14140686730479,2.09020984409603,2.19382979821371,,,6423,299943,,,Not compared,Not compared,20120000,New data,,1y
253,COPD: QOF prevalence,E54000010,NHS Staffordshire and Stoke-on-Trent Integrated Care Board - QNC,E38000175,Staffordshire and Stoke-on-Trent ICB - 05W ,ICB sub-locations,Persons,All ages,,,2012/13,2.32034619679418,2.26526214118943,2.37673714991884,,,6504,280303,,,Not compared,Not compared,20120000,New data,,1y
253,COPD: QOF prevalence,E54000050,NHS North East and North Cumbria Integrated Care Board - QHM,E38000176,North East and North Cumbria ICB - 00P ,ICB sub-locations,Persons,All ages,,,2012/13,3.16473530344123,3.10097148386448,3.2297665663511,,,8985,283910,,,Not compared,Not compared,20120000,New data,,1y
253,COPD: QOF prevalence,E54000026,NHS Mid and South Essex Integrated Care Board - QH8,E38000185,Mid and South Essex ICB - 07G ,ICB sub-locations,Persons,All ages,,,2012/13,1.74296322036688,1.68075263635998,1.80743410749823,,,2859,164031,,,Not compared,Not compared,20120000,New data,,1y
253,COPD: QOF prevalence,E54000057,NHS Greater Manchester Integrated Care Board - QOP,E38000187,Greater Manchester ICB - 02A ,ICB sub-locations,Persons,All ages,,,2012/13,1.69336866302841,1.64120995345682,1.74715556523614,,,3860,227948,,,Not compared,Not compared,20120000,New data,,1y
253,COPD: QOF prevalence,E54000051,NHS Humber and North Yorkshire Integrated Care Board - QOQ,E38000188,Humber and North Yorkshire ICB - 03Q ,ICB sub-locations,Persons,All ages,,,2012/13,1.66537579448913,1.62238926122047,1.70948149972693,,,5526,331817,,,Not compared,Not compared,20120000,New data,,1y
253,COPD: QOF prevalence,E54000054,NHS West Yorkshire Integrated Care Board - QWO,E38000190,West Yorkshire ICB - 03R ,ICB sub-locations,Persons,All ages,,,2012/13,2.73728466301059,2.68421489034363,2.79137358510504,,,9753,356302,,,Not compared,Not compared,20120000,New data,,1y
253,COPD: QOF prevalence,E54000008,NHS Cheshire and Merseyside Integrated Care Board - QYG,E38000194,Cheshire and Merseyside ICB - 02E ,ICB sub-locations,Persons,All ages,,,2012/13,1.78017389972038,1.72434391441736,1.83777771844708,,,3718,208856,,,Not compared,Not compared,20120000,New data,,1y
253,COPD: QOF prevalence,E54000025,NHS Hertfordshire and West Essex Integrated Care Board - QM7,E38000197,Hertfordshire and West Essex ICB - 07H ,ICB sub-locations,Persons,All ages,,,2012/13,1.60165716684042,1.55701378332378,1.64755916218391,,,4732,295444,,,Not compared,Not compared,20120000,New data,,1y
253,COPD: QOF prevalence,E54000048,NHS Lancashire and South Cumbria Integrated Care Board - QE1,E38000200,Lancashire and South Cumbria ICB - 02G ,ICB sub-locations,Persons,All ages,,,2012/13,2.12473318031206,2.04189174744953,2.21085971173036,,,2379,111967,,,Not compared,Not compared,20120000,New data,,1y
253,COPD: QOF prevalence,E54000015,"NHS Leicester, Leicestershire and Rutland Integrated Care Board - QK1",E38000201,"Leicester, Leicestershire and Rutland ICB - 04V ",ICB sub-locations,Persons,All ages,,,2012/13,1.64082464444756,1.60044133006002,1.68220951520193,,,6087,370972,,,Not compared,Not compared,20120000,New data,,1y
253,COPD: QOF prevalence,E54000023,NHS Suffolk and North East Essex Integrated Care Board - QJG,E38000204,Suffolk and North East Essex ICB - 07K ,ICB sub-locations,Persons,All ages,,,2012/13,1.90386309299107,1.84977533513618,1.95950081219301,,,4539,238410,,,Not compared,Not compared,20120000,New data,,1y
253,COPD: QOF prevalence,E54000057,NHS Greater Manchester Integrated Care Board - QOP,E38000205,Greater Manchester ICB - 02H ,ICB sub-locations,Persons,All ages,,,2012/13,2.21530922998756,2.16494745669817,2.26681539250008,,,7107,320813,,,Not compared,Not compared,20120000,New data,,1y
253,COPD: QOF prevalence,E54000008,NHS Cheshire and Merseyside Integrated Care Board - QYG,E38000208,Cheshire and Merseyside ICB - 12F ,ICB sub-locations,Persons,All ages,,,2012/13,2.3596628707923,2.30851366078569,2.41191740194447,,,7814,331149,,,Not compared,Not compared,20120000,New data,,1y
253,COPD: QOF prevalence,E54000050,NHS North East and North Cumbria Integrated Care Board - QHM,E38000212,North East and North Cumbria ICB - 13T ,ICB sub-locations,Persons,All ages,,,2012/13,2.32875078100199,2.28708713715831,2.37115498950609,,,11517,494557,Aggregated from values for merged CCGs,,Not compared,Not compared,20120000,New data,,1y
253,COPD: QOF prevalence,E54000050,NHS North East and North Cumbria Integrated Care Board - QHM,E38000215,North East and North Cumbria ICB - 01H ,ICB sub-locations,Persons,All ages,,,2012/13,2.16066164897118,2.12164855501544,2.20037599260115,,,11325,524145,Value for Cumbria CCG (pre April 2017 boundaries),,Not compared,Not compared,20120000,New data,,1y
253,COPD: QOF prevalence,E54000057,NHS Greater Manchester Integrated Care Board - QOP,E38000217,Greater Manchester ICB - 14L ,ICB sub-locations,Persons,All ages,,,2012/13,1.87584131622345,,,,,10772,574249,Aggregated from values for merged CCGs,,Not compared,Not compared,20120000,New data,,1y
253,COPD: QOF prevalence,E54000037,NHS Devon Integrated Care Board - QJK,E38000230,Devon ICB - 15N ,ICB sub-locations,Persons,All ages,,,2012/13,1.93637190456038,1.91175341461053,1.96130107867483,1.89769666393897,1.97581947554201,23015,1188563,Aggregated from values for merged local authorities,,Higher 99.8,Not compared,20120000,New data,,1y
253,COPD: QOF prevalence,E54000040,"NHS Bath and North East Somerset, Swindon and Wiltshire Integrated Care Board - QOX",E38000231,"Bath and North East Somerset, Swindon and Wiltshire ICB - 92G ",ICB sub-locations,Persons,All ages,,,2012/13,1.53110293412118,1.50588976279956,1.55673157841705,1.49153689615905,1.57170179552878,13723,896282,Aggregated from values for merged CCGs,,Lower 99.8,Not compared,20120000,New data,,1y
253,COPD: QOF prevalence,E54000054,NHS West Yorkshire Integrated Care Board - QWO,E38000232,West Yorkshire ICB - 36J ,ICB sub-locations,Persons,All ages,,,2012/13,2.00206639443785,1.96715517681433,2.03758430586359,1.94729564851185,2.05834531472937,12169,607822,Aggregated from values for merged CCGs,,Higher 99.8,Not compared,20120000,New data,,1y
253,COPD: QOF prevalence,E54000008,NHS Cheshire and Merseyside Integrated Care Board - QYG,E38000233,Cheshire and Merseyside ICB - 27D ,ICB sub-locations,Persons,All ages,,,2012/13,1.73710285377301,1.70750443044568,1.76720512107688,1.69066241142179,1.78479579913173,12784,735938,Aggregated from values for merged CCGs,,Similar,Not compared,20120000,New data,,1y
253,COPD: QOF prevalence,E54000050,NHS North East and North Cumbria Integrated Care Board - QHM,E38000234,North East and North Cumbria ICB - 84H ,ICB sub-locations,Persons,All ages,,,2012/13,2.72571863909174,2.68255105883177,2.76956110241415,2.65796136329758,2.79515359824724,14669,538170,Aggregated from values for merged CCGs,,Higher 99.8,Not compared,20120000,New data,,1y
253,COPD: QOF prevalence,E54000053,NHS Sussex Integrated Care Board - QNX,E38000235,Sussex ICB - 97R ,ICB sub-locations,Persons,All ages,,,2012/13,1.98281510602812,1.94587787468166,2.02043904335309,1.92488576992706,2.04245151589752,10652,537216,Aggregated from values for merged CCGs,,Higher 99.8,Not compared,20120000,New data,,1y
253,COPD: QOF prevalence,E54000019,NHS Herefordshire and Worcestershire Integrated Care Board - QGH,E38000236,Herefordshire and Worcestershire ICB - 18C ,ICB sub-locations,Persons,All ages,,,2012/13,1.72571523073632,1.69671567403011,1.75520158598885,1.68021136700457,1.77242922465272,13148,761887,Aggregated from values for merged CCGs,,Similar,Not compared,20120000,New data,,1y
253,COPD: QOF prevalence,E54000032,NHS Kent and Medway Integrated Care Board - QKS,E38000237,Kent and Medway ICB - 91Q ,ICB sub-locations,Persons,All ages,,,2012/13,1.74542006621618,1.72634322095393,1.76470393345808,1.71543553083877,1.77591923876074,31257,1790801,Aggregated from values for merged CCGs,,Similar,Not compared,20120000,New data,,1y
253,COPD: QOF prevalence,E54000013,NHS Lincolnshire Integrated Care Board - QJM,E38000238,Lincolnshire ICB - 71E ,ICB sub-locations,Persons,All ages,,,2012/13,2.04018980725513,2.00855932884257,2.07230786350638,1.99053838709766,2.09105329476228,15418,755714,Aggregated from values for merged CCGs,,Higher 99.8,Not compared,20120000,New data,,1y
253,COPD: QOF prevalence,E54000028,NHS North Central London Integrated Care Board - QMJ,E38000240,North Central London ICB - 93C ,ICB sub-locations,Persons,All ages,,,2012/13,1.05814375633882,1.04172022979641,1.07482340016923,1.03236446600896,1.08455972970807,15535,1468137,Aggregated from values for merged CCGs,,Lower 99.8,Not compared,20120000,New data,,1y
253,COPD: QOF prevalence,E54000051,NHS Humber and North Yorkshire Integrated Care Board - QOQ,E38000241,Humber and North Yorkshire ICB - 42D ,ICB sub-locations,Persons,All ages,,,2012/13,1.77620443134557,1.73669925283752,1.81659163203048,1.71431317439874,1.84028828964748,7461,420053,Aggregated from values for merged CCGs,,Similar,Not compared,20120000,New data,,1y
253,COPD: QOF prevalence,E54000060,NHS Nottingham and Nottinghamshire Integrated Care Board - QT1,E38000243,Nottingham and Nottinghamshire ICB - 52R ,ICB sub-locations,Persons,All ages,,,2012/13,1.80231736267165,1.7767520527448,1.82824367952466,1.76217184647081,1.84336030599799,18487,1025735,Aggregated from values for merged CCGs,,Higher 99.8,Not compared,20120000,New data,,1y
253,COPD: QOF prevalence,E54000030,NHS South East London Integrated Care Board - QKK,E38000244,South East London ICB - 72Q ,ICB sub-locations,Persons,All ages,,,2012/13,1.26295572194314,1.24687677658818,1.27923932543379,1.23769672303542,1.28872348175867,23107,1829597,Aggregated from values for merged CCGs,,Lower 99.8,Not compared,20120000,New data,,1y
253,COPD: QOF prevalence,E54000031,NHS South West London Integrated Care Board - QWE,E38000245,South West London ICB - 36L ,ICB sub-locations,Persons,All ages,,,2012/13,1.04598973818963,1.03009341130196,1.06212874340517,1.02103564219056,1.0715471093844,16211,1549824,Aggregated from values for merged CCGs,,Lower 99.8,Not compared,20120000,New data,,1y
253,COPD: QOF prevalence,E54000052,NHS Surrey Heartlands Integrated Care Board - QXU,E38000246,Surrey Heartlands  ICB - 92A ,ICB sub-locations,Persons,All ages,,,2012/13,1.2306624681292,1.20959898060887,1.25208809826886,1.19761504714404,1.26461013950267,12733,1034646,Aggregated from values for merged CCGs,,Lower 99.8,Not compared,20120000,New data,,1y
253,COPD: QOF prevalence,E54000050,NHS North East and North Cumbria Integrated Care Board - QHM,E38000247,North East and North Cumbria ICB - 16C ,ICB sub-locations,Persons,All ages,,,2012/13,2.55772904575467,2.5206983685239,2.59528924383085,2.49958235403104,2.61719206976887,17606,688345,Aggregated from values for merged CCGs,,Higher 99.8,Not compared,20120000,New data,,1y
253,COPD: QOF prevalence,E54000053,NHS Sussex Integrated Care Board - QNX,E38000248,Sussex ICB - 70F ,ICB sub-locations,Persons,All ages,,,2012/13,1.59819967750128,1.57170393371475,1.62513471103231,1.55662215033702,1.64086923376423,13529,846515,Aggregated from values for merged CCGs,,Lower 99.8,Not compared,20120000,New data,,1y
253,COPD: QOF prevalence,,,E92000001,England,England,Persons,All ages,,,2013/14,1.78414916305114,1.78069497342327,1.78760843555666,1.77870632948061,1.78960737036331,1004920,56324887,,,Not compared,Not compared,20130000,New data,,1y
253,COPD: QOF prevalence,,,E92000001,England,England,Persons,All ages,"County & UA deprivation deciles in England (IMD2019, 4/23 geography)",Most deprived decile (IMD2019),2013/14,2.16482284746798,2.15275802991115,2.17695377618726,2.14583047298385,2.18397956843798,120343,5559023,Aggregated from all known lower geography values,,Higher 99.8,Not compared,20130000,New data,,1y
253,COPD: QOF prevalence,,,E92000001,England,England,Persons,All ages,"County & UA deprivation deciles in England (IMD2019, 4/23 geography)",Second most deprived decile (IMD2019),2013/14,2.34088428599321,2.32522860988843,2.35664282792005,2.31624691123542,2.36577737591309,83326,3559595,Aggregated from all known lower geography values,,Higher 99.8,Not compared,20130000,New data,,1y
253,COPD: QOF prevalence,,,E92000001,England,England,Persons,All ages,"County & UA deprivation deciles in England (IMD2019, 4/23 geography)",Third more deprived decile (IMD2019),2013/14,1.922632705387,1.91046416194699,1.9348772264932,1.90348124284974,1.94197304163546,93471,4861615,Aggregated from all known lower geography values,,Higher 99.8,Not compared,20130000,New data,,1y
253,COPD: QOF prevalence,,,E92000001,England,England,Persons,All ages,"County & UA deprivation deciles in England (IMD2019, 4/23 geography)",Fourth more deprived decile (IMD2019),2013/14,1.71373802121676,1.70239181617745,1.7251585199632,1.6958823515351,1.73177837844312,85574,4993412,Aggregated from all known lower geography values,,Lower 99.8,Not compared,20130000,New data,,1y
253,COPD: QOF prevalence,,,E92000001,England,England,Persons,All ages,"County & UA deprivation deciles in England (IMD2019, 4/23 geography)",Fifth more deprived decile (IMD2019),2013/14,1.7727017977141,1.76146584028852,1.78400812499889,1.75501818189966,1.79056034674679,93340,5265409,Aggregated from all known lower geography values,,Similar,Not compared,20130000,New data,,1y
253,COPD: QOF prevalence,,,E92000001,England,England,Persons,All ages,"County & UA deprivation deciles in England (IMD2019, 4/23 geography)",Fifth less deprived decile (IMD2019),2013/14,1.8485807128009,1.83697410518475,1.86025926504937,1.83031341588483,1.86702685767663,95055,5142053,Aggregated from all known lower geography values,,Higher 99.8,Not compared,20130000,New data,,1y
253,COPD: QOF prevalence,,,E92000001,England,England,Persons,All ages,"County & UA deprivation deciles in England (IMD2019, 4/23 geography)",Fourth less deprived decile (IMD2019),2013/14,1.8201300213655,1.81063148636899,1.82967745695414,1.80517605234869,1.83520555295008,137778,7569679,Aggregated from all known lower geography values,,Higher 99.8,Not compared,20130000,New data,,1y
253,COPD: QOF prevalence,,,E92000001,England,England,Persons,All ages,"County & UA deprivation deciles in England (IMD2019, 4/23 geography)",Third less deprived decile (IMD2019),2013/14,1.66662003802261,1.65704430312112,1.67625016601891,1.6515468305642,1.68182846191592,113780,6826991,Aggregated from all known lower geography values,,Lower 99.8,Not compared,20130000,New data,,1y
253,COPD: QOF prevalence,,,E92000001,England,England,Persons,All ages,"County & UA deprivation deciles in England (IMD2019, 4/23 geography)",Second least deprived decile (IMD2019),2013/14,1.55869065462722,1.55020266155309,1.56722438309193,1.54532854659182,1.57216645682395,126838,8137471,Aggregated from all known lower geography values,,Lower 99.8,Not compared,20130000,New data,,1y
253,COPD: QOF prevalence,,,E92000001,England,England,Persons,All ages,"County & UA deprivation deciles in England (IMD2019, 4/23 geography)",Least deprived decile (IMD2019),2013/14,1.25667883470733,1.24632410646468,1.26711848840442,1.24039117734094,1.27317760916418,55415,4409639,Aggregated from all known lower geography values,,Lower 99.8,Not compared,20130000,New data,,1y
253,COPD: QOF prevalence,,,E92000001,England,England,Persons,All ages,"District & UA deprivation deciles in England (IMD2019, 4/23 geography)",Most deprived decile (IMD2019),2013/14,2.20924704437368,2.1990681635943,2.21947197116597,2.19321910408765,2.22538945099916,176166,7974029,Aggregated from all known lower geography values,,Higher 99.8,Not compared,20130000,New data,,1y
253,COPD: QOF prevalence,,,E92000001,England,England,Persons,All ages,"District & UA deprivation deciles in England (IMD2019, 4/23 geography)",Second most deprived decile (IMD2019),2013/14,2.09224973367552,2.08223910241496,2.10230745902686,2.07648754134927,2.10812899776895,163523,7815654,Aggregated from all known lower geography values,,Higher 99.8,Not compared,20130000,New data,,1y
253,COPD: QOF prevalence,,,E92000001,England,England,Persons,All ages,"District & UA deprivation deciles in England (IMD2019, 4/23 geography)",Third more deprived decile (IMD2019),2013/14,1.7506940505867,1.74130318538924,1.76013465359438,1.73591021941544,1.76560152557473,130479,7452987,Aggregated from all known lower geography values,,Lower 99.8,Not compared,20130000,New data,,1y
253,COPD: QOF prevalence,,,E92000001,England,England,Persons,All ages,"District & UA deprivation deciles in England (IMD2019, 4/23 geography)",Fourth more deprived decile (IMD2019),2013/14,1.78797012986679,1.77687003721947,1.79913829457201,1.77049969081708,1.80560979001079,97291,5441422,Aggregated from all known lower geography values,,Similar,Not compared,20130000,New data,,1y
253,COPD: QOF prevalence,,,E92000001,England,England,Persons,All ages,"District & UA deprivation deciles in England (IMD2019, 4/23 geography)",Fifth more deprived decile (IMD2019),2013/14,1.79058517520199,1.77869426299768,1.802554121581,1.77187237170172,1.80949196470495,84990,4746493,Aggregated from all known lower geography values,,Similar,Not compared,20130000,New data,,1y
253,COPD: QOF prevalence,,,E92000001,England,England,Persons,All ages,"District & UA deprivation deciles in England (IMD2019, 4/23 geography)",Fifth less deprived decile (IMD2019),2013/14,1.64546670426753,1.6353716813285,1.65562299413508,1.6295778545306,1.66150785816744,99776,6063690,Aggregated from all known lower geography values,,Lower 99.8,Not compared,20130000,New data,,1y
253,COPD: QOF prevalence,,,E92000001,England,England,Persons,All ages,"District & UA deprivation deciles in England (IMD2019, 4/23 geography)",Fourth less deprived decile (IMD2019),2013/14,1.6515610542856,1.64064334684491,1.6625501858918,1.63437968767486,1.66891997502398,85893,5200716,Aggregated from all known lower geography values,,Lower 99.8,Not compared,20130000,New data,,1y
253,COPD: QOF prevalence,,,E92000001,England,England,Persons,All ages,"District & UA deprivation deciles in England (IMD2019, 4/23 geography)",Third less deprived decile (IMD2019),2013/14,1.57444854939557,1.56229775447122,1.58669232404541,1.55533273328451,1.5937955047646,63000,4001401,Aggregated from all known lower geography values,,Lower 99.8,Not compared,20130000,New data,,1y
253,COPD: QOF prevalence,,,E92000001,England,England,Persons,All ages,"District & UA deprivation deciles in England (IMD2019, 4/23 geography)",Second least deprived decile (IMD2019),2013/14,1.49914569253943,1.4868247906338,1.5115671277183,1.47976507604409,1.5187762257066,55566,3706511,Aggregated from all known lower geography values,,Lower 99.8,Not compared,20130000,New data,,1y
253,COPD: QOF prevalence,,,E92000001,England,England,Persons,All ages,"District & UA deprivation deciles in England (IMD2019, 4/23 geography)",Least deprived decile (IMD2019),2013/14,1.22988773029161,1.21902751125442,1.24084348678869,1.21280786103135,1.2472050971013,48236,3921984,Aggregated from all known lower geography values,,Lower 99.8,Not compared,20130000,New data,,1y
253,COPD: QOF prevalence,,,E92000001,England,England,Persons,All ages,"County & UA deprivation deciles in England (IMD2025, 4/23 geography)",Most deprived decile (IMD2025),2013/14,2.35790427788626,2.34251656929874,2.37339060990533,2.33368748462092,2.38236624012933,87511,3711389,Aggregated from all known lower geography values,,Higher 99.8,Not compared,20130000,New data,,1y
253,COPD: QOF prevalence,,,E92000001,England,England,Persons,All ages,"County & UA deprivation deciles in England (IMD2025, 4/23 geography)",Second most deprived decile (IMD2025),2013/14,1.71122197759249,1.6999879870989,1.72252890452643,1.69354262057664,1.72908264811238,87043,5086599,Aggregated from all known lower geography values,,Lower 99.8,Not compared,20130000,New data,,1y
253,COPD: QOF prevalence,,,E92000001,England,England,Persons,All ages,"County & UA deprivation deciles in England (IMD2025, 4/23 geography)",Third more deprived decile (IMD2025),2013/14,1.84803382070575,1.83559793549554,1.8605523602196,1.82846386094284,1.8678092516851,82715,4475838,Aggregated from all known lower geography values,,Higher 99.8,Not compared,20130000,New data,,1y
253,COPD: QOF prevalence,,,E92000001,England,England,Persons,All ages,"County & UA deprivation deciles in England (IMD2025, 4/23 geography)",Fourth more deprived decile (IMD2025),2013/14,2.10627076930056,2.09290843310119,2.11971657132356,2.08524047275351,2.12750855442623,92856,4408550,Aggregated from all known lower geography values,,Higher 99.8,Not compared,20130000,New data,,1y
253,COPD: QOF prevalence,,,E92000001,England,England,Persons,All ages,"County & UA deprivation deciles in England (IMD2025, 4/23 geography)",Fifth more deprived decile (IMD2025),2013/14,1.65528001497746,1.64423268742595,1.66640031013037,1.63789497688214,1.67284644404058,84259,5090317,Aggregated from all known lower geography values,,Lower 99.8,Not compared,20130000,New data,,1y
253,COPD: QOF prevalence,,,E92000001,England,England,Persons,All ages,"County & UA deprivation deciles in England (IMD2025, 4/23 geography)",Fifth less deprived decile (IMD2025),2013/14,1.82183019370892,1.81188247712144,1.83183150697789,1.80617013486344,1.83762348917732,125819,6906187,Aggregated from all known lower geography values,,Higher 99.8,Not compared,20130000,New data,,1y
253,COPD: QOF prevalence,,,E92000001,England,England,Persons,All ages,"County & UA deprivation deciles in England (IMD2025, 4/23 geography)",Fourth less deprived decile (IMD2025),2013/14,1.62440891684599,1.61505081449512,1.63382034246582,1.60967836073357,1.63927202990286,113222,6970043,Aggregated from all known lower geography values,,Lower 99.8,Not compared,20130000,New data,,1y
253,COPD: QOF prevalence,,,E92000001,England,England,Persons,All ages,"County & UA deprivation deciles in England (IMD2025, 4/23 geography)",Third less deprived decile (IMD2025),2013/14,1.81491519896641,1.80377540500645,1.82612251089758,1.7973819141915,1.8326163274266,99512,5483011,Aggregated from all known lower geography values,,Higher 99.8,Not compared,20130000,New data,,1y
253,COPD: QOF prevalence,,,E92000001,England,England,Persons,All ages,"County & UA deprivation deciles in England (IMD2025, 4/23 geography)",Second least deprived decile (IMD2025),2013/14,1.65222806422879,1.64386486940493,1.66063308859675,1.63906095760155,1.66549915543235,146720,8880130,Aggregated from all known lower geography values,,Lower 99.8,Not compared,20130000,New data,,1y
253,COPD: QOF prevalence,,,E92000001,England,England,Persons,All ages,"County & UA deprivation deciles in England (IMD2025, 4/23 geography)",Least deprived decile (IMD2025),2013/14,1.60485301317209,1.59420257408297,1.61557343683625,1.58809238999195,1.62178761178993,85263,5312823,Aggregated from all known lower geography values,,Lower 99.8,Not compared,20130000,New data,,1y
253,COPD: QOF prevalence,,,E92000001,England,England,Persons,All ages,"District & UA deprivation deciles in England (IMD2025, 4/23 geography)",Most deprived decile (IMD2025),2013/14,2.11741431123343,2.10773068989742,2.12714145563471,2.10216609181126,2.13277072517346,178974,8452479,Aggregated from all known lower geography values,,Higher 99.8,Not compared,20130000,New data,,1y
253,COPD: QOF prevalence,,,E92000001,England,England,Persons,All ages,"District & UA deprivation deciles in England (IMD2025, 4/23 geography)",Second most deprived decile (IMD2025),2013/14,2.10504787016465,2.09481218865786,2.11533248471714,2.08893167880824,2.12128570476496,158298,7519924,Aggregated from all known lower geography values,,Higher 99.8,Not compared,20130000,New data,,1y
253,COPD: QOF prevalence,,,E92000001,England,England,Persons,All ages,"District & UA deprivation deciles in England (IMD2025, 4/23 geography)",Third more deprived decile (IMD2025),2013/14,1.87980449958254,1.86931495846504,1.89035176820481,1.86329202824911,1.89646047639188,120388,6404283,Aggregated from all known lower geography values,,Higher 99.8,Not compared,20130000,New data,,1y
253,COPD: QOF prevalence,,,E92000001,England,England,Persons,All ages,"District & UA deprivation deciles in England (IMD2025, 4/23 geography)",Fourth more deprived decile (IMD2025),2013/14,1.69467030824746,1.68460180250564,1.70479794782098,1.67882230473327,1.71066531323941,106358,6276029,Aggregated from all known lower geography values,,Lower 99.8,Not compared,20130000,New data,,1y
253,COPD: QOF prevalence,,,E92000001,England,England,Persons,All ages,"District & UA deprivation deciles in England (IMD2025, 4/23 geography)",Fifth more deprived decile (IMD2025),2013/14,1.68714150255406,1.67585533321417,1.69850236642676,1.66938066976748,1.70508801930129,83840,4969352,Aggregated from all known lower geography values,,Lower 99.8,Not compared,20130000,New data,,1y
253,COPD: QOF prevalence,,,E92000001,England,England,Persons,All ages,"District & UA deprivation deciles in England (IMD2025, 4/23 geography)",Fifth less deprived decile (IMD2025),2013/14,1.7705873901121,1.75996654803164,1.78127116348818,1.7538702498045,1.78746097204763,104253,5888046,Aggregated from all known lower geography values,,Similar,Not compared,20130000,New data,,1y
253,COPD: QOF prevalence,,,E92000001,England,England,Persons,All ages,"District & UA deprivation deciles in England (IMD2025, 4/23 geography)",Fourth less deprived decile (IMD2025),2013/14,1.72697768719182,1.71519366625231,1.73884123641114,1.70843408897752,1.74571898561667,80537,4663465,Aggregated from all known lower geography values,,Lower 99.8,Not compared,20130000,New data,,1y
253,COPD: QOF prevalence,,,E92000001,England,England,Persons,All ages,"District & UA deprivation deciles in England (IMD2025, 4/23 geography)",Third less deprived decile (IMD2025),2013/14,1.55202980347415,1.54053132362164,1.56361274468071,1.53393863029392,1.57033094003254,68398,4407003,Aggregated from all known lower geography values,,Lower 99.8,Not compared,20130000,New data,,1y
253,COPD: QOF prevalence,,,E92000001,England,England,Persons,All ages,"District & UA deprivation deciles in England (IMD2025, 4/23 geography)",Second least deprived decile (IMD2025),2013/14,1.43362759984383,1.42257262535471,1.44476722469988,1.41623576925738,1.45122986367766,63193,4407909,Aggregated from all known lower geography values,,Lower 99.8,Not compared,20130000,New data,,1y
253,COPD: QOF prevalence,,,E92000001,England,England,Persons,All ages,"District & UA deprivation deciles in England (IMD2025, 4/23 geography)",Least deprived decile (IMD2025),2013/14,1.21930933279223,1.20758925103981,1.23114174458138,1.20088130558461,1.2380166023166,40681,3336397,Aggregated from all known lower geography values,,Lower 99.8,Not compared,20130000,New data,,1y
253,COPD: QOF prevalence,E54000061,NHS South Yorkshire Integrated Care Board - QF7,E38000006,South Yorkshire ICB - 02P ,ICB sub-locations,Persons,All ages,,,2013/14,3.12899839569015,3.06037137561079,3.19877628243561,,,7899,252445,,,Not compared,Not compared,20130000,New data,,1y
253,COPD: QOF prevalence,E54000026,NHS Mid and South Essex Integrated Care Board - QH8,E38000007,Mid and South Essex ICB - 99E ,ICB sub-locations,Persons,All ages,,,2013/14,1.87654339436551,1.82500310760008,1.92917011524476,,,5023,267673,,,Not compared,Not compared,20130000,New data,,1y
253,COPD: QOF prevalence,E54000060,NHS Nottingham and Nottinghamshire Integrated Care Board - QT1,E38000008,Nottingham and Nottinghamshire ICB - 02Q ,ICB sub-locations,Persons,All ages,,,2013/14,2.47460576786475,2.38357683665316,2.56822099711351,,,2787,112624,,,Not compared,Not compared,20130000,New data,,1y
253,COPD: QOF prevalence,E54000048,NHS Lancashire and South Cumbria Integrated Care Board - QE1,E38000014,Lancashire and South Cumbria ICB - 00Q ,ICB sub-locations,Persons,All ages,,,2013/14,2.17278321777442,2.10313400563495,2.24415128785945,,,3679,169322,,,Not compared,Not compared,20130000,New data,,1y
253,COPD: QOF prevalence,E54000048,NHS Lancashire and South Cumbria Integrated Care Board - QE1,E38000015,Lancashire and South Cumbria ICB - 00R ,ICB sub-locations,Persons,All ages,,,2013/14,3.3588460064343,3.27283586245251,3.44654437395263,,,5784,172202,,,Not compared,Not compared,20130000,New data,,1y
253,COPD: QOF prevalence,E54000057,NHS Greater Manchester Integrated Care Board - QOP,E38000016,Greater Manchester ICB - 00T ,ICB sub-locations,Persons,All ages,,,2013/14,2.23418600506424,2.18078309278124,2.28856622126947,,,6644,297379,,,Not compared,Not compared,20130000,New data,,1y
253,COPD: QOF prevalence,E54000053,NHS Sussex Integrated Care Board - QNX,E38000021,Sussex ICB - 09D ,ICB sub-locations,Persons,All ages,,,2013/14,1.25874033702608,1.21913675300647,1.29930283926015,,,3820,303478,,,Not compared,Not compared,20130000,New data,,1y
253,COPD: QOF prevalence,E54000057,NHS Greater Manchester Integrated Care Board - QOP,E38000024,Greater Manchester ICB - 00V ,ICB sub-locations,Persons,All ages,,,2013/14,2.05583163114946,1.99296762139753,2.12017408147701,,,4046,196806,,,Not compared,Not compared,20130000,New data,,1y
253,COPD: QOF prevalence,E54000054,NHS West Yorkshire Integrated Care Board - QWO,E38000025,West Yorkshire ICB - 02T ,ICB sub-locations,Persons,All ages,,,2013/14,2.01503508340715,1.9555603913866,2.07585890929089,,,4345,215629,,,Not compared,Not compared,20130000,New data,,1y
253,COPD: QOF prevalence,E54000010,NHS Staffordshire and Stoke-on-Trent Integrated Care Board - QNC,E38000028,Staffordshire and Stoke-on-Trent ICB - 04Y ,ICB sub-locations,Persons,All ages,,,2013/14,2.20449612053749,2.12545551230714,2.28572419138873,,,2935,133137,,,Not compared,Not compared,20130000,New data,,1y
253,COPD: QOF prevalence,E54000026,NHS Mid and South Essex Integrated Care Board - QH8,E38000030,Mid and South Essex ICB - 99F ,ICB sub-locations,Persons,All ages,,,2013/14,2.07113364402183,2.00529959316577,2.13857847952227,,,3742,180674,,,Not compared,Not compared,20130000,New data,,1y
253,COPD: QOF prevalence,E54000048,NHS Lancashire and South Cumbria Integrated Care Board - QE1,E38000034,Lancashire and South Cumbria ICB - 00X ,ICB sub-locations,Persons,All ages,,,2013/14,2.19459956937446,2.1259335045607,2.26491883743427,,,3863,176023,,,Not compared,Not compared,20130000,New data,,1y
253,COPD: QOF prevalence,E54000061,NHS South Yorkshire Integrated Care Board - QF7,E38000044,South Yorkshire ICB - 02X ,ICB sub-locations,Persons,All ages,,,2013/14,2.61562813682341,2.55907708555102,2.67311384833632,,,8130,310824,,,Not compared,Not compared,20130000,New data,,1y
253,COPD: QOF prevalence,E54000041,NHS Dorset Integrated Care Board - QVV,E38000045,Dorset ICB - 11J ,ICB sub-locations,Persons,All ages,,,2013/14,1.81506166967677,1.7852456356322,1.84525081175293,,,14120,777935,,,Not compared,Not compared,20130000,New data,,1y
253,COPD: QOF prevalence,E54000025,NHS Hertfordshire and West Essex Integrated Care Board - QM7,E38000049,Hertfordshire and West Essex ICB - 06K ,ICB sub-locations,Persons,All ages,,,2013/14,1.50256197202604,1.47111650110501,1.53451028189495,,,8680,577680,,,Not compared,Not compared,20130000,New data,,1y
253,COPD: QOF prevalence,E54000048,NHS Lancashire and South Cumbria Integrated Care Board - QE1,E38000050,Lancashire and South Cumbria ICB - 01A ,ICB sub-locations,Persons,All ages,,,2013/14,2.42029235107963,2.37052815697653,2.47083817949806,,,8994,371608,,,Not compared,Not compared,20130000,New data,,1y
253,COPD: QOF prevalence,E54000015,"NHS Leicester, Leicestershire and Rutland Integrated Care Board - QK1",E38000051,"Leicester, Leicestershire and Rutland ICB - 03W ",ICB sub-locations,Persons,All ages,,,2013/14,1.62881344859874,1.58499036977372,1.67354108765098,,,5236,321461,,,Not compared,Not compared,20130000,New data,,1y
253,COPD: QOF prevalence,E54000051,NHS Humber and North Yorkshire Integrated Care Board - QOQ,E38000052,Humber and North Yorkshire ICB - 02Y ,ICB sub-locations,Persons,All ages,,,2013/14,2.17838428745635,2.12596899010044,2.23176529639895,,,6556,300957,,,Not compared,Not compared,20130000,New data,,1y
253,COPD: QOF prevalence,E54000010,NHS Staffordshire and Stoke-on-Trent Integrated Care Board - QNC,E38000053,Staffordshire and Stoke-on-Trent ICB - 05D ,ICB sub-locations,Persons,All ages,,,2013/14,1.70002420224274,1.63151476365943,1.77067118888125,,,2318,136351,,,Not compared,Not compared,20130000,New data,,1y
253,COPD: QOF prevalence,E54000043,NHS Gloucestershire Integrated Care Board - QR1,E38000062,Gloucestershire ICB - 11M ,ICB sub-locations,Persons,All ages,,,2013/14,1.68387987396865,1.65188303885567,1.71634067186166,,,10539,625876,,,Not compared,Not compared,20130000,New data,,1y
253,COPD: QOF prevalence,E54000008,NHS Cheshire and Merseyside Integrated Care Board - QYG,E38000068,Cheshire and Merseyside ICB - 01F ,ICB sub-locations,Persons,All ages,,,2013/14,2.54559830086739,2.45927102909537,2.63418230422458,,,3284,129007,,,Not compared,Not compared,20130000,New data,,1y
253,COPD: QOF prevalence,E54000025,NHS Hertfordshire and West Essex Integrated Care Board - QM7,E38000079,Hertfordshire and West Essex ICB - 06N ,ICB sub-locations,Persons,All ages,,,2013/14,1.2547509396438,1.22694240552794,1.28303078336631,,,7735,616457,,,Not compared,Not compared,20130000,New data,,1y
253,COPD: QOF prevalence,E54000057,NHS Greater Manchester Integrated Care Board - QOP,E38000080,Greater Manchester ICB - 01D ,ICB sub-locations,Persons,All ages,,,2013/14,2.3017354567297,2.23932012006864,2.36544944513475,,,5154,223918,,,Not compared,Not compared,20130000,New data,,1y
253,COPD: QOF prevalence,E54000051,NHS Humber and North Yorkshire Integrated Care Board - QOQ,E38000085,Humber and North Yorkshire ICB - 03F ,ICB sub-locations,Persons,All ages,,,2013/14,2.54715706082334,2.48925413613069,2.60606696428395,,,7350,288557,,,Not compared,Not compared,20130000,New data,,1y
253,COPD: QOF prevalence,E54000023,NHS Suffolk and North East Essex Integrated Care Board - QJG,E38000086,Suffolk and North East Essex ICB - 06L ,ICB sub-locations,Persons,All ages,,,2013/14,1.65943220041422,1.61940038081522,1.70020351509925,,,6522,393026,,,Not compared,Not compared,20130000,New data,,1y
253,COPD: QOF prevalence,E54000036,NHS Cornwall and the Isles of Scilly Integrated Care Board - QT6,E38000089,Cornwall and The Isles Of Scilly ICB - 11N ,ICB sub-locations,Persons,All ages,,,2013/14,2.00090137137216,1.96399462806339,2.03832739613266,,,11188,559148,,,Not compared,Not compared,20130000,New data,,1y
253,COPD: QOF prevalence,E54000008,NHS Cheshire and Merseyside Integrated Care Board - QYG,E38000091,Cheshire and Merseyside ICB - 01J ,ICB sub-locations,Persons,All ages,,,2013/14,3.45747824301879,3.36717200300876,3.5495931040553,,,5558,160753,,,Not compared,Not compared,20130000,New data,,1y
253,COPD: QOF prevalence,E54000015,"NHS Leicester, Leicestershire and Rutland Integrated Care Board - QK1",E38000097,"Leicester, Leicestershire and Rutland ICB - 04C ",ICB sub-locations,Persons,All ages,,,2013/14,1.41758323424495,1.37981752802824,1.45612068205613,,,5341,376768,,,Not compared,Not compared,20130000,New data,,1y
253,COPD: QOF prevalence,E54000008,NHS Cheshire and Merseyside Integrated Care Board - QYG,E38000101,Cheshire and Merseyside ICB - 99A ,ICB sub-locations,Persons,All ages,,,2013/14,2.84470502132629,2.79814873684988,2.89184170627203,,,14226,500087,,,Not compared,Not compared,20130000,New data,,1y
253,COPD: QOF prevalence,E54000026,NHS Mid and South Essex Integrated Care Board - QH8,E38000106,Mid and South Essex ICB - 06Q ,ICB sub-locations,Persons,All ages,,,2013/14,1.43380198791555,1.3958399768828,1.47253487764076,,,5408,377179,,,Not compared,Not compared,20130000,New data,,1y
253,COPD: QOF prevalence,E54000023,NHS Suffolk and North East Essex Integrated Care Board - QJG,E38000117,Suffolk and North East Essex ICB - 06T ,ICB sub-locations,Persons,All ages,,,2013/14,2.21862338392185,2.16816491254726,2.26995979117086,,,7343,330971,,,Not compared,Not compared,20130000,New data,,1y
253,COPD: QOF prevalence,E54000051,NHS Humber and North Yorkshire Integrated Care Board - QOQ,E38000119,Humber and North Yorkshire ICB - 03H ,ICB sub-locations,Persons,All ages,,,2013/14,2.2447923790042,2.17374840005826,2.31756689924185,,,3775,168167,,,Not compared,Not compared,20130000,New data,,1y
253,COPD: QOF prevalence,E54000051,NHS Humber and North Yorkshire Integrated Care Board - QOQ,E38000122,Humber and North Yorkshire ICB - 03K ,ICB sub-locations,Persons,All ages,,,2013/14,2.04356547468485,1.97616912854876,2.11267412814305,,,3474,169997,,,Not compared,Not compared,20130000,New data,,1y
253,COPD: QOF prevalence,E54000010,NHS Staffordshire and Stoke-on-Trent Integrated Care Board - QNC,E38000126,Staffordshire and Stoke-on-Trent ICB - 05G ,ICB sub-locations,Persons,All ages,,,2013/14,2.12337633572381,2.06048079980596,2.18770378569481,,,4314,203167,,,Not compared,Not compared,20130000,New data,,1y
253,COPD: QOF prevalence,E54000050,NHS North East and North Cumbria Integrated Care Board - QHM,E38000127,North East and North Cumbria ICB - 99C ,ICB sub-locations,Persons,All ages,,,2013/14,2.39308951378205,2.32825939643022,2.45926720461765,,,5164,215788,,,Not compared,Not compared,20130000,New data,,1y
253,COPD: QOF prevalence,E54000050,NHS North East and North Cumbria Integrated Care Board - QHM,E38000130,North East and North Cumbria ICB - 00L,ICB sub-locations,Persons,All ages,,,2013/14,2.50856324344523,2.45407980373343,2.56395133468243,,,8056,321140,,,Not compared,Not compared,20130000,New data,,1y
253,COPD: QOF prevalence,E54000057,NHS Greater Manchester Integrated Care Board - QOP,E38000135,Greater Manchester ICB - 00Y ,ICB sub-locations,Persons,All ages,,,2013/14,2.23882132641933,2.17971868932519,2.29912056146153,,,5440,242985,,,Not compared,Not compared,20130000,New data,,1y
253,COPD: QOF prevalence,E54000044,"NHS Buckinghamshire, Oxfordshire and Berkshire West Integrated Care Board - QU9",E38000136,"Buckinghamshire, Oxfordshire and Berkshire West ICB - 10Q ",ICB sub-locations,Persons,All ages,,,2013/14,1.25331707922877,1.22723679922149,1.2798120016683,,,8780,700541,,,Not compared,Not compared,20130000,New data,,1y
253,COPD: QOF prevalence,E54000042,NHS Hampshire and Isle of Wight Integrated Care Board - QRL,E38000137,Hampshire and Isle Of Wight ICB - 10R ,ICB sub-locations,Persons,All ages,,,2013/14,1.88547230555352,1.82835439459835,1.94392075549241,,,4123,218672,,,Not compared,Not compared,20130000,New data,,1y
253,COPD: QOF prevalence,E54000061,NHS South Yorkshire Integrated Care Board - QF7,E38000141,South Yorkshire ICB - 03L ,ICB sub-locations,Persons,All ages,,,2013/14,2.68997591240027,2.62703388542147,2.75404514713077,,,6935,257809,,,Not compared,Not compared,20130000,New data,,1y
253,COPD: QOF prevalence,E54000057,NHS Greater Manchester Integrated Care Board - QOP,E38000143,Greater Manchester ICB - 01G ,ICB sub-locations,Persons,All ages,,,2013/14,2.76574869081065,2.70141981913225,2.83122262451976,,,7019,253783,,,Not compared,Not compared,20130000,New data,,1y
253,COPD: QOF prevalence,E54000061,NHS South Yorkshire Integrated Care Board - QF7,E38000146,South Yorkshire ICB - 03N ,ICB sub-locations,Persons,All ages,,,2013/14,1.97194677079587,1.9360903567625,2.00830043949843,,,11514,583890,,,Not compared,Not compared,20130000,New data,,1y
253,COPD: QOF prevalence,E54000038,NHS Somerset Integrated Care Board - QSL,E38000150,Somerset ICB - 11X ,ICB sub-locations,Persons,All ages,,,2013/14,1.99925315776498,1.96211318063531,2.03691948068307,,,11029,551656,,,Not compared,Not compared,20130000,New data,,1y
253,COPD: QOF prevalence,E54000010,NHS Staffordshire and Stoke-on-Trent Integrated Care Board - QNC,E38000153,Staffordshire and Stoke-on-Trent ICB - 05Q ,ICB sub-locations,Persons,All ages,,,2013/14,1.71389600921854,1.65869548700251,1.77046542897064,,,3644,212615,,,Not compared,Not compared,20130000,New data,,1y
253,COPD: QOF prevalence,E54000008,NHS Cheshire and Merseyside Integrated Care Board - QYG,E38000161,Cheshire and Merseyside ICB - 01T ,ICB sub-locations,Persons,All ages,,,2013/14,2.8588764596149,2.77529350098437,2.94433713858997,,,4429,154921,,,Not compared,Not compared,20130000,New data,,1y
253,COPD: QOF prevalence,E54000050,NHS North East and North Cumbria Integrated Care Board - QHM,E38000163,North East and North Cumbria ICB - 00N ,ICB sub-locations,Persons,All ages,,,2013/14,3.62453351270592,3.53025074212956,3.72069669360587,,,5604,154613,,,Not compared,Not compared,20130000,New data,,1y
253,COPD: QOF prevalence,E54000026,NHS Mid and South Essex Integrated Care Board - QH8,E38000168,Mid and South Essex ICB - 99G ,ICB sub-locations,Persons,All ages,,,2013/14,1.92854627698475,1.86570982778807,1.99295951348139,,,3560,184595,,,Not compared,Not compared,20130000,New data,,1y
253,COPD: QOF prevalence,E54000008,NHS Cheshire and Merseyside Integrated Care Board - QYG,E38000170,Cheshire and Merseyside ICB - 01V ,ICB sub-locations,Persons,All ages,,,2013/14,2.02547572942455,1.94651936708169,2.1068129058167,,,2479,122391,,,Not compared,Not compared,20130000,New data,,1y
253,COPD: QOF prevalence,E54000008,NHS Cheshire and Merseyside Integrated Care Board - QYG,E38000172,Cheshire and Merseyside ICB - 01X ,ICB sub-locations,Persons,All ages,,,2013/14,3.06888233717502,2.99142016875358,3.14784285129729,,,5954,194012,,,Not compared,Not compared,20130000,New data,,1y
253,COPD: QOF prevalence,E54000010,NHS Staffordshire and Stoke-on-Trent Integrated Care Board - QNC,E38000173,Staffordshire and Stoke-on-Trent ICB - 05V ,ICB sub-locations,Persons,All ages,,,2013/14,1.40049850585951,1.34028975091198,1.46271500675688,,,2034,145234,,,Not compared,Not compared,20130000,New data,,1y
253,COPD: QOF prevalence,E54000057,NHS Greater Manchester Integrated Care Board - QOP,E38000174,Greater Manchester ICB - 01W ,ICB sub-locations,Persons,All ages,,,2013/14,2.19202177087482,2.1394731633621,2.24553491173536,,,6605,301320,,,Not compared,Not compared,20130000,New data,,1y
253,COPD: QOF prevalence,E54000010,NHS Staffordshire and Stoke-on-Trent Integrated Care Board - QNC,E38000175,Staffordshire and Stoke-on-Trent ICB - 05W ,ICB sub-locations,Persons,All ages,,,2013/14,2.41114621564235,2.35336200022537,2.46999074008796,,,6609,274102,,,Not compared,Not compared,20130000,New data,,1y
253,COPD: QOF prevalence,E54000050,NHS North East and North Cumbria Integrated Care Board - QHM,E38000176,North East and North Cumbria ICB - 00P ,ICB sub-locations,Persons,All ages,,,2013/14,3.22658030466595,3.16078860698302,3.29339667966047,,,9146,283458,,,Not compared,Not compared,20130000,New data,,1y
253,COPD: QOF prevalence,E54000026,NHS Mid and South Essex Integrated Care Board - QH8,E38000185,Mid and South Essex ICB - 07G ,ICB sub-locations,Persons,All ages,,,2013/14,1.8004071847631,1.73643540284445,1.86613308929996,,,2989,166018,,,Not compared,Not compared,20130000,New data,,1y
253,COPD: QOF prevalence,E54000057,NHS Greater Manchester Integrated Care Board - QOP,E38000187,Greater Manchester ICB - 02A ,ICB sub-locations,Persons,All ages,,,2013/14,1.82221096618969,1.76825472650393,1.87739517078774,,,4317,236910,,,Not compared,Not compared,20130000,New data,,1y
253,COPD: QOF prevalence,E54000051,NHS Humber and North Yorkshire Integrated Care Board - QOQ,E38000188,Humber and North Yorkshire ICB - 03Q ,ICB sub-locations,Persons,All ages,,,2013/14,1.61351222816297,1.57151858288188,1.65634386384205,,,5598,346945,,,Not compared,Not compared,20130000,New data,,1y
253,COPD: QOF prevalence,E54000054,NHS West Yorkshire Integrated Care Board - QWO,E38000190,West Yorkshire ICB - 03R ,ICB sub-locations,Persons,All ages,,,2013/14,2.81193901509547,2.75728822759779,2.86740056611867,,,10072,358187,,,Not compared,Not compared,20130000,New data,,1y
253,COPD: QOF prevalence,E54000008,NHS Cheshire and Merseyside Integrated Care Board - QYG,E38000194,Cheshire and Merseyside ICB - 02E ,ICB sub-locations,Persons,All ages,,,2013/14,1.81293193221623,1.75596581384027,1.8712755405347,,,3830,211260,,,Not compared,Not compared,20130000,New data,,1y
253,COPD: QOF prevalence,E54000025,NHS Hertfordshire and West Essex Integrated Care Board - QM7,E38000197,Hertfordshire and West Essex ICB - 07H ,ICB sub-locations,Persons,All ages,,,2013/14,1.64480032503259,1.59886954850621,1.69171578852774,,,4858,295355,,,Not compared,Not compared,20130000,New data,,1y
253,COPD: QOF prevalence,E54000048,NHS Lancashire and South Cumbria Integrated Care Board - QE1,E38000200,Lancashire and South Cumbria ICB - 02G ,ICB sub-locations,Persons,All ages,,,2013/14,2.13853107748379,2.05371534096666,2.22595007397176,,,2394,111946,,,Not compared,Not compared,20130000,New data,,1y
253,COPD: QOF prevalence,E54000015,"NHS Leicester, Leicestershire and Rutland Integrated Care Board - QK1",E38000201,"Leicester, Leicestershire and Rutland ICB - 04V ",ICB sub-locations,Persons,All ages,,,2013/14,1.69042611201994,1.64891578042098,1.73271722159108,,,6293,372273,,,Not compared,Not compared,20130000,New data,,1y
253,COPD: QOF prevalence,E54000023,NHS Suffolk and North East Essex Integrated Care Board - QJG,E38000204,Suffolk and North East Essex ICB - 07K ,ICB sub-locations,Persons,All ages,,,2013/14,1.94249806747625,1.88720429634951,1.9990006403307,,,4674,240618,,,Not compared,Not compared,20130000,New data,,1y
253,COPD: QOF prevalence,E54000057,NHS Greater Manchester Integrated Care Board - QOP,E38000205,Greater Manchester ICB - 02H ,ICB sub-locations,Persons,All ages,,,2013/14,2.25596245360458,2.20428963536137,2.30854083386953,,,7239,320883,,,Not compared,Not compared,20130000,New data,,1y
253,COPD: QOF prevalence,E54000008,NHS Cheshire and Merseyside Integrated Care Board - QYG,E38000208,Cheshire and Merseyside ICB - 12F ,ICB sub-locations,Persons,All ages,,,2013/14,2.29996780105263,2.24869038886369,2.35211954634485,,,7643,332309,,,Not compared,Not compared,20130000,New data,,1y
253,COPD: QOF prevalence,E54000050,NHS North East and North Cumbria Integrated Care Board - QHM,E38000212,North East and North Cumbria ICB - 13T ,ICB sub-locations,Persons,All ages,,,2013/14,2.33552684118897,2.29406505089979,2.37771975522456,,,11698,500872,Aggregated from values for merged CCGs,,Not compared,Not compared,20130000,New data,,1y
253,COPD: QOF prevalence,E54000050,NHS North East and North Cumbria Integrated Care Board - QHM,E38000215,North East and North Cumbria ICB - 01H ,ICB sub-locations,Persons,All ages,,,2013/14,2.22464897996066,2.18429692217173,2.26555924715933,,,11571,520127,Value for Cumbria CCG (pre April 2017 boundaries),,Not compared,Not compared,20130000,New data,,1y
253,COPD: QOF prevalence,E54000057,NHS Greater Manchester Integrated Care Board - QOP,E38000217,Greater Manchester ICB - 14L ,ICB sub-locations,Persons,All ages,,,2013/14,1.90777774311297,,,,,11007,576954,Aggregated from values for merged CCGs,,Not compared,Not compared,20130000,New data,,1y
253,COPD: QOF prevalence,E54000037,NHS Devon Integrated Care Board - QJK,E38000230,Devon ICB - 15N ,ICB sub-locations,Persons,All ages,,,2013/14,2.00307844520134,1.97813003340249,2.0283349983443,1.96388190193137,2.04304099765425,23971,1196708,Aggregated from values for merged local authorities,,Higher 99.8,Not compared,20130000,New data,,1y
253,COPD: QOF prevalence,E54000040,"NHS Bath and North East Somerset, Swindon and Wiltshire Integrated Care Board - QOX",E38000231,"Bath and North East Somerset, Swindon and Wiltshire ICB - 92G ",ICB sub-locations,Persons,All ages,,,2013/14,1.57204013540668,1.54660630869495,1.59788543126156,1.53212442950525,1.6129787116951,14215,904239,Aggregated from values for merged CCGs,,Lower 99.8,Not compared,20130000,New data,,1y
253,COPD: QOF prevalence,E54000054,NHS West Yorkshire Integrated Care Board - QWO,E38000232,West Yorkshire ICB - 36J ,ICB sub-locations,Persons,All ages,,,2013/14,2.0408096578609,2.00568737043615,2.07653395096314,1.98570405620416,2.09741177981568,12491,612061,Aggregated from values for merged CCGs,,Higher 99.8,Not compared,20130000,New data,,1y
253,COPD: QOF prevalence,E54000008,NHS Cheshire and Merseyside Integrated Care Board - QYG,E38000233,Cheshire and Merseyside ICB - 27D ,ICB sub-locations,Persons,All ages,,,2013/14,1.77390628017106,1.74409165755731,1.80422121428082,1.72712340774573,1.82193287429001,13137,740569,Aggregated from values for merged CCGs,,Similar,Not compared,20130000,New data,,1y
253,COPD: QOF prevalence,E54000050,NHS North East and North Cumbria Integrated Care Board - QHM,E38000234,North East and North Cumbria ICB - 84H ,ICB sub-locations,Persons,All ages,,,2013/14,2.80714363780178,2.76341612681838,2.85154278901846,2.73850212870918,2.87745476900197,15154,539837,Aggregated from values for merged CCGs,,Higher 99.8,Not compared,20130000,New data,,1y
253,COPD: QOF prevalence,E54000053,NHS Sussex Integrated Care Board - QNX,E38000235,Sussex ICB - 97R ,ICB sub-locations,Persons,All ages,,,2013/14,2.0553700632822,2.01779444323495,2.09363046959879,1.99643340852311,2.11600901965197,11056,537908,Aggregated from values for merged CCGs,,Higher 99.8,Not compared,20130000,New data,,1y
253,COPD: QOF prevalence,E54000019,NHS Herefordshire and Worcestershire Integrated Care Board - QGH,E38000236,Herefordshire and Worcestershire ICB - 18C ,ICB sub-locations,Persons,All ages,,,2013/14,1.80721628408025,1.77756868297903,1.83734911990228,1.76069002184691,1.85494878900568,13790,763052,Aggregated from values for merged CCGs,,Similar,Not compared,20130000,New data,,1y
253,COPD: QOF prevalence,E54000032,NHS Kent and Medway Integrated Care Board - QKS,E38000237,Kent and Medway ICB - 91Q ,ICB sub-locations,Persons,All ages,,,2013/14,1.80205125933146,1.78275104555139,1.821556543711,1.77171367637713,1.83289862851881,32540,1805720,Aggregated from values for merged CCGs,,Similar,Not compared,20130000,New data,,1y
253,COPD: QOF prevalence,E54000013,NHS Lincolnshire Integrated Care Board - QJM,E38000238,Lincolnshire ICB - 71E ,ICB sub-locations,Persons,All ages,,,2013/14,2.10653197859141,2.07455580864803,2.13899024762277,2.05633309520961,2.15792930981276,16078,763245,Aggregated from values for merged CCGs,,Higher 99.8,Not compared,20130000,New data,,1y
253,COPD: QOF prevalence,E54000028,NHS North Central London Integrated Care Board - QMJ,E38000240,North Central London ICB - 93C ,ICB sub-locations,Persons,All ages,,,2013/14,1.09036611762527,1.07369819974084,1.10728988937186,1.06420140101866,1.11716686242077,16014,1468681,Aggregated from values for merged CCGs,,Lower 99.8,Not compared,20130000,New data,,1y
253,COPD: QOF prevalence,E54000051,NHS Humber and North Yorkshire Integrated Care Board - QOQ,E38000241,Humber and North Yorkshire ICB - 42D ,ICB sub-locations,Persons,All ages,,,2013/14,1.85763884763179,1.81728014954467,1.89887650908014,1.79440064062804,1.9230620521947,7817,420803,Aggregated from values for merged CCGs,,Higher 99.8,Not compared,20130000,New data,,1y
253,COPD: QOF prevalence,E54000060,NHS Nottingham and Nottinghamshire Integrated Care Board - QT1,E38000243,Nottingham and Nottinghamshire ICB - 52R ,ICB sub-locations,Persons,All ages,,,2013/14,1.84489574976076,1.81914301367708,1.87100610749503,1.80445322181625,1.88622728941618,19086,1034530,Aggregated from values for merged CCGs,,Higher 99.8,Not compared,20130000,New data,,1y
253,COPD: QOF prevalence,E54000030,NHS South East London Integrated Care Board - QKK,E38000244,South East London ICB - 72Q ,ICB sub-locations,Persons,All ages,,,2013/14,1.32624609697261,1.30972613990908,1.34297158956253,1.30029217853281,1.35271095742222,24130,1819421,Aggregated from values for merged CCGs,,Lower 99.8,Not compared,20130000,New data,,1y
253,COPD: QOF prevalence,E54000031,NHS South West London Integrated Care Board - QWE,E38000245,South West London ICB - 36L ,ICB sub-locations,Persons,All ages,,,2013/14,1.05195935770431,1.03613849361286,1.06801918454476,1.02712257983475,1.07739017422784,16555,1573730,Aggregated from values for merged CCGs,,Lower 99.8,Not compared,20130000,New data,,1y
253,COPD: QOF prevalence,E54000052,NHS Surrey Heartlands Integrated Care Board - QXU,E38000246,Surrey Heartlands  ICB - 92A ,ICB sub-locations,Persons,All ages,,,2013/14,1.23177313184729,1.21084498895042,1.25305840688372,1.19893686430779,1.26549719429038,12923,1049138,Aggregated from values for merged CCGs,,Lower 99.8,Not compared,20130000,New data,,1y
253,COPD: QOF prevalence,E54000050,NHS North East and North Cumbria Integrated Care Board - QHM,E38000247,North East and North Cumbria ICB - 16C ,ICB sub-locations,Persons,All ages,,,2013/14,2.68560821766555,2.64772955009476,2.72401361822725,2.62612332713625,2.74640251020476,18534,690123,Aggregated from values for merged CCGs,,Higher 99.8,Not compared,20130000,New data,,1y
253,COPD: QOF prevalence,E54000053,NHS Sussex Integrated Care Board - QNX,E38000248,Sussex ICB - 70F ,ICB sub-locations,Persons,All ages,,,2013/14,1.64621050664115,1.61938827069342,1.6734694474227,1.60411708231126,1.68938953428365,14004,850681,Aggregated from values for merged CCGs,,Lower 99.8,Not compared,20130000,New data,,1y
253,COPD: QOF prevalence,,,E92000001,England,England,Persons,All ages,,,2014/15,1.82087419519292,1.81740068005149,1.82435274416336,1.81540111923245,1.82636249921699,1034578,56817654,,,Not compared,Not compared,20140000,New data,,1y
253,COPD: QOF prevalence,,,E92000001,England,England,Persons,All ages,"County & UA deprivation deciles in England (IMD2019, 4/23 geography)",Most deprived decile (IMD2019),2014/15,2.20057831104067,2.18848235184646,2.21273961336294,2.18153648968253,2.21978256962113,123676,5620159,Aggregated from all known lower geography values,,Higher 99.8,Not compared,20140000,New data,,1y
253,COPD: QOF prevalence,,,E92000001,England,England,Persons,All ages,"County & UA deprivation deciles in England (IMD2019, 4/23 geography)",Second most deprived decile (IMD2019),2014/15,2.35985209690457,2.34417953332782,2.37562689409409,2.33518781115774,2.38477052620048,84487,3580182,Aggregated from all known lower geography values,,Higher 99.8,Not compared,20140000,New data,,1y
253,COPD: QOF prevalence,,,E92000001,England,England,Persons,All ages,"County & UA deprivation deciles in England (IMD2019, 4/23 geography)",Third more deprived decile (IMD2019),2014/15,1.95519329942499,1.94295921142155,1.96750287524067,1.93593827401685,1.97463598081229,95606,4889849,Aggregated from all known lower geography values,,Higher 99.8,Not compared,20140000,New data,,1y
253,COPD: QOF prevalence,,,E92000001,England,England,Persons,All ages,"County & UA deprivation deciles in England (IMD2019, 4/23 geography)",Fourth more deprived decile (IMD2019),2014/15,1.75083442228691,1.73940519415752,1.76233740230087,1.73284760867654,1.76900457652065,88001,5026232,Aggregated from all known lower geography values,,Lower 99.8,Not compared,20140000,New data,,1y
253,COPD: QOF prevalence,,,E92000001,England,England,Persons,All ages,"County & UA deprivation deciles in England (IMD2019, 4/23 geography)",Fifth more deprived decile (IMD2019),2014/15,1.81743810037182,1.80610060532663,1.82884543913411,1.7995941562915,1.83545566972907,96327,5300153,Aggregated from all known lower geography values,,Similar,Not compared,20140000,New data,,1y
253,COPD: QOF prevalence,,,E92000001,England,England,Persons,All ages,"County & UA deprivation deciles in England (IMD2019, 4/23 geography)",Fifth less deprived decile (IMD2019),2014/15,1.88515285371428,1.87349814182171,1.89687866604645,1.86680933154131,1.90367312526102,98012,5199154,Aggregated from all known lower geography values,,Higher 99.8,Not compared,20140000,New data,,1y
253,COPD: QOF prevalence,,,E92000001,England,England,Persons,All ages,"County & UA deprivation deciles in England (IMD2019, 4/23 geography)",Fourth less deprived decile (IMD2019),2014/15,1.86724983240932,1.85766830109635,1.87687983849238,1.85216481323469,1.88245535559629,142447,7628706,Aggregated from all known lower geography values,,Higher 99.8,Not compared,20140000,New data,,1y
253,COPD: QOF prevalence,,,E92000001,England,England,Persons,All ages,"County & UA deprivation deciles in England (IMD2019, 4/23 geography)",Third less deprived decile (IMD2019),2014/15,1.70107177161671,1.69144895496711,1.7107483807353,1.68592406071725,1.71635320584942,117345,6898298,Aggregated from all known lower geography values,,Lower 99.8,Not compared,20140000,New data,,1y
253,COPD: QOF prevalence,,,E92000001,England,England,Persons,All ages,"County & UA deprivation deciles in England (IMD2019, 4/23 geography)",Second least deprived decile (IMD2019),2014/15,1.60250752098022,1.5939425443,1.61111776766393,1.58902382509187,1.61610375411921,131625,8213690,Aggregated from all known lower geography values,,Lower 99.8,Not compared,20140000,New data,,1y
253,COPD: QOF prevalence,,,E92000001,England,England,Persons,All ages,"County & UA deprivation deciles in England (IMD2019, 4/23 geography)",Least deprived decile (IMD2019),2014/15,1.27883985384303,1.26845533708943,1.28930827576511,1.26250477106191,1.29538351737798,57052,4461231,Aggregated from all known lower geography values,,Lower 99.8,Not compared,20140000,New data,,1y
253,COPD: QOF prevalence,,,E92000001,England,England,Persons,All ages,"District & UA deprivation deciles in England (IMD2019, 4/23 geography)",Most deprived decile (IMD2019),2014/15,2.24278397671856,2.23257919082945,2.25303433224305,2.22671497720543,2.25896625833929,180583,8051734,Aggregated from all known lower geography values,,Higher 99.8,Not compared,20140000,New data,,1y
253,COPD: QOF prevalence,,,E92000001,England,England,Persons,All ages,"District & UA deprivation deciles in England (IMD2019, 4/23 geography)",Second most deprived decile (IMD2019),2014/15,2.125199699976,2.11513922992273,2.13530697789252,2.10935879888959,2.14115696129361,166999,7858038,Aggregated from all known lower geography values,,Higher 99.8,Not compared,20140000,New data,,1y
253,COPD: QOF prevalence,,,E92000001,England,England,Persons,All ages,"District & UA deprivation deciles in England (IMD2019, 4/23 geography)",Third more deprived decile (IMD2019),2014/15,1.78884229453141,1.7793846608705,1.79834927622187,1.77395301551784,1.80385424840202,134269,7505916,Aggregated from all known lower geography values,,Lower 99.8,Not compared,20140000,New data,,1y
253,COPD: QOF prevalence,,,E92000001,England,England,Persons,All ages,"District & UA deprivation deciles in England (IMD2019, 4/23 geography)",Fourth more deprived decile (IMD2019),2014/15,1.83512322818282,1.8239228206057,1.8463911220674,1.81749436165504,1.85291985968259,100625,5483283,Aggregated from all known lower geography values,,Similar,Not compared,20140000,New data,,1y
253,COPD: QOF prevalence,,,E92000001,England,England,Persons,All ages,"District & UA deprivation deciles in England (IMD2019, 4/23 geography)",Fifth more deprived decile (IMD2019),2014/15,1.82785410112019,1.81590376404448,1.83988160881346,1.80904721508832,1.84685282643103,87662,4795897,Aggregated from all known lower geography values,,Similar,Not compared,20140000,New data,,1y
253,COPD: QOF prevalence,,,E92000001,England,England,Persons,All ages,"District & UA deprivation deciles in England (IMD2019, 4/23 geography)",Fifth less deprived decile (IMD2019),2014/15,1.67297251284742,1.66286118788087,1.68314426917553,1.65705758321857,1.68903766949559,102788,6144034,Aggregated from all known lower geography values,,Lower 99.8,Not compared,20140000,New data,,1y
253,COPD: QOF prevalence,,,E92000001,England,England,Persons,All ages,"District & UA deprivation deciles in England (IMD2019, 4/23 geography)",Fourth less deprived decile (IMD2019),2014/15,1.70058392992306,1.68954456453367,1.71169416987872,1.68321050163562,1.71813354608457,89038,5235731,Aggregated from all known lower geography values,,Lower 99.8,Not compared,20140000,New data,,1y
253,COPD: QOF prevalence,,,E92000001,England,England,Persons,All ages,"District & UA deprivation deciles in England (IMD2019, 4/23 geography)",Third less deprived decile (IMD2019),2014/15,1.6203381122389,1.6080616701703,1.63270672126088,1.60102382724681,1.63988151601294,65346,4032862,Aggregated from all known lower geography values,,Lower 99.8,Not compared,20140000,New data,,1y
253,COPD: QOF prevalence,,,E92000001,England,England,Persons,All ages,"District & UA deprivation deciles in England (IMD2019, 4/23 geography)",Second least deprived decile (IMD2019),2014/15,1.52971631878659,1.51734666040635,1.54218523755511,1.51025825715422,1.54942113281787,57390,3751676,Aggregated from all known lower geography values,,Lower 99.8,Not compared,20140000,New data,,1y
253,COPD: QOF prevalence,,,E92000001,England,England,Persons,All ages,"District & UA deprivation deciles in England (IMD2019, 4/23 geography)",Least deprived decile (IMD2019),2014/15,1.26002814714627,1.24908730742609,1.27106358492999,1.24282074448039,1.27747071210974,49878,3958483,Aggregated from all known lower geography values,,Lower 99.8,Not compared,20140000,New data,,1y
253,COPD: QOF prevalence,,,E92000001,England,England,Persons,All ages,"County & UA deprivation deciles in England (IMD2025, 4/23 geography)",Most deprived decile (IMD2025),2014/15,2.40456027652443,2.38904136868622,2.42017749374116,2.38013648433351,2.42922845698631,89440,3719599,Aggregated from all known lower geography values,,Higher 99.8,Not compared,20140000,New data,,1y
253,COPD: QOF prevalence,,,E92000001,England,England,Persons,All ages,"County & UA deprivation deciles in England (IMD2025, 4/23 geography)",Second most deprived decile (IMD2025),2014/15,1.72660840080107,1.71538181660293,1.73790715993436,1.70894037760723,1.74445584446679,88724,5138629,Aggregated from all known lower geography values,,Lower 99.8,Not compared,20140000,New data,,1y
253,COPD: QOF prevalence,,,E92000001,England,England,Persons,All ages,"County & UA deprivation deciles in England (IMD2025, 4/23 geography)",Third more deprived decile (IMD2025),2014/15,1.88247225756675,1.86995666101117,1.89507000316536,1.86277639194005,1.90237233837854,84714,4500146,Aggregated from all known lower geography values,,Higher 99.8,Not compared,20140000,New data,,1y
253,COPD: QOF prevalence,,,E92000001,England,England,Persons,All ages,"County & UA deprivation deciles in England (IMD2025, 4/23 geography)",Fourth more deprived decile (IMD2025),2014/15,2.15395250734869,2.14050047522093,2.16748720666357,2.13278042998281,2.17533008795647,95780,4446709,Aggregated from all known lower geography values,,Higher 99.8,Not compared,20140000,New data,,1y
253,COPD: QOF prevalence,,,E92000001,England,England,Persons,All ages,"County & UA deprivation deciles in England (IMD2025, 4/23 geography)",Fifth more deprived decile (IMD2025),2014/15,1.69118020392208,1.68006979234116,1.70236281721723,1.67369535810637,1.70884453678017,86935,5140493,Aggregated from all known lower geography values,,Lower 99.8,Not compared,20140000,New data,,1y
253,COPD: QOF prevalence,,,E92000001,England,England,Persons,All ages,"County & UA deprivation deciles in England (IMD2025, 4/23 geography)",Fifth less deprived decile (IMD2025),2014/15,1.85697947131657,1.84698648240883,1.86702549815201,1.84124778066268,1.87284300958178,129503,6973852,Aggregated from all known lower geography values,,Higher 99.8,Not compared,20140000,New data,,1y
253,COPD: QOF prevalence,,,E92000001,England,England,Persons,All ages,"County & UA deprivation deciles in England (IMD2025, 4/23 geography)",Fourth less deprived decile (IMD2025),2014/15,1.65784731126861,1.64843636712724,1.6673110717958,1.64303321236892,1.67279270704692,116581,7032071,Aggregated from all known lower geography values,,Lower 99.8,Not compared,20140000,New data,,1y
253,COPD: QOF prevalence,,,E92000001,England,England,Persons,All ages,"County & UA deprivation deciles in England (IMD2025, 4/23 geography)",Third less deprived decile (IMD2025),2014/15,1.85422913043926,1.84302525998139,1.86549981552351,1.83659450100497,1.87202985510764,102654,5536209,Aggregated from all known lower geography values,,Higher 99.8,Not compared,20140000,New data,,1y
253,COPD: QOF prevalence,,,E92000001,England,England,Persons,All ages,"County & UA deprivation deciles in England (IMD2025, 4/23 geography)",Second least deprived decile (IMD2025),2014/15,1.69834220733089,1.68990692073034,1.70681886822966,1.68506123004044,1.71172603749701,152329,8969276,Aggregated from all known lower geography values,,Lower 99.8,Not compared,20140000,New data,,1y
253,COPD: QOF prevalence,,,E92000001,England,England,Persons,All ages,"County & UA deprivation deciles in England (IMD2025, 4/23 geography)",Least deprived decile (IMD2025),2014/15,1.64005618700648,1.62933909182319,1.65084259166029,1.6231901650733,1.65709450612917,87918,5360670,Aggregated from all known lower geography values,,Lower 99.8,Not compared,20140000,New data,,1y
253,COPD: QOF prevalence,,,E92000001,England,England,Persons,All ages,"District & UA deprivation deciles in England (IMD2025, 4/23 geography)",Most deprived decile (IMD2025),2014/15,2.15083240666899,2.14112801878412,2.16057980734659,2.13555121450958,2.16622052485433,183827,8546784,Aggregated from all known lower geography values,,Higher 99.8,Not compared,20140000,New data,,1y
253,COPD: QOF prevalence,,,E92000001,England,England,Persons,All ages,"District & UA deprivation deciles in England (IMD2025, 4/23 geography)",Second most deprived decile (IMD2025),2014/15,2.13867305732385,2.12837759321929,2.14901722949616,2.1224625068059,2.15500469181067,161456,7549354,Aggregated from all known lower geography values,,Higher 99.8,Not compared,20140000,New data,,1y
253,COPD: QOF prevalence,,,E92000001,England,England,Persons,All ages,"District & UA deprivation deciles in England (IMD2025, 4/23 geography)",Third more deprived decile (IMD2025),2014/15,1.92819971541341,1.91761589168543,1.93884079931839,1.91153838061582,1.94500339395227,124370,6450058,Aggregated from all known lower geography values,,Higher 99.8,Not compared,20140000,New data,,1y
253,COPD: QOF prevalence,,,E92000001,England,England,Persons,All ages,"District & UA deprivation deciles in England (IMD2025, 4/23 geography)",Fourth more deprived decile (IMD2025),2014/15,1.7310618359048,1.72092523940068,1.74125708115516,1.7151062569659,1.74716321044288,109458,6323171,Aggregated from all known lower geography values,,Lower 99.8,Not compared,20140000,New data,,1y
253,COPD: QOF prevalence,,,E92000001,England,England,Persons,All ages,"District & UA deprivation deciles in England (IMD2025, 4/23 geography)",Fifth more deprived decile (IMD2025),2014/15,1.71216718565307,1.70085721292917,1.72355104620599,1.69436845915881,1.73014959071628,85968,5021005,Aggregated from all known lower geography values,,Lower 99.8,Not compared,20140000,New data,,1y
253,COPD: QOF prevalence,,,E92000001,England,England,Persons,All ages,"District & UA deprivation deciles in England (IMD2025, 4/23 geography)",Fifth less deprived decile (IMD2025),2014/15,1.80713753294423,1.79647344055728,1.81786375690449,1.79035184036886,1.82407767911052,107693,5959314,Aggregated from all known lower geography values,,Similar,Not compared,20140000,New data,,1y
253,COPD: QOF prevalence,,,E92000001,England,England,Persons,All ages,"District & UA deprivation deciles in England (IMD2025, 4/23 geography)",Fourth less deprived decile (IMD2025),2014/15,1.77877485042135,1.76685700726546,1.79077161661062,1.76001998664537,1.79772590982082,83499,4694186,Aggregated from all known lower geography values,,Lower 99.8,Not compared,20140000,New data,,1y
253,COPD: QOF prevalence,,,E92000001,England,England,Persons,All ages,"District & UA deprivation deciles in England (IMD2025, 4/23 geography)",Third less deprived decile (IMD2025),2014/15,1.60041913541388,1.58879026169627,1.61213173032093,1.58212204177188,1.61892435245309,71083,4441524,Aggregated from all known lower geography values,,Lower 99.8,Not compared,20140000,New data,,1y
253,COPD: QOF prevalence,,,E92000001,England,England,Persons,All ages,"District & UA deprivation deciles in England (IMD2025, 4/23 geography)",Second least deprived decile (IMD2025),2014/15,1.45784688573812,1.44676768179189,1.46900966847831,1.44041637098015,1.47548516991207,65052,4462197,Aggregated from all known lower geography values,,Lower 99.8,Not compared,20140000,New data,,1y
253,COPD: QOF prevalence,,,E92000001,England,England,Persons,All ages,"District & UA deprivation deciles in England (IMD2025, 4/23 geography)",Least deprived decile (IMD2025),2014/15,1.25137200780639,1.23955916701381,1.26329598346188,1.23279719509938,1.2702230917408,42172,3370061,Aggregated from all known lower geography values,,Lower 99.8,Not compared,20140000,New data,,1y
253,COPD: QOF prevalence,E54000061,NHS South Yorkshire Integrated Care Board - QF7,E38000006,South Yorkshire ICB - 02P ,ICB sub-locations,Persons,All ages,,,2014/15,3.16509428322034,3.0973045842867,3.23431815215497,,,7941,250893,,,Not compared,Not compared,20140000,New data,,1y
253,COPD: QOF prevalence,E54000026,NHS Mid and South Essex Integrated Care Board - QH8,E38000007,Mid and South Essex ICB - 99E ,ICB sub-locations,Persons,All ages,,,2014/15,1.90947457113504,1.85858796216433,1.96172656455476,,,5167,270598,,,Not compared,Not compared,20140000,New data,,1y
253,COPD: QOF prevalence,E54000060,NHS Nottingham and Nottinghamshire Integrated Care Board - QT1,E38000008,Nottingham and Nottinghamshire ICB - 02Q ,ICB sub-locations,Persons,All ages,,,2014/15,2.49801884300431,2.40884732913761,2.59040371836645,,,2837,113570,,,Not compared,Not compared,20140000,New data,,1y
253,COPD: QOF prevalence,E54000048,NHS Lancashire and South Cumbria Integrated Care Board - QE1,E38000014,Lancashire and South Cumbria ICB - 00Q ,ICB sub-locations,Persons,All ages,,,2014/15,2.28474408986229,2.21483160301868,2.35681021742284,,,3889,170216,,,Not compared,Not compared,20140000,New data,,1y
253,COPD: QOF prevalence,E54000048,NHS Lancashire and South Cumbria Integrated Care Board - QE1,E38000015,Lancashire and South Cumbria ICB - 00R ,ICB sub-locations,Persons,All ages,,,2014/15,3.63300851058876,3.54555894097806,3.72253174051526,,,6241,171786,,,Not compared,Not compared,20140000,New data,,1y
253,COPD: QOF prevalence,E54000057,NHS Greater Manchester Integrated Care Board - QOP,E38000016,Greater Manchester ICB - 00T ,ICB sub-locations,Persons,All ages,,,2014/15,2.23831336387094,2.18598442332188,2.29186562370307,,,6714,299958,,,Not compared,Not compared,20140000,New data,,1y
253,COPD: QOF prevalence,E54000053,NHS Sussex Integrated Care Board - QNX,E38000021,Sussex ICB - 09D ,ICB sub-locations,Persons,All ages,,,2014/15,1.28226118049234,1.24296694858021,1.32278099235919,,,3916,305398,,,Not compared,Not compared,20140000,New data,,1y
253,COPD: QOF prevalence,E54000057,NHS Greater Manchester Integrated Care Board - QOP,E38000024,Greater Manchester ICB - 00V ,ICB sub-locations,Persons,All ages,,,2014/15,2.13787393863519,2.07510012316286,2.20250401245928,,,4235,198094,,,Not compared,Not compared,20140000,New data,,1y
253,COPD: QOF prevalence,E54000054,NHS West Yorkshire Integrated Care Board - QWO,E38000025,West Yorkshire ICB - 02T ,ICB sub-locations,Persons,All ages,,,2014/15,2.10773157404933,2.04814520851775,2.16901308945849,,,4575,217058,,,Not compared,Not compared,20140000,New data,,1y
253,COPD: QOF prevalence,E54000010,NHS Staffordshire and Stoke-on-Trent Integrated Care Board - QNC,E38000028,Staffordshire and Stoke-on-Trent ICB - 04Y ,ICB sub-locations,Persons,All ages,,,2014/15,2.25668669057354,2.17775204565643,2.33841400214337,,,2964,131343,,,Not compared,Not compared,20140000,New data,,1y
253,COPD: QOF prevalence,E54000026,NHS Mid and South Essex Integrated Care Board - QH8,E38000030,Mid and South Essex ICB - 99F ,ICB sub-locations,Persons,All ages,,,2014/15,2.14406961222169,2.07853274942535,2.21162620404628,,,3903,182037,,,Not compared,Not compared,20140000,New data,,1y
253,COPD: QOF prevalence,E54000048,NHS Lancashire and South Cumbria Integrated Care Board - QE1,E38000034,Lancashire and South Cumbria ICB - 00X ,ICB sub-locations,Persons,All ages,,,2014/15,2.25275189324625,2.18476485855678,2.32280435537612,,,4001,177605,,,Not compared,Not compared,20140000,New data,,1y
253,COPD: QOF prevalence,E54000061,NHS South Yorkshire Integrated Care Board - QF7,E38000044,South Yorkshire ICB - 02X ,ICB sub-locations,Persons,All ages,,,2014/15,2.63795036028823,2.58231886980766,2.69474718063315,,,8237,312250,,,Not compared,Not compared,20140000,New data,,1y
253,COPD: QOF prevalence,E54000041,NHS Dorset Integrated Care Board - QVV,E38000045,Dorset ICB - 11J ,ICB sub-locations,Persons,All ages,,,2014/15,1.86243767093829,1.83273809719942,1.8926092482732,,,14593,783543,,,Not compared,Not compared,20140000,New data,,1y
253,COPD: QOF prevalence,E54000025,NHS Hertfordshire and West Essex Integrated Care Board - QM7,E38000049,Hertfordshire and West Essex ICB - 06K ,ICB sub-locations,Persons,All ages,,,2014/15,1.51794977321638,1.4868868678317,1.54965141297752,,,8852,583155,,,Not compared,Not compared,20140000,New data,,1y
253,COPD: QOF prevalence,E54000048,NHS Lancashire and South Cumbria Integrated Care Board - QE1,E38000050,Lancashire and South Cumbria ICB - 01A ,ICB sub-locations,Persons,All ages,,,2014/15,2.4457840044386,2.39670673532127,2.4958405289205,,,9125,373091,,,Not compared,Not compared,20140000,New data,,1y
253,COPD: QOF prevalence,E54000015,"NHS Leicester, Leicestershire and Rutland Integrated Care Board - QK1",E38000051,"Leicester, Leicestershire and Rutland ICB - 03W ",ICB sub-locations,Persons,All ages,,,2014/15,1.69297565514033,1.64901955539956,1.7380827378803,,,5459,322450,,,Not compared,Not compared,20140000,New data,,1y
253,COPD: QOF prevalence,E54000051,NHS Humber and North Yorkshire Integrated Care Board - QOQ,E38000052,Humber and North Yorkshire ICB - 02Y ,ICB sub-locations,Persons,All ages,,,2014/15,2.24781664816134,2.19552906248137,2.30132018737646,,,6782,301715,,,Not compared,Not compared,20140000,New data,,1y
253,COPD: QOF prevalence,E54000010,NHS Staffordshire and Stoke-on-Trent Integrated Care Board - QNC,E38000053,Staffordshire and Stoke-on-Trent ICB - 05D ,ICB sub-locations,Persons,All ages,,,2014/15,1.66857242740508,1.60215933331997,1.73768987601169,,,2291,137303,,,Not compared,Not compared,20140000,New data,,1y
253,COPD: QOF prevalence,E54000043,NHS Gloucestershire Integrated Care Board - QR1,E38000062,Gloucestershire ICB - 11M ,ICB sub-locations,Persons,All ages,,,2014/15,1.71530763428908,1.68359906933154,1.74760277668209,,,10848,632423,,,Not compared,Not compared,20140000,New data,,1y
253,COPD: QOF prevalence,E54000008,NHS Cheshire and Merseyside Integrated Care Board - QYG,E38000068,Cheshire and Merseyside ICB - 01F ,ICB sub-locations,Persons,All ages,,,2014/15,2.57701584707611,2.49138860883,2.66550558334143,,,3280,127279,,,Not compared,Not compared,20140000,New data,,1y
253,COPD: QOF prevalence,E54000025,NHS Hertfordshire and West Essex Integrated Care Board - QM7,E38000079,Hertfordshire and West Essex ICB - 06N ,ICB sub-locations,Persons,All ages,,,2014/15,1.27119458341073,1.24370678528423,1.29928191055743,,,7938,624452,,,Not compared,Not compared,20140000,New data,,1y
253,COPD: QOF prevalence,E54000057,NHS Greater Manchester Integrated Care Board - QOP,E38000080,Greater Manchester ICB - 01D ,ICB sub-locations,Persons,All ages,,,2014/15,2.3559987317975,2.29399186379737,2.419640146075,,,5276,223939,,,Not compared,Not compared,20140000,New data,,1y
253,COPD: QOF prevalence,E54000051,NHS Humber and North Yorkshire Integrated Care Board - QOQ,E38000085,Humber and North Yorkshire ICB - 03F ,ICB sub-locations,Persons,All ages,,,2014/15,2.62265274989411,2.56515262615748,2.68140631790087,,,7616,290393,,,Not compared,Not compared,20140000,New data,,1y
253,COPD: QOF prevalence,E54000023,NHS Suffolk and North East Essex Integrated Care Board - QJG,E38000086,Suffolk and North East Essex ICB - 06L ,ICB sub-locations,Persons,All ages,,,2014/15,1.68733216108505,1.64773070798609,1.72786867193838,,,6698,396958,,,Not compared,Not compared,20140000,New data,,1y
253,COPD: QOF prevalence,E54000036,NHS Cornwall and the Isles of Scilly Integrated Care Board - QT6,E38000089,Cornwall and The Isles Of Scilly ICB - 11N ,ICB sub-locations,Persons,All ages,,,2014/15,2.07558221518369,2.03834347781909,2.11348659380362,,,11481,553146,,,Not compared,Not compared,20140000,New data,,1y
253,COPD: QOF prevalence,E54000008,NHS Cheshire and Merseyside Integrated Care Board - QYG,E38000091,Cheshire and Merseyside ICB - 01J ,ICB sub-locations,Persons,All ages,,,2014/15,3.52036570065712,3.43144892860843,3.61150034460164,,,5668,161006,,,Not compared,Not compared,20140000,New data,,1y
253,COPD: QOF prevalence,E54000015,"NHS Leicester, Leicestershire and Rutland Integrated Care Board - QK1",E38000097,"Leicester, Leicestershire and Rutland ICB - 04C ",ICB sub-locations,Persons,All ages,,,2014/15,1.43474693350041,1.39749556672576,1.47297643193752,,,5473,381461,,,Not compared,Not compared,20140000,New data,,1y
253,COPD: QOF prevalence,E54000008,NHS Cheshire and Merseyside Integrated Care Board - QYG,E38000101,Cheshire and Merseyside ICB - 99A ,ICB sub-locations,Persons,All ages,,,2014/15,2.88473357202615,2.83890082946303,2.93128393930804,,,14551,504414,,,Not compared,Not compared,20140000,New data,,1y
253,COPD: QOF prevalence,E54000026,NHS Mid and South Essex Integrated Care Board - QH8,E38000106,Mid and South Essex ICB - 06Q ,ICB sub-locations,Persons,All ages,,,2014/15,1.50009735766047,1.46193819747283,1.53923698051069,,,5701,380042,,,Not compared,Not compared,20140000,New data,,1y
253,COPD: QOF prevalence,E54000023,NHS Suffolk and North East Essex Integrated Care Board - QJG,E38000117,Suffolk and North East Essex ICB - 06T ,ICB sub-locations,Persons,All ages,,,2014/15,2.24517247830102,2.19567913571391,2.29575527508565,,,7561,336767,,,Not compared,Not compared,20140000,New data,,1y
253,COPD: QOF prevalence,E54000051,NHS Humber and North Yorkshire Integrated Care Board - QOQ,E38000119,Humber and North Yorkshire ICB - 03H ,ICB sub-locations,Persons,All ages,,,2014/15,2.29927958671027,2.22885594009212,2.37187438104867,,,3881,168792,,,Not compared,Not compared,20140000,New data,,1y
253,COPD: QOF prevalence,E54000051,NHS Humber and North Yorkshire Integrated Care Board - QOQ,E38000122,Humber and North Yorkshire ICB - 03K ,ICB sub-locations,Persons,All ages,,,2014/15,2.11440083166433,2.04713838419424,2.18382403711279,,,3600,170261,,,Not compared,Not compared,20140000,New data,,1y
253,COPD: QOF prevalence,E54000010,NHS Staffordshire and Stoke-on-Trent Integrated Care Board - QNC,E38000126,Staffordshire and Stoke-on-Trent ICB - 05G ,ICB sub-locations,Persons,All ages,,,2014/15,2.18258112731104,2.12172840418242,2.24513911722939,,,4702,215433,,,Not compared,Not compared,20140000,New data,,1y
253,COPD: QOF prevalence,E54000050,NHS North East and North Cumbria Integrated Care Board - QHM,E38000127,North East and North Cumbria ICB - 99C ,ICB sub-locations,Persons,All ages,,,2014/15,2.44879271513072,2.38448722669929,2.51478773419429,,,5295,216229,,,Not compared,Not compared,20140000,New data,,1y
253,COPD: QOF prevalence,E54000050,NHS North East and North Cumbria Integrated Care Board - QHM,E38000130,North East and North Cumbria ICB - 00L,ICB sub-locations,Persons,All ages,,,2014/15,2.54615112358504,2.49231452395026,2.60111962777104,,,8201,322094,,,Not compared,Not compared,20140000,New data,,1y
253,COPD: QOF prevalence,E54000057,NHS Greater Manchester Integrated Care Board - QOP,E38000135,Greater Manchester ICB - 00Y ,ICB sub-locations,Persons,All ages,,,2014/15,2.2203645557232,2.16279132137953,2.27943467565929,,,5445,245230,,,Not compared,Not compared,20140000,New data,,1y
253,COPD: QOF prevalence,E54000044,"NHS Buckinghamshire, Oxfordshire and Berkshire West Integrated Care Board - QU9",E38000136,"Buckinghamshire, Oxfordshire and Berkshire West ICB - 10Q ",ICB sub-locations,Persons,All ages,,,2014/15,1.28833104806103,1.26238166430815,1.31480674158283,,,9161,711075,,,Not compared,Not compared,20140000,New data,,1y
253,COPD: QOF prevalence,E54000042,NHS Hampshire and Isle of Wight Integrated Care Board - QRL,E38000137,Hampshire and Isle Of Wight ICB - 10R ,ICB sub-locations,Persons,All ages,,,2014/15,1.95229253747725,1.89514157509691,2.01113164567975,,,4269,218666,,,Not compared,Not compared,20140000,New data,,1y
253,COPD: QOF prevalence,E54000061,NHS South Yorkshire Integrated Care Board - QF7,E38000141,South Yorkshire ICB - 03L ,ICB sub-locations,Persons,All ages,,,2014/15,2.74152647204354,2.67930027566626,2.80515620305851,,,7092,258688,,,Not compared,Not compared,20140000,New data,,1y
253,COPD: QOF prevalence,E54000057,NHS Greater Manchester Integrated Care Board - QOP,E38000143,Greater Manchester ICB - 01G ,ICB sub-locations,Persons,All ages,,,2014/15,2.70426334207885,2.6423777528366,2.76755711634901,,,6978,258037,,,Not compared,Not compared,20140000,New data,,1y
253,COPD: QOF prevalence,E54000061,NHS South Yorkshire Integrated Care Board - QF7,E38000146,South Yorkshire ICB - 03N ,ICB sub-locations,Persons,All ages,,,2014/15,2.00801843113648,1.97242857398161,2.04423706839911,,,11775,586399,,,Not compared,Not compared,20140000,New data,,1y
253,COPD: QOF prevalence,E54000038,NHS Somerset Integrated Care Board - QSL,E38000150,Somerset ICB - 11X ,ICB sub-locations,Persons,All ages,,,2014/15,2.0388954650697,2.00210121919833,2.07635158169832,,,11351,556723,,,Not compared,Not compared,20140000,New data,,1y
253,COPD: QOF prevalence,E54000010,NHS Staffordshire and Stoke-on-Trent Integrated Care Board - QNC,E38000153,Staffordshire and Stoke-on-Trent ICB - 05Q ,ICB sub-locations,Persons,All ages,,,2014/15,1.74183151551954,1.68727423954556,1.7981206124117,,,3729,214085,,,Not compared,Not compared,20140000,New data,,1y
253,COPD: QOF prevalence,E54000008,NHS Cheshire and Merseyside Integrated Care Board - QYG,E38000161,Cheshire and Merseyside ICB - 01T ,ICB sub-locations,Persons,All ages,,,2014/15,2.8103282441714,2.72724516273733,2.89586702638002,,,4149,147634,,,Not compared,Not compared,20140000,New data,,1y
253,COPD: QOF prevalence,E54000050,NHS North East and North Cumbria Integrated Care Board - QHM,E38000163,North East and North Cumbria ICB - 00N ,ICB sub-locations,Persons,All ages,,,2014/15,3.72039928134547,3.62707512109734,3.81602958000505,,,5736,154177,,,Not compared,Not compared,20140000,New data,,1y
253,COPD: QOF prevalence,E54000026,NHS Mid and South Essex Integrated Care Board - QH8,E38000168,Mid and South Essex ICB - 99G ,ICB sub-locations,Persons,All ages,,,2014/15,2.05034181377639,1.98673599618301,2.11594002504557,,,3791,184896,,,Not compared,Not compared,20140000,New data,,1y
253,COPD: QOF prevalence,E54000008,NHS Cheshire and Merseyside Integrated Care Board - QYG,E38000170,Cheshire and Merseyside ICB - 01V ,ICB sub-locations,Persons,All ages,,,2014/15,2.01265935923166,1.93568552401884,2.09262879274551,,,2477,123071,,,Not compared,Not compared,20140000,New data,,1y
253,COPD: QOF prevalence,E54000008,NHS Cheshire and Merseyside Integrated Care Board - QYG,E38000172,Cheshire and Merseyside ICB - 01X ,ICB sub-locations,Persons,All ages,,,2014/15,3.01772321967451,2.94185144519134,3.09548935645237,,,5750,190541,,,Not compared,Not compared,20140000,New data,,1y
253,COPD: QOF prevalence,E54000010,NHS Staffordshire and Stoke-on-Trent Integrated Care Board - QNC,E38000173,Staffordshire and Stoke-on-Trent ICB - 05V ,ICB sub-locations,Persons,All ages,,,2014/15,1.48727742360958,1.42636431640267,1.55075091095855,,,2165,145568,,,Not compared,Not compared,20140000,New data,,1y
253,COPD: QOF prevalence,E54000057,NHS Greater Manchester Integrated Care Board - QOP,E38000174,Greater Manchester ICB - 01W ,ICB sub-locations,Persons,All ages,,,2014/15,2.21295987917918,2.16120576892181,2.26592463526381,,,6711,303259,,,Not compared,Not compared,20140000,New data,,1y
253,COPD: QOF prevalence,E54000010,NHS Staffordshire and Stoke-on-Trent Integrated Care Board - QNC,E38000175,Staffordshire and Stoke-on-Trent ICB - 05W ,ICB sub-locations,Persons,All ages,,,2014/15,2.47487609768469,2.41836731891997,2.53267101831335,,,7026,283893,,,Not compared,Not compared,20140000,New data,,1y
253,COPD: QOF prevalence,E54000050,NHS North East and North Cumbria Integrated Care Board - QHM,E38000176,North East and North Cumbria ICB - 00P ,ICB sub-locations,Persons,All ages,,,2014/15,3.22048010838426,3.15611755468382,3.28611066730506,,,9128,283436,,,Not compared,Not compared,20140000,New data,,1y
253,COPD: QOF prevalence,E54000026,NHS Mid and South Essex Integrated Care Board - QH8,E38000185,Mid and South Essex ICB - 07G ,ICB sub-locations,Persons,All ages,,,2014/15,1.83240793470008,1.76947248158024,1.89753859478902,,,3089,168576,,,Not compared,Not compared,20140000,New data,,1y
253,COPD: QOF prevalence,E54000057,NHS Greater Manchester Integrated Care Board - QOP,E38000187,Greater Manchester ICB - 02A ,ICB sub-locations,Persons,All ages,,,2014/15,1.87846325897399,1.82467508438001,1.93380578133003,,,4468,237854,,,Not compared,Not compared,20140000,New data,,1y
253,COPD: QOF prevalence,E54000051,NHS Humber and North Yorkshire Integrated Care Board - QOQ,E38000188,Humber and North Yorkshire ICB - 03Q ,ICB sub-locations,Persons,All ages,,,2014/15,1.65228289042696,1.61064271701107,1.69498104744961,,,5801,351090,,,Not compared,Not compared,20140000,New data,,1y
253,COPD: QOF prevalence,E54000054,NHS West Yorkshire Integrated Care Board - QWO,E38000190,West Yorkshire ICB - 03R ,ICB sub-locations,Persons,All ages,,,2014/15,2.82722803129977,2.77366093513049,2.88179899331115,,,10207,361025,,,Not compared,Not compared,20140000,New data,,1y
253,COPD: QOF prevalence,E54000008,NHS Cheshire and Merseyside Integrated Care Board - QYG,E38000194,Cheshire and Merseyside ICB - 02E ,ICB sub-locations,Persons,All ages,,,2014/15,1.79991077927262,1.74430823750451,1.85725223600314,,,3833,212955,,,Not compared,Not compared,20140000,New data,,1y
253,COPD: QOF prevalence,E54000025,NHS Hertfordshire and West Essex Integrated Care Board - QM7,E38000197,Hertfordshire and West Essex ICB - 07H ,ICB sub-locations,Persons,All ages,,,2014/15,1.69362747559135,1.64797661700325,1.74052053666429,,,5060,298767,,,Not compared,Not compared,20140000,New data,,1y
253,COPD: QOF prevalence,E54000048,NHS Lancashire and South Cumbria Integrated Care Board - QE1,E38000200,Lancashire and South Cumbria ICB - 02G ,ICB sub-locations,Persons,All ages,,,2014/15,2.17887658086727,2.09504613006883,2.26598375849306,,,2443,112122,,,Not compared,Not compared,20140000,New data,,1y
253,COPD: QOF prevalence,E54000015,"NHS Leicester, Leicestershire and Rutland Integrated Care Board - QK1",E38000201,"Leicester, Leicestershire and Rutland ICB - 04V ",ICB sub-locations,Persons,All ages,,,2014/15,1.76210044931962,1.72049452940241,1.80469403031068,,,6612,375234,,,Not compared,Not compared,20140000,New data,,1y
253,COPD: QOF prevalence,E54000023,NHS Suffolk and North East Essex Integrated Care Board - QJG,E38000204,Suffolk and North East Essex ICB - 07K ,ICB sub-locations,Persons,All ages,,,2014/15,2.00327434574788,1.94833130090465,2.05973423974637,,,4870,243102,,,Not compared,Not compared,20140000,New data,,1y
253,COPD: QOF prevalence,E54000057,NHS Greater Manchester Integrated Care Board - QOP,E38000205,Greater Manchester ICB - 02H ,ICB sub-locations,Persons,All ages,,,2014/15,2.31496849570481,2.26362056457293,2.36745298827307,,,7462,322337,,,Not compared,Not compared,20140000,New data,,1y
253,COPD: QOF prevalence,E54000008,NHS Cheshire and Merseyside Integrated Care Board - QYG,E38000208,Cheshire and Merseyside ICB - 12F ,ICB sub-locations,Persons,All ages,,,2014/15,2.40267557725159,2.3512180259053,2.45523098623302,,,8003,333087,,,Not compared,Not compared,20140000,New data,,1y
253,COPD: QOF prevalence,E54000050,NHS North East and North Cumbria Integrated Care Board - QHM,E38000212,North East and North Cumbria ICB - 13T ,ICB sub-locations,Persons,All ages,,,2014/15,2.38966472976105,2.34789257893398,2.43216155305619,,,12062,504757,,,Not compared,Not compared,20140000,New data,,1y
253,COPD: QOF prevalence,E54000050,NHS North East and North Cumbria Integrated Care Board - QHM,E38000215,North East and North Cumbria ICB - 01H ,ICB sub-locations,Persons,All ages,,,2014/15,2.27087464517584,2.23069375561639,2.31176218880772,,,11784,518919,Value for Cumbria CCG (pre April 2017 boundaries),,Not compared,Not compared,20140000,New data,,1y
253,COPD: QOF prevalence,E54000057,NHS Greater Manchester Integrated Care Board - QOP,E38000217,Greater Manchester ICB - 14L ,ICB sub-locations,Persons,All ages,,,2014/15,1.95010017754491,,,,,11456,587457,Aggregated from values for merged CCGs,,Not compared,Not compared,20140000,New data,,1y
253,COPD: QOF prevalence,E54000037,NHS Devon Integrated Care Board - QJK,E38000230,Devon ICB - 15N ,ICB sub-locations,Persons,All ages,,,2014/15,2.08644325449541,2.06068275594967,2.112518837728,2.0459694597097,2.12770031884283,24376,1168304,Aggregated from values for merged local authorities,,Higher 99.8,Not compared,20140000,New data,,1y
253,COPD: QOF prevalence,E54000040,"NHS Bath and North East Somerset, Swindon and Wiltshire Integrated Care Board - QOX",E38000231,"Bath and North East Somerset, Swindon and Wiltshire ICB - 92G ",ICB sub-locations,Persons,All ages,,,2014/15,1.60474062798668,1.57918880101438,1.63069904235648,1.5646367076248,1.64585528328445,14675,914478,Aggregated from values for merged CCGs,,Lower 99.8,Not compared,20140000,New data,,1y
253,COPD: QOF prevalence,E54000054,NHS West Yorkshire Integrated Care Board - QWO,E38000232,West Yorkshire ICB - 36J ,ICB sub-locations,Persons,All ages,,,2014/15,2.06299016072491,2.02782070181768,2.09875651373007,2.00780791372157,2.11965622130952,12729,617017,Aggregated from values for merged CCGs,,Higher 99.8,Not compared,20140000,New data,,1y
253,COPD: QOF prevalence,E54000008,NHS Cheshire and Merseyside Integrated Care Board - QYG,E38000233,Cheshire and Merseyside ICB - 27D ,ICB sub-locations,Persons,All ages,,,2014/15,1.80176430866138,1.77180507535339,1.8322206699208,1.75475202661289,1.85001239850202,13421,744881,Aggregated from values for merged CCGs,,Similar,Not compared,20140000,New data,,1y
253,COPD: QOF prevalence,E54000050,NHS North East and North Cumbria Integrated Care Board - QHM,E38000234,North East and North Cumbria ICB - 84H ,ICB sub-locations,Persons,All ages,,,2014/15,2.86558073000784,2.82148841839159,2.91034145063829,2.79636263359777,2.93646041614095,15525,541775,Aggregated from values for merged CCGs,,Higher 99.8,Not compared,20140000,New data,,1y
253,COPD: QOF prevalence,E54000053,NHS Sussex Integrated Care Board - QNX,E38000235,Sussex ICB - 97R ,ICB sub-locations,Persons,All ages,,,2014/15,2.08508745160472,2.04745345930395,2.12339819418252,2.02605519596996,2.14580203247607,11342,543958,Aggregated from values for merged CCGs,,Higher 99.8,Not compared,20140000,New data,,1y
253,COPD: QOF prevalence,E54000019,NHS Herefordshire and Worcestershire Integrated Care Board - QGH,E38000236,Herefordshire and Worcestershire ICB - 18C ,ICB sub-locations,Persons,All ages,,,2014/15,1.88272361007594,1.85255553529526,1.91337338172002,1.83537519439098,1.93126947376137,14449,767452,Aggregated from values for merged CCGs,,Higher 99.8,Not compared,20140000,New data,,1y
253,COPD: QOF prevalence,E54000032,NHS Kent and Medway Integrated Care Board - QKS,E38000237,Kent and Medway ICB - 91Q ,ICB sub-locations,Persons,All ages,,,2014/15,1.86060184672908,1.84105271952349,1.88035457889847,1.82987115840196,1.8918386778662,33798,1816509,Aggregated from values for merged CCGs,,Higher 99.8,Not compared,20140000,New data,,1y
253,COPD: QOF prevalence,E54000013,NHS Lincolnshire Integrated Care Board - QJM,E38000238,Lincolnshire ICB - 71E ,ICB sub-locations,Persons,All ages,,,2014/15,2.16948792923968,2.13684932284123,2.20261384295753,2.1182469684888,2.22194028483798,16360,754095,Aggregated from values for merged CCGs,,Higher 99.8,Not compared,20140000,New data,,1y
253,COPD: QOF prevalence,E54000028,NHS North Central London Integrated Care Board - QMJ,E38000240,North Central London ICB - 93C ,ICB sub-locations,Persons,All ages,,,2014/15,1.11529381399752,1.09863074345462,1.13220672220337,1.08913405639929,1.14207464414536,16766,1503281,Aggregated from values for merged CCGs,,Lower 99.8,Not compared,20140000,New data,,1y
253,COPD: QOF prevalence,E54000051,NHS Humber and North Yorkshire Integrated Care Board - QOQ,E38000241,Humber and North Yorkshire ICB - 42D ,ICB sub-locations,Persons,All ages,,,2014/15,1.9287208762911,1.88768561378308,1.97063026265124,1.8644139004423,1.99520081937846,8149,422508,Aggregated from values for merged CCGs,,Higher 99.8,Not compared,20140000,New data,,1y
253,COPD: QOF prevalence,E54000060,NHS Nottingham and Nottinghamshire Integrated Care Board - QT1,E38000243,Nottingham and Nottinghamshire ICB - 52R ,ICB sub-locations,Persons,All ages,,,2014/15,1.86795084702173,1.84218055685673,1.89407468183946,1.82747882094033,1.9093017498575,19538,1045959,Aggregated from values for merged CCGs,,Higher 99.8,Not compared,20140000,New data,,1y
253,COPD: QOF prevalence,E54000030,NHS South East London Integrated Care Board - QKK,E38000244,South East London ICB - 72Q ,ICB sub-locations,Persons,All ages,,,2014/15,1.34036673930794,1.32389344538004,1.35704219256261,1.31448488012503,1.36675114761101,24787,1849270,Aggregated from values for merged CCGs,,Lower 99.8,Not compared,20140000,New data,,1y
253,COPD: QOF prevalence,E54000031,NHS South West London Integrated Care Board - QWE,E38000245,South West London ICB - 36L ,ICB sub-locations,Persons,All ages,,,2014/15,1.0781480553116,1.06218283114654,1.09435059178901,1.053082941561,1.10380310490133,17076,1583827,Aggregated from values for merged CCGs,,Lower 99.8,Not compared,20140000,New data,,1y
253,COPD: QOF prevalence,E54000052,NHS Surrey Heartlands Integrated Care Board - QXU,E38000246,Surrey Heartlands  ICB - 92A ,ICB sub-locations,Persons,All ages,,,2014/15,1.24013645550974,1.21926157547617,1.26136416897342,1.20738224863455,1.27376777118193,13167,1061738,Aggregated from values for merged CCGs,,Lower 99.8,Not compared,20140000,New data,,1y
253,COPD: QOF prevalence,E54000050,NHS North East and North Cumbria Integrated Care Board - QHM,E38000247,North East and North Cumbria ICB - 16C ,ICB sub-locations,Persons,All ages,,,2014/15,2.8073517551188,2.7686902634161,2.84653730395514,2.74663145484499,2.86937480553396,19423,691862,Aggregated from values for merged CCGs,,Higher 99.8,Not compared,20140000,New data,,1y
253,COPD: QOF prevalence,E54000053,NHS Sussex Integrated Care Board - QNX,E38000248,Sussex ICB - 70F ,ICB sub-locations,Persons,All ages,,,2014/15,1.67321279167054,1.64632773535313,1.70052929851853,1.63101798377253,1.71648014130618,14399,860560,Aggregated from values for merged CCGs,,Lower 99.8,Not compared,20140000,New data,,1y
253,COPD: QOF prevalence,,,E92000001,England,England,Persons,All ages,,,2015/16,1.85313976285769,1.84965828311035,1.85662620812006,1.84765373538607,1.85864081405601,1066471,57549410,,,Not compared,Not compared,20150000,New data,,1y
253,COPD: QOF prevalence,,,E92000001,England,England,Persons,All ages,"County & UA deprivation deciles in England (IMD2019, 4/23 geography)",Most deprived decile (IMD2019),2015/16,2.2110509724202,2.19903390979686,2.22313221194741,2.192133018132,2.23012846480362,126495,5721035,Aggregated from all known lower geography values,,Higher 99.8,Not compared,20150000,New data,,1y
253,COPD: QOF prevalence,,,E92000001,England,England,Persons,All ages,"County & UA deprivation deciles in England (IMD2019, 4/23 geography)",Second most deprived decile (IMD2019),2015/16,2.38296127577707,2.36731990454971,2.39870345370619,2.35834552633609,2.40782762160035,86480,3629098,Aggregated from all known lower geography values,,Higher 99.8,Not compared,20150000,New data,,1y
253,COPD: QOF prevalence,,,E92000001,England,England,Persons,All ages,"County & UA deprivation deciles in England (IMD2019, 4/23 geography)",Third more deprived decile (IMD2019),2015/16,1.98662061999274,1.97440648185126,1.99890877684932,1.96739638601094,2.00602885791309,99006,4983639,Aggregated from all known lower geography values,,Higher 99.8,Not compared,20150000,New data,,1y
253,COPD: QOF prevalence,,,E92000001,England,England,Persons,All ages,"County & UA deprivation deciles in England (IMD2019, 4/23 geography)",Fourth more deprived decile (IMD2019),2015/16,1.76369064397166,1.75230885655748,1.7751450238721,1.7457781055848,1.78178364082401,90039,5105147,Aggregated from all known lower geography values,,Lower 99.8,Not compared,20150000,New data,,1y
253,COPD: QOF prevalence,,,E92000001,England,England,Persons,All ages,"County & UA deprivation deciles in England (IMD2019, 4/23 geography)",Fifth more deprived decile (IMD2019),2015/16,1.86042618981212,1.84901401952249,1.8719074530208,1.84246416903572,1.87855996945003,99588,5352967,Aggregated from all known lower geography values,,Similar,Not compared,20150000,New data,,1y
253,COPD: QOF prevalence,,,E92000001,England,England,Persons,All ages,"County & UA deprivation deciles in England (IMD2019, 4/23 geography)",Fifth less deprived decile (IMD2019),2015/16,1.92949726553108,1.91777370872052,1.94129107122926,1.91104481363574,1.94812434991974,101440,5257328,Aggregated from all known lower geography values,,Higher 99.8,Not compared,20150000,New data,,1y
253,COPD: QOF prevalence,,,E92000001,England,England,Persons,All ages,"County & UA deprivation deciles in England (IMD2019, 4/23 geography)",Fourth less deprived decile (IMD2019),2015/16,1.92137022489802,1.91168778313463,1.93110074145419,1.90612592251626,1.93673403698439,147629,7683527,Aggregated from all known lower geography values,,Higher 99.8,Not compared,20150000,New data,,1y
253,COPD: QOF prevalence,,,E92000001,England,England,Persons,All ages,"County & UA deprivation deciles in England (IMD2019, 4/23 geography)",Third less deprived decile (IMD2019),2015/16,1.72505054784673,1.71543517182891,1.73471886880944,1.70991418570541,1.7403185264528,120844,7005244,Aggregated from all known lower geography values,,Lower 99.8,Not compared,20150000,New data,,1y
253,COPD: QOF prevalence,,,E92000001,England,England,Persons,All ages,"County & UA deprivation deciles in England (IMD2019, 4/23 geography)",Second least deprived decile (IMD2019),2015/16,1.63852262067258,1.62990933946287,1.64718065673036,1.62496253182961,1.6521939661359,136031,8302052,Aggregated from all known lower geography values,,Lower 99.8,Not compared,20150000,New data,,1y
253,COPD: QOF prevalence,,,E92000001,England,England,Persons,All ages,"County & UA deprivation deciles in England (IMD2019, 4/23 geography)",Least deprived decile (IMD2019),2015/16,1.30530370969616,1.29486918021339,1.31582120350803,1.28888935048136,1.32192431082496,58861,4509372,Aggregated from all known lower geography values,,Lower 99.8,Not compared,20150000,New data,,1y
253,COPD: QOF prevalence,,,E92000001,England,England,Persons,All ages,"District & UA deprivation deciles in England (IMD2019, 4/23 geography)",Most deprived decile (IMD2019),2015/16,2.2625865867448,2.25241474597821,2.27280329516743,2.24656921347941,2.27871549706002,184951,8174317,Aggregated from all known lower geography values,,Higher 99.8,Not compared,20150000,New data,,1y
253,COPD: QOF prevalence,,,E92000001,England,England,Persons,All ages,"District & UA deprivation deciles in England (IMD2019, 4/23 geography)",Second most deprived decile (IMD2019),2015/16,2.15388237275822,2.14384724264458,2.16396343753461,2.13808102970483,2.16979790534466,172367,8002619,Aggregated from all known lower geography values,,Higher 99.8,Not compared,20150000,New data,,1y
253,COPD: QOF prevalence,,,E92000001,England,England,Persons,All ages,"District & UA deprivation deciles in England (IMD2019, 4/23 geography)",Third more deprived decile (IMD2019),2015/16,1.81575274471193,1.80628643281936,1.82526774507917,1.8008494850697,1.83077703961697,138058,7603348,Aggregated from all known lower geography values,,Lower 99.8,Not compared,20150000,New data,,1y
253,COPD: QOF prevalence,,,E92000001,England,England,Persons,All ages,"District & UA deprivation deciles in England (IMD2019, 4/23 geography)",Fourth more deprived decile (IMD2019),2015/16,1.86986281836583,1.85861665038754,1.88117573060489,1.85216146807537,1.88773008896786,103595,5540246,Aggregated from all known lower geography values,,Similar,Not compared,20150000,New data,,1y
253,COPD: QOF prevalence,,,E92000001,England,England,Persons,All ages,"District & UA deprivation deciles in England (IMD2019, 4/23 geography)",Fifth more deprived decile (IMD2019),2015/16,1.87262048448437,1.86056995151046,1.88474756739611,1.85365534312922,1.8917759221656,90453,4830290,Aggregated from all known lower geography values,,Higher 99.8,Not compared,20150000,New data,,1y
253,COPD: QOF prevalence,,,E92000001,England,England,Persons,All ages,"District & UA deprivation deciles in England (IMD2019, 4/23 geography)",Fifth less deprived decile (IMD2019),2015/16,1.70601355304212,1.69587932600131,1.71620728287913,1.69006209542243,1.72211292935178,106381,6235648,Aggregated from all known lower geography values,,Lower 99.8,Not compared,20150000,New data,,1y
253,COPD: QOF prevalence,,,E92000001,England,England,Persons,All ages,"District & UA deprivation deciles in England (IMD2019, 4/23 geography)",Fourth less deprived decile (IMD2019),2015/16,1.73984434194888,1.72873978927923,1.75101895369081,1.7223677673148,1.75749507721346,92079,5292370,Aggregated from all known lower geography values,,Lower 99.8,Not compared,20150000,New data,,1y
253,COPD: QOF prevalence,,,E92000001,England,England,Persons,All ages,"District & UA deprivation deciles in England (IMD2019, 4/23 geography)",Third less deprived decile (IMD2019),2015/16,1.66688844054013,1.65450076008215,1.67936728699155,1.64739831947034,1.68660519209839,67896,4073218,Aggregated from all known lower geography values,,Lower 99.8,Not compared,20150000,New data,,1y
253,COPD: QOF prevalence,,,E92000001,England,England,Persons,All ages,"District & UA deprivation deciles in England (IMD2019, 4/23 geography)",Second least deprived decile (IMD2019),2015/16,1.56494489690048,1.55250433050095,1.57748355497893,1.54537451146946,1.58475912942818,59368,3793616,Aggregated from all known lower geography values,,Lower 99.8,Not compared,20150000,New data,,1y
253,COPD: QOF prevalence,,,E92000001,England,England,Persons,All ages,"District & UA deprivation deciles in England (IMD2019, 4/23 geography)",Least deprived decile (IMD2019),2015/16,1.2804287594315,1.26946268874302,1.29148831980085,1.26318107772813,1.29790884809637,51265,4003737,Aggregated from all known lower geography values,,Lower 99.8,Not compared,20150000,New data,,1y
253,COPD: QOF prevalence,,,E92000001,England,England,Persons,All ages,"County & UA deprivation deciles in England (IMD2025, 4/23 geography)",Most deprived decile (IMD2025),2015/16,2.43157453276378,2.41609882056385,2.44714688492572,2.4072180925117,2.4561712112736,91955,3781706,Aggregated from all known lower geography values,,Higher 99.8,Not compared,20150000,New data,,1y
253,COPD: QOF prevalence,,,E92000001,England,England,Persons,All ages,"County & UA deprivation deciles in England (IMD2025, 4/23 geography)",Second most deprived decile (IMD2025),2015/16,1.74199728444932,1.73078451200938,1.75328140205409,1.72435066353259,1.75982126310488,90527,5196736,Aggregated from all known lower geography values,,Lower 99.8,Not compared,20150000,New data,,1y
253,COPD: QOF prevalence,,,E92000001,England,England,Persons,All ages,"County & UA deprivation deciles in England (IMD2025, 4/23 geography)",Third more deprived decile (IMD2025),2015/16,1.91938942299242,1.90682526878611,1.93203473241334,1.89961655004764,1.9393640405565,87366,4551760,Aggregated from all known lower geography values,,Higher 99.8,Not compared,20150000,New data,,1y
253,COPD: QOF prevalence,,,E92000001,England,England,Persons,All ages,"County & UA deprivation deciles in England (IMD2025, 4/23 geography)",Fourth more deprived decile (IMD2025),2015/16,2.17458289585157,2.16115943542817,2.18808786784542,2.15345534509737,2.1959130770914,98026,4507807,Aggregated from all known lower geography values,,Higher 99.8,Not compared,20150000,New data,,1y
253,COPD: QOF prevalence,,,E92000001,England,England,Persons,All ages,"County & UA deprivation deciles in England (IMD2025, 4/23 geography)",Fifth more deprived decile (IMD2025),2015/16,1.70861670483079,1.69756221483769,1.71974192207146,1.69121936366432,1.72618986765052,89630,5245764,Aggregated from all known lower geography values,,Lower 99.8,Not compared,20150000,New data,,1y
253,COPD: QOF prevalence,,,E92000001,England,England,Persons,All ages,"County & UA deprivation deciles in England (IMD2025, 4/23 geography)",Fifth less deprived decile (IMD2025),2015/16,1.88970528851859,1.87969480016726,1.89976805644821,1.87394566451082,1.90559487494939,133606,7070203,Aggregated from all known lower geography values,,Higher 99.8,Not compared,20150000,New data,,1y
253,COPD: QOF prevalence,,,E92000001,England,England,Persons,All ages,"County & UA deprivation deciles in England (IMD2025, 4/23 geography)",Fourth less deprived decile (IMD2025),2015/16,1.69712863626143,1.68765249793685,1.70665705925935,1.68221150769435,1.71217573991777,120459,7097812,Aggregated from all known lower geography values,,Lower 99.8,Not compared,20150000,New data,,1y
253,COPD: QOF prevalence,,,E92000001,England,England,Persons,All ages,"County & UA deprivation deciles in England (IMD2025, 4/23 geography)",Third less deprived decile (IMD2025),2015/16,1.89361017394233,1.88235986645278,1.90492641574717,1.87590193148508,1.91148232326047,106147,5605536,Aggregated from all known lower geography values,,Higher 99.8,Not compared,20150000,New data,,1y
253,COPD: QOF prevalence,,,E92000001,England,England,Persons,All ages,"County & UA deprivation deciles in England (IMD2025, 4/23 geography)",Second least deprived decile (IMD2025),2015/16,1.74788212118863,1.73937264135153,1.75643248753667,1.73448394517288,1.76138193748437,158480,9066973,Aggregated from all known lower geography values,,Lower 99.8,Not compared,20150000,New data,,1y
253,COPD: QOF prevalence,,,E92000001,England,England,Persons,All ages,"County & UA deprivation deciles in England (IMD2025, 4/23 geography)",Least deprived decile (IMD2025),2015/16,1.66295184320619,1.6522252789912,1.67374686117793,1.64607050585588,1.6800033505197,90217,5425112,Aggregated from all known lower geography values,,Lower 99.8,Not compared,20150000,New data,,1y
253,COPD: QOF prevalence,,,E92000001,England,England,Persons,All ages,"District & UA deprivation deciles in England (IMD2025, 4/23 geography)",Most deprived decile (IMD2025),2015/16,2.16872702476821,2.15905577509432,2.17844063117324,2.1534977840506,2.18406156060126,188157,8675919,Aggregated from all known lower geography values,,Higher 99.8,Not compared,20150000,New data,,1y
253,COPD: QOF prevalence,,,E92000001,England,England,Persons,All ages,"District & UA deprivation deciles in England (IMD2025, 4/23 geography)",Second most deprived decile (IMD2025),2015/16,2.16598624565902,2.15571174305273,2.17630862913715,2.14980837063868,2.18228314831349,166248,7675395,Aggregated from all known lower geography values,,Higher 99.8,Not compared,20150000,New data,,1y
253,COPD: QOF prevalence,,,E92000001,England,England,Persons,All ages,"District & UA deprivation deciles in England (IMD2025, 4/23 geography)",Third more deprived decile (IMD2025),2015/16,1.96977132306324,1.95915551662474,1.98044348994797,1.95305915578669,1.98662359743173,128968,6547359,Aggregated from all known lower geography values,,Higher 99.8,Not compared,20150000,New data,,1y
253,COPD: QOF prevalence,,,E92000001,England,England,Persons,All ages,"District & UA deprivation deciles in England (IMD2025, 4/23 geography)",Fourth more deprived decile (IMD2025),2015/16,1.7617558432383,1.75158166111166,1.77198805693009,1.74574072567459,1.77791522214483,112512,6386356,Aggregated from all known lower geography values,,Lower 99.8,Not compared,20150000,New data,,1y
253,COPD: QOF prevalence,,,E92000001,England,England,Persons,All ages,"District & UA deprivation deciles in England (IMD2025, 4/23 geography)",Fifth more deprived decile (IMD2025),2015/16,1.742447199957,1.73110367758736,1.75386372716905,1.72459517871352,1.76048070474565,88491,5078547,Aggregated from all known lower geography values,,Lower 99.8,Not compared,20150000,New data,,1y
253,COPD: QOF prevalence,,,E92000001,England,England,Persons,All ages,"District & UA deprivation deciles in England (IMD2025, 4/23 geography)",Fifth less deprived decile (IMD2025),2015/16,1.84517134788006,1.83446148515699,1.85594255426789,1.82831313505916,1.86218205562268,111284,6031093,Aggregated from all known lower geography values,,Similar,Not compared,20150000,New data,,1y
253,COPD: QOF prevalence,,,E92000001,England,England,Persons,All ages,"District & UA deprivation deciles in England (IMD2025, 4/23 geography)",Fourth less deprived decile (IMD2025),2015/16,1.82850361093087,1.81648383233357,1.84060143408153,1.80958763301901,1.8476136006456,86710,4742129,Aggregated from all known lower geography values,,Lower 99.8,Not compared,20150000,New data,,1y
253,COPD: QOF prevalence,,,E92000001,England,England,Persons,All ages,"District & UA deprivation deciles in England (IMD2025, 4/23 geography)",Third less deprived decile (IMD2025),2015/16,1.63713612423072,1.62543986233004,1.64891513881634,1.61873234578353,1.65574561846229,73509,4490097,Aggregated from all known lower geography values,,Lower 99.8,Not compared,20150000,New data,,1y
253,COPD: QOF prevalence,,,E92000001,England,England,Persons,All ages,"District & UA deprivation deciles in England (IMD2025, 4/23 geography)",Second least deprived decile (IMD2025),2015/16,1.4835169705619,1.47240397973596,1.49471256441813,1.4660327458883,1.5012065389931,66944,4512520,Aggregated from all known lower geography values,,Lower 99.8,Not compared,20150000,New data,,1y
253,COPD: QOF prevalence,,,E92000001,England,England,Persons,All ages,"District & UA deprivation deciles in England (IMD2025, 4/23 geography)",Least deprived decile (IMD2025),2015/16,1.27830136944522,1.26643289799626,1.29027961363174,1.25963823454102,1.29723738946168,43590,3409994,Aggregated from all known lower geography values,,Lower 99.8,Not compared,20150000,New data,,1y
253,COPD: QOF prevalence,E54000061,NHS South Yorkshire Integrated Care Board - QF7,E38000006,South Yorkshire ICB - 02P ,ICB sub-locations,Persons,All ages,,,2015/16,3.18645231242053,3.11916443515043,3.25514297934046,,,8170,256398,,,Not compared,Not compared,20150000,New data,,1y
253,COPD: QOF prevalence,E54000026,NHS Mid and South Essex Integrated Care Board - QH8,E38000007,Mid and South Essex ICB - 99E ,ICB sub-locations,Persons,All ages,,,2015/16,1.93533332361048,1.88444372526358,1.98756936147832,,,5308,274268,,,Not compared,Not compared,20150000,New data,,1y
253,COPD: QOF prevalence,E54000060,NHS Nottingham and Nottinghamshire Integrated Care Board - QT1,E38000008,Nottingham and Nottinghamshire ICB - 02Q ,ICB sub-locations,Persons,All ages,,,2015/16,2.53615991621373,2.44520000364789,2.6304122458328,,,2809,110758,,,Not compared,Not compared,20150000,New data,,1y
253,COPD: QOF prevalence,E54000048,NHS Lancashire and South Cumbria Integrated Care Board - QE1,E38000014,Lancashire and South Cumbria ICB - 00Q ,ICB sub-locations,Persons,All ages,,,2015/16,2.24371643144458,2.17479083344663,2.31477479749499,,,3860,172036,,,Not compared,Not compared,20150000,New data,,1y
253,COPD: QOF prevalence,E54000048,NHS Lancashire and South Cumbria Integrated Care Board - QE1,E38000015,Lancashire and South Cumbria ICB - 00R ,ICB sub-locations,Persons,All ages,,,2015/16,3.69104062066796,3.60288583439439,3.7812677543407,,,6337,171686,,,Not compared,Not compared,20150000,New data,,1y
253,COPD: QOF prevalence,E54000057,NHS Greater Manchester Integrated Care Board - QOP,E38000016,Greater Manchester ICB - 00T ,ICB sub-locations,Persons,All ages,,,2015/16,2.25198452008295,2.19974457560224,2.30543582387398,,,6820,302844,,,Not compared,Not compared,20150000,New data,,1y
253,COPD: QOF prevalence,E54000053,NHS Sussex Integrated Care Board - QNX,E38000021,Sussex ICB - 09D ,ICB sub-locations,Persons,All ages,,,2015/16,1.32763870203603,1.28799033133368,1.36849065321953,,,4125,310702,,,Not compared,Not compared,20150000,New data,,1y
253,COPD: QOF prevalence,E54000057,NHS Greater Manchester Integrated Care Board - QOP,E38000024,Greater Manchester ICB - 00V ,ICB sub-locations,Persons,All ages,,,2015/16,2.12434612466558,2.06211612222806,2.18841212504006,,,4256,200344,,,Not compared,Not compared,20150000,New data,,1y
253,COPD: QOF prevalence,E54000054,NHS West Yorkshire Integrated Care Board - QWO,E38000025,West Yorkshire ICB - 02T ,ICB sub-locations,Persons,All ages,,,2015/16,2.20001006869597,2.13933988512085,2.26236103994391,,,4807,218499,,,Not compared,Not compared,20150000,New data,,1y
253,COPD: QOF prevalence,E54000010,NHS Staffordshire and Stoke-on-Trent Integrated Care Board - QNC,E38000028,Staffordshire and Stoke-on-Trent ICB - 04Y ,ICB sub-locations,Persons,All ages,,,2015/16,2.27483117080203,2.19571204459056,2.35673253640115,,,2998,131790,,,Not compared,Not compared,20150000,New data,,1y
253,COPD: QOF prevalence,E54000026,NHS Mid and South Essex Integrated Care Board - QH8,E38000030,Mid and South Essex ICB - 99F ,ICB sub-locations,Persons,All ages,,,2015/16,2.18264770574272,2.11681744002641,2.25047813804208,,,4009,183676,,,Not compared,Not compared,20150000,New data,,1y
253,COPD: QOF prevalence,E54000048,NHS Lancashire and South Cumbria Integrated Care Board - QE1,E38000034,Lancashire and South Cumbria ICB - 00X ,ICB sub-locations,Persons,All ages,,,2015/16,2.32054954529021,2.2519668802421,2.39116977145987,,,4172,179785,,,Not compared,Not compared,20150000,New data,,1y
253,COPD: QOF prevalence,E54000061,NHS South Yorkshire Integrated Care Board - QF7,E38000044,South Yorkshire ICB - 02X ,ICB sub-locations,Persons,All ages,,,2015/16,2.68202276098426,2.6261634969315,2.73903674651747,,,8444,314837,,,Not compared,Not compared,20150000,New data,,1y
253,COPD: QOF prevalence,E54000041,NHS Dorset Integrated Care Board - QVV,E38000045,Dorset ICB - 11J ,ICB sub-locations,Persons,All ages,,,2015/16,1.9284929161538,1.89839332743502,1.95906021247016,,,15229,789684,,,Not compared,Not compared,20150000,New data,,1y
253,COPD: QOF prevalence,E54000025,NHS Hertfordshire and West Essex Integrated Care Board - QM7,E38000049,Hertfordshire and West Essex ICB - 06K ,ICB sub-locations,Persons,All ages,,,2015/16,1.54448945193562,1.51329927705327,1.57631218946171,,,9090,588544,,,Not compared,Not compared,20150000,New data,,1y
253,COPD: QOF prevalence,E54000048,NHS Lancashire and South Cumbria Integrated Care Board - QE1,E38000050,Lancashire and South Cumbria ICB - 01A ,ICB sub-locations,Persons,All ages,,,2015/16,2.49968041588546,2.45022947645697,2.55010329242415,,,9386,375488,,,Not compared,Not compared,20150000,New data,,1y
253,COPD: QOF prevalence,E54000015,"NHS Leicester, Leicestershire and Rutland Integrated Care Board - QK1",E38000051,"Leicester, Leicestershire and Rutland ICB - 03W ",ICB sub-locations,Persons,All ages,,,2015/16,1.73675207364198,1.69240764833668,1.78223734601399,,,5645,325032,,,Not compared,Not compared,20150000,New data,,1y
253,COPD: QOF prevalence,E54000051,NHS Humber and North Yorkshire Integrated Care Board - QOQ,E38000052,Humber and North Yorkshire ICB - 02Y ,ICB sub-locations,Persons,All ages,,,2015/16,2.32662311160956,2.27340700316862,2.38105455685166,,,7012,301381,,,Not compared,Not compared,20150000,New data,,1y
253,COPD: QOF prevalence,E54000010,NHS Staffordshire and Stoke-on-Trent Integrated Care Board - QNC,E38000053,Staffordshire and Stoke-on-Trent ICB - 05D ,ICB sub-locations,Persons,All ages,,,2015/16,1.68421658737413,1.61787622252,1.7532287355775,,,2340,138937,,,Not compared,Not compared,20150000,New data,,1y
253,COPD: QOF prevalence,E54000043,NHS Gloucestershire Integrated Care Board - QR1,E38000062,Gloucestershire ICB - 11M ,ICB sub-locations,Persons,All ages,,,2015/16,1.73812922407199,1.7062512476403,1.77059205000847,,,11020,634015,,,Not compared,Not compared,20150000,New data,,1y
253,COPD: QOF prevalence,E54000008,NHS Cheshire and Merseyside Integrated Care Board - QYG,E38000068,Cheshire and Merseyside ICB - 01F ,ICB sub-locations,Persons,All ages,,,2015/16,2.60705202578623,2.52186884826936,2.69503295315549,,,3393,130147,,,Not compared,Not compared,20150000,New data,,1y
253,COPD: QOF prevalence,E54000025,NHS Hertfordshire and West Essex Integrated Care Board - QM7,E38000079,Hertfordshire and West Essex ICB - 06N ,ICB sub-locations,Persons,All ages,,,2015/16,1.30569447601728,1.27803297303654,1.33394658958393,,,8271,633456,,,Not compared,Not compared,20150000,New data,,1y
253,COPD: QOF prevalence,E54000057,NHS Greater Manchester Integrated Care Board - QOP,E38000080,Greater Manchester ICB - 01D ,ICB sub-locations,Persons,All ages,,,2015/16,2.40741390501921,2.3452941002673,2.47113744126965,,,5489,228004,,,Not compared,Not compared,20150000,New data,,1y
253,COPD: QOF prevalence,E54000051,NHS Humber and North Yorkshire Integrated Care Board - QOQ,E38000085,Humber and North Yorkshire ICB - 03F ,ICB sub-locations,Persons,All ages,,,2015/16,2.65240605569073,2.59512142619279,2.71091999145823,,,7849,295920,,,Not compared,Not compared,20150000,New data,,1y
253,COPD: QOF prevalence,E54000023,NHS Suffolk and North East Essex Integrated Care Board - QJG,E38000086,Suffolk and North East Essex ICB - 06L ,ICB sub-locations,Persons,All ages,,,2015/16,1.72295948912393,1.68313752442305,1.76370671475867,,,6907,400880,,,Not compared,Not compared,20150000,New data,,1y
253,COPD: QOF prevalence,E54000036,NHS Cornwall and the Isles of Scilly Integrated Care Board - QT6,E38000089,Cornwall and The Isles Of Scilly ICB - 11N ,ICB sub-locations,Persons,All ages,,,2015/16,2.1090890976728,2.07185114437762,2.14698166549103,,,11855,562091,,,Not compared,Not compared,20150000,New data,,1y
253,COPD: QOF prevalence,E54000008,NHS Cheshire and Merseyside Integrated Care Board - QYG,E38000091,Cheshire and Merseyside ICB - 01J ,ICB sub-locations,Persons,All ages,,,2015/16,3.54993168474046,3.46105073030038,3.64100904694977,,,5768,162482,,,Not compared,Not compared,20150000,New data,,1y
253,COPD: QOF prevalence,E54000015,"NHS Leicester, Leicestershire and Rutland Integrated Care Board - QK1",E38000097,"Leicester, Leicestershire and Rutland ICB - 04C ",ICB sub-locations,Persons,All ages,,,2015/16,1.41579255494569,1.37924284424845,1.45329655409506,,,5538,391159,,,Not compared,Not compared,20150000,New data,,1y
253,COPD: QOF prevalence,E54000008,NHS Cheshire and Merseyside Integrated Care Board - QYG,E38000101,Cheshire and Merseyside ICB - 99A ,ICB sub-locations,Persons,All ages,,,2015/16,2.92442725901763,2.87865233573612,2.97090780685606,,,14990,512579,,,Not compared,Not compared,20150000,New data,,1y
253,COPD: QOF prevalence,E54000026,NHS Mid and South Essex Integrated Care Board - QH8,E38000106,Mid and South Essex ICB - 06Q ,ICB sub-locations,Persons,All ages,,,2015/16,1.54653647579978,1.50802248627268,1.58601825019248,,,5949,384666,,,Not compared,Not compared,20150000,New data,,1y
253,COPD: QOF prevalence,E54000023,NHS Suffolk and North East Essex Integrated Care Board - QJG,E38000117,Suffolk and North East Essex ICB - 06T ,ICB sub-locations,Persons,All ages,,,2015/16,2.21126366887803,2.16310970553948,2.26046484195725,,,7753,350614,,,Not compared,Not compared,20150000,New data,,1y
253,COPD: QOF prevalence,E54000051,NHS Humber and North Yorkshire Integrated Care Board - QOQ,E38000119,Humber and North Yorkshire ICB - 03H ,ICB sub-locations,Persons,All ages,,,2015/16,2.40763999146899,2.33558876909072,2.48185745770716,,,4064,168796,,,Not compared,Not compared,20150000,New data,,1y
253,COPD: QOF prevalence,E54000051,NHS Humber and North Yorkshire Integrated Care Board - QOQ,E38000122,Humber and North Yorkshire ICB - 03K ,ICB sub-locations,Persons,All ages,,,2015/16,2.17096652220703,2.10313527346687,2.24093541568145,,,3732,171905,,,Not compared,Not compared,20150000,New data,,1y
253,COPD: QOF prevalence,E54000010,NHS Staffordshire and Stoke-on-Trent Integrated Care Board - QNC,E38000126,Staffordshire and Stoke-on-Trent ICB - 05G ,ICB sub-locations,Persons,All ages,,,2015/16,2.25625465427685,2.19449874213837,2.31970723580933,,,4878,216199,,,Not compared,Not compared,20150000,New data,,1y
253,COPD: QOF prevalence,E54000050,NHS North East and North Cumbria Integrated Care Board - QHM,E38000127,North East and North Cumbria ICB - 99C ,ICB sub-locations,Persons,All ages,,,2015/16,2.49953917050691,2.43469127808058,2.56606885592803,,,5424,217000,,,Not compared,Not compared,20150000,New data,,1y
253,COPD: QOF prevalence,E54000050,NHS North East and North Cumbria Integrated Care Board - QHM,E38000130,North East and North Cumbria ICB - 00L,ICB sub-locations,Persons,All ages,,,2015/16,2.61427167216022,2.55976358049511,2.66990866559279,,,8431,322499,,,Not compared,Not compared,20150000,New data,,1y
253,COPD: QOF prevalence,E54000057,NHS Greater Manchester Integrated Care Board - QOP,E38000135,Greater Manchester ICB - 00Y ,ICB sub-locations,Persons,All ages,,,2015/16,2.24935500567755,2.19187015395575,2.30831189734941,,,5606,249227,,,Not compared,Not compared,20150000,New data,,1y
253,COPD: QOF prevalence,E54000044,"NHS Buckinghamshire, Oxfordshire and Berkshire West Integrated Care Board - QU9",E38000136,"Buckinghamshire, Oxfordshire and Berkshire West ICB - 10Q ",ICB sub-locations,Persons,All ages,,,2015/16,1.33360683646187,1.30730775371246,1.36042768451705,,,9557,716628,,,Not compared,Not compared,20150000,New data,,1y
253,COPD: QOF prevalence,E54000042,NHS Hampshire and Isle of Wight Integrated Care Board - QRL,E38000137,Hampshire and Isle Of Wight ICB - 10R ,ICB sub-locations,Persons,All ages,,,2015/16,2.01367849267672,1.9562137953455,2.07279555442271,,,4493,223124,,,Not compared,Not compared,20150000,New data,,1y
253,COPD: QOF prevalence,E54000061,NHS South Yorkshire Integrated Care Board - QF7,E38000141,South Yorkshire ICB - 03L ,ICB sub-locations,Persons,All ages,,,2015/16,2.84516183736867,2.78188197968507,2.90983804701808,,,7382,259458,,,Not compared,Not compared,20150000,New data,,1y
253,COPD: QOF prevalence,E54000057,NHS Greater Manchester Integrated Care Board - QOP,E38000143,Greater Manchester ICB - 01G ,ICB sub-locations,Persons,All ages,,,2015/16,2.67422707019182,2.6133113658019,2.73652280660355,,,7046,263478,,,Not compared,Not compared,20150000,New data,,1y
253,COPD: QOF prevalence,E54000061,NHS South Yorkshire Integrated Care Board - QF7,E38000146,South Yorkshire ICB - 03N ,ICB sub-locations,Persons,All ages,,,2015/16,2.04224731889409,2.00647981150453,2.07863889324522,,,12058,590428,,,Not compared,Not compared,20150000,New data,,1y
253,COPD: QOF prevalence,E54000038,NHS Somerset Integrated Care Board - QSL,E38000150,Somerset ICB - 11X ,ICB sub-locations,Persons,All ages,,,2015/16,2.13058272469711,2.09315194869929,2.16866802986029,,,11972,561912,,,Not compared,Not compared,20150000,New data,,1y
253,COPD: QOF prevalence,E54000010,NHS Staffordshire and Stoke-on-Trent Integrated Care Board - QNC,E38000153,Staffordshire and Stoke-on-Trent ICB - 05Q ,ICB sub-locations,Persons,All ages,,,2015/16,1.76445372457375,1.70990110304406,1.82071455112164,,,3828,216951,,,Not compared,Not compared,20150000,New data,,1y
253,COPD: QOF prevalence,E54000008,NHS Cheshire and Merseyside Integrated Care Board - QYG,E38000161,Cheshire and Merseyside ICB - 01T ,ICB sub-locations,Persons,All ages,,,2015/16,2.93938805873601,2.85634979169318,3.02476520351113,,,4544,154590,,,Not compared,Not compared,20150000,New data,,1y
253,COPD: QOF prevalence,E54000050,NHS North East and North Cumbria Integrated Care Board - QHM,E38000163,North East and North Cumbria ICB - 00N ,ICB sub-locations,Persons,All ages,,,2015/16,3.71562166814392,3.62280420217195,3.81072312297499,,,5785,155694,,,Not compared,Not compared,20150000,New data,,1y
253,COPD: QOF prevalence,E54000026,NHS Mid and South Essex Integrated Care Board - QH8,E38000168,Mid and South Essex ICB - 99G ,ICB sub-locations,Persons,All ages,,,2015/16,2.13196984962528,2.0672372953099,2.19868390228457,,,3957,185603,,,Not compared,Not compared,20150000,New data,,1y
253,COPD: QOF prevalence,E54000008,NHS Cheshire and Merseyside Integrated Care Board - QYG,E38000170,Cheshire and Merseyside ICB - 01V ,ICB sub-locations,Persons,All ages,,,2015/16,2.07118748082234,1.99334070089993,2.15200768841571,,,2565,123842,,,Not compared,Not compared,20150000,New data,,1y
253,COPD: QOF prevalence,E54000008,NHS Cheshire and Merseyside Integrated Care Board - QYG,E38000172,Cheshire and Merseyside ICB - 01X ,ICB sub-locations,Persons,All ages,,,2015/16,3.02573098817019,2.95072129368013,3.10258653001665,,,5916,195523,,,Not compared,Not compared,20150000,New data,,1y
253,COPD: QOF prevalence,E54000010,NHS Staffordshire and Stoke-on-Trent Integrated Care Board - QNC,E38000173,Staffordshire and Stoke-on-Trent ICB - 05V ,ICB sub-locations,Persons,All ages,,,2015/16,1.56829645159314,1.50601644887015,1.63310928531299,,,2304,146911,,,Not compared,Not compared,20150000,New data,,1y
253,COPD: QOF prevalence,E54000057,NHS Greater Manchester Integrated Care Board - QOP,E38000174,Greater Manchester ICB - 01W ,ICB sub-locations,Persons,All ages,,,2015/16,2.260960680501,2.20899466005945,2.31412025909762,,,6948,307303,,,Not compared,Not compared,20150000,New data,,1y
253,COPD: QOF prevalence,E54000010,NHS Staffordshire and Stoke-on-Trent Integrated Care Board - QNC,E38000175,Staffordshire and Stoke-on-Trent ICB - 05W ,ICB sub-locations,Persons,All ages,,,2015/16,2.495068861387,2.43858254817028,2.55282936333804,,,7147,286445,,,Not compared,Not compared,20150000,New data,,1y
253,COPD: QOF prevalence,E54000050,NHS North East and North Cumbria Integrated Care Board - QHM,E38000176,North East and North Cumbria ICB - 00P ,ICB sub-locations,Persons,All ages,,,2015/16,3.27269396612462,3.20787092876447,3.33878173018187,,,9290,283864,,,Not compared,Not compared,20150000,New data,,1y
253,COPD: QOF prevalence,E54000026,NHS Mid and South Essex Integrated Care Board - QH8,E38000185,Mid and South Essex ICB - 07G ,ICB sub-locations,Persons,All ages,,,2015/16,1.90675001166208,1.84309056638712,1.97256403652652,,,3270,171496,,,Not compared,Not compared,20150000,New data,,1y
253,COPD: QOF prevalence,E54000057,NHS Greater Manchester Integrated Care Board - QOP,E38000187,Greater Manchester ICB - 02A ,ICB sub-locations,Persons,All ages,,,2015/16,1.89725541848262,1.84325973901103,1.95280135677329,,,4523,238397,,,Not compared,Not compared,20150000,New data,,1y
253,COPD: QOF prevalence,E54000051,NHS Humber and North Yorkshire Integrated Care Board - QOQ,E38000188,Humber and North Yorkshire ICB - 03Q ,ICB sub-locations,Persons,All ages,,,2015/16,1.69421452257194,1.65202880333859,1.73745845283154,,,5942,350723,,,Not compared,Not compared,20150000,New data,,1y
253,COPD: QOF prevalence,E54000054,NHS West Yorkshire Integrated Care Board - QWO,E38000190,West Yorkshire ICB - 03R ,ICB sub-locations,Persons,All ages,,,2015/16,2.85253447372536,2.79899034924368,2.90707225232566,,,10399,364553,,,Not compared,Not compared,20150000,New data,,1y
253,COPD: QOF prevalence,E54000008,NHS Cheshire and Merseyside Integrated Care Board - QYG,E38000194,Cheshire and Merseyside ICB - 02E ,ICB sub-locations,Persons,All ages,,,2015/16,1.8301134133801,1.77247109331424,1.88959425132122,,,3684,201299,,,Not compared,Not compared,20150000,New data,,1y
253,COPD: QOF prevalence,E54000025,NHS Hertfordshire and West Essex Integrated Care Board - QM7,E38000197,Hertfordshire and West Essex ICB - 07H ,ICB sub-locations,Persons,All ages,,,2015/16,1.72613971794031,1.6805131172103,1.77298276029129,,,5263,304900,,,Not compared,Not compared,20150000,New data,,1y
253,COPD: QOF prevalence,E54000048,NHS Lancashire and South Cumbria Integrated Care Board - QE1,E38000200,Lancashire and South Cumbria ICB - 02G ,ICB sub-locations,Persons,All ages,,,2015/16,2.22400356268092,2.13936639225229,2.31191002704415,,,2497,112275,,,Not compared,Not compared,20150000,New data,,1y
253,COPD: QOF prevalence,E54000015,"NHS Leicester, Leicestershire and Rutland Integrated Care Board - QK1",E38000201,"Leicester, Leicestershire and Rutland ICB - 04V ",ICB sub-locations,Persons,All ages,,,2015/16,1.83627510491311,1.79410149399613,1.87942111072795,,,6988,380553,,,Not compared,Not compared,20150000,New data,,1y
253,COPD: QOF prevalence,E54000023,NHS Suffolk and North East Essex Integrated Care Board - QJG,E38000204,Suffolk and North East Essex ICB - 07K ,ICB sub-locations,Persons,All ages,,,2015/16,2.06016778727986,2.00479480181978,2.11703714914561,,,5071,246145,,,Not compared,Not compared,20150000,New data,,1y
253,COPD: QOF prevalence,E54000057,NHS Greater Manchester Integrated Care Board - QOP,E38000205,Greater Manchester ICB - 02H ,ICB sub-locations,Persons,All ages,,,2015/16,2.43460795674005,2.38206953107852,2.4882756217436,,,7879,323625,,,Not compared,Not compared,20150000,New data,,1y
253,COPD: QOF prevalence,E54000008,NHS Cheshire and Merseyside Integrated Care Board - QYG,E38000208,Cheshire and Merseyside ICB - 12F ,ICB sub-locations,Persons,All ages,,,2015/16,2.45649826352016,2.40456769443984,2.50952151974658,,,8212,334297,,,Not compared,Not compared,20150000,New data,,1y
253,COPD: QOF prevalence,E54000050,NHS North East and North Cumbria Integrated Care Board - QHM,E38000212,North East and North Cumbria ICB - 13T ,ICB sub-locations,Persons,All ages,,,2015/16,2.40875115936494,2.36715825173256,2.45105654126926,,,12362,513212,,,Not compared,Not compared,20150000,New data,,1y
253,COPD: QOF prevalence,E54000050,NHS North East and North Cumbria Integrated Care Board - QHM,E38000215,North East and North Cumbria ICB - 01H ,ICB sub-locations,Persons,All ages,,,2015/16,2.27596807703218,2.23585060586066,2.31678831076385,,,11875,521756,Value for Cumbria CCG (pre April 2017 boundaries),,Not compared,Not compared,20150000,New data,,1y
253,COPD: QOF prevalence,E54000057,NHS Greater Manchester Integrated Care Board - QOP,E38000217,Greater Manchester ICB - 14L ,ICB sub-locations,Persons,All ages,,,2015/16,1.93216247505973,,,,,11766,608955,Aggregated from values for merged CCGs,,Not compared,Not compared,20150000,New data,,1y
253,COPD: QOF prevalence,E54000037,NHS Devon Integrated Care Board - QJK,E38000230,Devon ICB - 15N ,ICB sub-locations,Persons,All ages,,,2015/16,2.11705717448545,2.09143119556321,2.14299027198123,2.0767918996967,2.15808591595319,25359,1197842,Aggregated from values for merged local authorities,,Higher 99.8,Not compared,20150000,New data,,1y
253,COPD: QOF prevalence,E54000040,"NHS Bath and North East Somerset, Swindon and Wiltshire Integrated Care Board - QOX",E38000231,"Bath and North East Somerset, Swindon and Wiltshire ICB - 92G ",ICB sub-locations,Persons,All ages,,,2015/16,1.6396584770866,1.61388498982297,1.66583659382255,1.59920421415193,1.68111860777991,15056,918240,Aggregated from values for merged CCGs,,Lower 99.8,Not compared,20150000,New data,,1y
253,COPD: QOF prevalence,E54000054,NHS West Yorkshire Integrated Care Board - QWO,E38000232,West Yorkshire ICB - 36J ,ICB sub-locations,Persons,All ages,,,2015/16,2.107061872368,2.07153431743168,2.14318540270085,2.05131464631937,2.16429062821499,13009,617400,Aggregated from values for merged CCGs,,Higher 99.8,Not compared,20150000,New data,,1y
253,COPD: QOF prevalence,E54000008,NHS Cheshire and Merseyside Integrated Care Board - QYG,E38000233,Cheshire and Merseyside ICB - 27D ,ICB sub-locations,Persons,All ages,,,2015/16,1.83860049054202,1.80846223296792,1.86923144480995,1.79130398618685,1.88712178712567,13808,751006,Aggregated from values for merged CCGs,,Similar,Not compared,20150000,New data,,1y
253,COPD: QOF prevalence,E54000050,NHS North East and North Cumbria Integrated Care Board - QHM,E38000234,North East and North Cumbria ICB - 84H ,ICB sub-locations,Persons,All ages,,,2015/16,2.9516997922374,2.90705069283949,2.99701348495869,2.88160215871802,3.02344953016882,16054,543890,Aggregated from values for merged CCGs,,Higher 99.8,Not compared,20150000,New data,,1y
253,COPD: QOF prevalence,E54000053,NHS Sussex Integrated Care Board - QNX,E38000235,Sussex ICB - 97R ,ICB sub-locations,Persons,All ages,,,2015/16,2.17699514701473,2.13842164998819,2.21624868682471,2.11648315335088,2.23919765059601,11762,540286,Aggregated from values for merged CCGs,,Higher 99.8,Not compared,20150000,New data,,1y
253,COPD: QOF prevalence,E54000019,NHS Herefordshire and Worcestershire Integrated Care Board - QGH,E38000236,Herefordshire and Worcestershire ICB - 18C ,ICB sub-locations,Persons,All ages,,,2015/16,1.94211106636629,1.91166834225897,1.97302882991133,1.89432667050993,1.99107636067016,15095,777247,Aggregated from values for merged CCGs,,Higher 99.8,Not compared,20150000,New data,,1y
253,COPD: QOF prevalence,E54000032,NHS Kent and Medway Integrated Care Board - QKS,E38000237,Kent and Medway ICB - 91Q ,ICB sub-locations,Persons,All ages,,,2015/16,1.92970530958558,1.90987529736073,1.94973712198348,1.89853095527543,1.96138132017723,35316,1830124,Aggregated from values for merged CCGs,,Higher 99.8,Not compared,20150000,New data,,1y
253,COPD: QOF prevalence,E54000013,NHS Lincolnshire Integrated Care Board - QJM,E38000238,Lincolnshire ICB - 71E ,ICB sub-locations,Persons,All ages,,,2015/16,2.19048047796979,2.15817943850461,2.22325397537277,2.13976509904237,2.24237033800773,17030,777455,Aggregated from values for merged CCGs,,Higher 99.8,Not compared,20150000,New data,,1y
253,COPD: QOF prevalence,E54000028,NHS North Central London Integrated Care Board - QMJ,E38000240,North Central London ICB - 93C ,ICB sub-locations,Persons,All ages,,,2015/16,1.13521944156403,1.11855753659001,1.15212664851223,1.10905949778634,1.16198918264366,17374,1530453,Aggregated from values for merged CCGs,,Lower 99.8,Not compared,20150000,New data,,1y
253,COPD: QOF prevalence,E54000051,NHS Humber and North Yorkshire Integrated Care Board - QOQ,E38000241,Humber and North Yorkshire ICB - 42D ,ICB sub-locations,Persons,All ages,,,2015/16,1.99419569801572,1.95252330166962,2.0367390260848,1.92888284198089,2.0616735861053,8445,423479,Aggregated from values for merged CCGs,,Higher 99.8,Not compared,20150000,New data,,1y
253,COPD: QOF prevalence,E54000060,NHS Nottingham and Nottinghamshire Integrated Care Board - QT1,E38000243,Nottingham and Nottinghamshire ICB - 52R ,ICB sub-locations,Persons,All ages,,,2015/16,1.90712858006374,1.88122981724669,1.9333768638308,1.86645220274141,1.94867383166685,20161,1057139,Aggregated from values for merged CCGs,,Higher 99.8,Not compared,20150000,New data,,1y
253,COPD: QOF prevalence,E54000030,NHS South East London Integrated Care Board - QKK,E38000244,South East London ICB - 72Q ,ICB sub-locations,Persons,All ages,,,2015/16,1.34324589405751,1.32689437918805,1.35979613418891,1.31755449819597,1.36943130230201,25268,1881115,Aggregated from values for merged CCGs,,Lower 99.8,Not compared,20150000,New data,,1y
253,COPD: QOF prevalence,E54000031,NHS South West London Integrated Care Board - QWE,E38000245,South West London ICB - 36L ,ICB sub-locations,Persons,All ages,,,2015/16,1.07784564695211,1.06203173066644,1.09389243290698,1.05301710458921,1.10325308120486,17397,1614053,Aggregated from values for merged CCGs,,Lower 99.8,Not compared,20150000,New data,,1y
253,COPD: QOF prevalence,E54000052,NHS Surrey Heartlands Integrated Care Board - QXU,E38000246,Surrey Heartlands  ICB - 92A ,ICB sub-locations,Persons,All ages,,,2015/16,1.27167436036337,1.25064246037637,1.29305531987804,1.23867091692919,1.30554553109551,13639,1072523,Aggregated from values for merged CCGs,,Lower 99.8,Not compared,20150000,New data,,1y
253,COPD: QOF prevalence,E54000050,NHS North East and North Cumbria Integrated Care Board - QHM,E38000247,North East and North Cumbria ICB - 16C ,ICB sub-locations,Persons,All ages,,,2015/16,2.87715999062608,2.83813442080254,2.91670607006192,2.81586409132652,2.93974982136383,20012,695547,Aggregated from values for merged CCGs,,Higher 99.8,Not compared,20150000,New data,,1y
253,COPD: QOF prevalence,E54000053,NHS Sussex Integrated Care Board - QNX,E38000248,Sussex ICB - 70F ,ICB sub-locations,Persons,All ages,,,2015/16,1.69945108345995,1.67260552337438,1.72671995209461,1.65731491630545,1.74263955234974,14898,876636,Aggregated from values for merged CCGs,,Lower 99.8,Not compared,20150000,New data,,1y
253,COPD: QOF prevalence,,,E92000001,England,England,Persons,All ages,,,2016/17,1.8747613160676,1.8712741514463,1.87825340229052,1.86926721754786,1.88027030699403,1087908,58029147,,,Not compared,Not compared,20160000,New data,,1y
253,COPD: QOF prevalence,,,E92000001,England,England,Persons,All ages,"County & UA deprivation deciles in England (IMD2019, 4/23 geography)",Most deprived decile (IMD2019),2016/17,2.21974141736383,2.20779897185973,2.2317469878101,2.20094063445115,2.23869912329071,129085,5815317,Aggregated from all known lower geography values,,Higher 99.8,Not compared,20160000,New data,,1y
253,COPD: QOF prevalence,,,E92000001,England,England,Persons,All ages,"County & UA deprivation deciles in England (IMD2019, 4/23 geography)",Second most deprived decile (IMD2019),2016/17,2.39659940292296,2.38104519885953,2.41225270417038,2.37212031578231,2.42132483674516,88450,3690646,Aggregated from all known lower geography values,,Higher 99.8,Not compared,20160000,New data,,1y
253,COPD: QOF prevalence,,,E92000001,England,England,Persons,All ages,"County & UA deprivation deciles in England (IMD2019, 4/23 geography)",Third more deprived decile (IMD2019),2016/17,1.98918818872134,1.97708087958706,2.00136812716451,1.9701317615031,2.00842516594181,101025,5078705,Aggregated from all known lower geography values,,Higher 99.8,Not compared,20160000,New data,,1y
253,COPD: QOF prevalence,,,E92000001,England,England,Persons,All ages,"County & UA deprivation deciles in England (IMD2019, 4/23 geography)",Fourth more deprived decile (IMD2019),2016/17,1.78897987470072,1.77759794793799,1.80043334385884,1.77106664295557,1.80707095448162,92622,5177364,Aggregated from all known lower geography values,,Lower 99.8,Not compared,20160000,New data,,1y
253,COPD: QOF prevalence,,,E92000001,England,England,Persons,All ages,"County & UA deprivation deciles in England (IMD2019, 4/23 geography)",Fifth more deprived decile (IMD2019),2016/17,1.88451674799056,1.87276849128898,1.89633727963154,1.86602626678724,1.9031868982665,96388,5114733,Aggregated from all known lower geography values,,Similar,Not compared,20160000,New data,,1y
253,COPD: QOF prevalence,,,E92000001,England,England,Persons,All ages,"County & UA deprivation deciles in England (IMD2019, 4/23 geography)",Fifth less deprived decile (IMD2019),2016/17,1.94556183674562,1.93386372930171,1.95732929466856,1.92714910459113,1.96414696803186,103575,5323655,Aggregated from all known lower geography values,,Higher 99.8,Not compared,20160000,New data,,1y
253,COPD: QOF prevalence,,,E92000001,England,England,Persons,All ages,"County & UA deprivation deciles in England (IMD2019, 4/23 geography)",Fourth less deprived decile (IMD2019),2016/17,1.95986970771076,1.95015577285259,1.96963105673544,1.94457545258926,1.97528183027921,152563,7784344,Aggregated from all known lower geography values,,Higher 99.8,Not compared,20160000,New data,,1y
253,COPD: QOF prevalence,,,E92000001,England,England,Persons,All ages,"County & UA deprivation deciles in England (IMD2019, 4/23 geography)",Third less deprived decile (IMD2019),2016/17,1.74213768385628,1.73253569486945,1.75179193993139,1.72702212255126,1.75738317653559,123580,7093584,Aggregated from all known lower geography values,,Lower 99.8,Not compared,20160000,New data,,1y
253,COPD: QOF prevalence,,,E92000001,England,England,Persons,All ages,"County & UA deprivation deciles in England (IMD2019, 4/23 geography)",Second least deprived decile (IMD2019),2016/17,1.67241163766983,1.66375299112056,1.68111457593088,1.65877981346335,1.68615356718127,140198,8382984,Aggregated from all known lower geography values,,Lower 99.8,Not compared,20160000,New data,,1y
253,COPD: QOF prevalence,,,E92000001,England,England,Persons,All ages,"County & UA deprivation deciles in England (IMD2019, 4/23 geography)",Least deprived decile (IMD2019),2016/17,1.32277686377404,1.31234051628104,1.33329508471901,1.30635914713032,1.33939811051193,60422,4567815,Aggregated from all known lower geography values,,Lower 99.8,Not compared,20160000,New data,,1y
253,COPD: QOF prevalence,,,E92000001,England,England,Persons,All ages,"District & UA deprivation deciles in England (IMD2019, 4/23 geography)",Most deprived decile (IMD2019),2016/17,2.26855347508254,2.25845377500807,2.2786972875821,2.25264950252379,2.28456710725464,188590,8313227,Aggregated from all known lower geography values,,Higher 99.8,Not compared,20160000,New data,,1y
253,COPD: QOF prevalence,,,E92000001,England,England,Persons,All ages,"District & UA deprivation deciles in England (IMD2019, 4/23 geography)",Second most deprived decile (IMD2019),2016/17,2.16509832146204,2.15511877849292,2.17512304863763,2.14938428180925,2.18092468508084,176101,8133626,Aggregated from all known lower geography values,,Higher 99.8,Not compared,20160000,New data,,1y
253,COPD: QOF prevalence,,,E92000001,England,England,Persons,All ages,"District & UA deprivation deciles in England (IMD2019, 4/23 geography)",Third more deprived decile (IMD2019),2016/17,1.83193997711678,1.82230747690293,1.84162243848943,1.8167752682758,1.84722888499884,135695,7407175,Aggregated from all known lower geography values,,Lower 99.8,Not compared,20160000,New data,,1y
253,COPD: QOF prevalence,,,E92000001,England,England,Persons,All ages,"District & UA deprivation deciles in England (IMD2019, 4/23 geography)",Fourth more deprived decile (IMD2019),2016/17,1.89311869404177,1.88187940491893,1.90442380554409,1.87542777336232,1.91097324331991,106301,5615126,Aggregated from all known lower geography values,,Higher 99.8,Not compared,20160000,New data,,1y
253,COPD: QOF prevalence,,,E92000001,England,England,Persons,All ages,"District & UA deprivation deciles in England (IMD2019, 4/23 geography)",Fifth more deprived decile (IMD2019),2016/17,1.91322885273731,1.90112680057893,1.92540643119562,1.89418202110809,1.93246343602274,93588,4891626,Aggregated from all known lower geography values,,Higher 99.8,Not compared,20160000,New data,,1y
253,COPD: QOF prevalence,,,E92000001,England,England,Persons,All ages,"District & UA deprivation deciles in England (IMD2019, 4/23 geography)",Fifth less deprived decile (IMD2019),2016/17,1.72078907483508,1.71068186554473,1.73095494882336,1.70487983696293,1.73684414796089,108802,6322797,Aggregated from all known lower geography values,,Lower 99.8,Not compared,20160000,New data,,1y
253,COPD: QOF prevalence,,,E92000001,England,England,Persons,All ages,"District & UA deprivation deciles in England (IMD2019, 4/23 geography)",Fourth less deprived decile (IMD2019),2016/17,1.78316571529404,1.7719742269912,1.7944265958917,1.7655517714354,1.80095216223529,95193,5338427,Aggregated from all known lower geography values,,Lower 99.8,Not compared,20160000,New data,,1y
253,COPD: QOF prevalence,,,E92000001,England,England,Persons,All ages,"District & UA deprivation deciles in England (IMD2019, 4/23 geography)",Third less deprived decile (IMD2019),2016/17,1.69347971106388,1.68106483021826,1.70598468652331,1.67394622153207,1.71323716773395,69761,4119388,Aggregated from all known lower geography values,,Lower 99.8,Not compared,20160000,New data,,1y
253,COPD: QOF prevalence,,,E92000001,England,England,Persons,All ages,"District & UA deprivation deciles in England (IMD2019, 4/23 geography)",Second least deprived decile (IMD2019),2016/17,1.58243215139857,1.57000953274295,1.59495147064035,1.56288943717109,1.60221525459616,60873,3846800,Aggregated from all known lower geography values,,Lower 99.8,Not compared,20160000,New data,,1y
253,COPD: QOF prevalence,,,E92000001,England,England,Persons,All ages,"District & UA deprivation deciles in England (IMD2019, 4/23 geography)",Least deprived decile (IMD2019),2016/17,1.31167013738089,1.30062327231031,1.32280957167658,1.29429465667116,1.32927573688466,53004,4040955,Aggregated from all known lower geography values,,Lower 99.8,Not compared,20160000,New data,,1y
253,COPD: QOF prevalence,,,E92000001,England,England,Persons,All ages,"County & UA deprivation deciles in England (IMD2025, 4/23 geography)",Most deprived decile (IMD2025),2016/17,2.45808698996923,2.44264171972527,2.47362744716834,2.43377789093503,2.48263271522193,94324,3837293,Aggregated from all known lower geography values,,Higher 99.8,Not compared,20160000,New data,,1y
253,COPD: QOF prevalence,,,E92000001,England,England,Persons,All ages,"County & UA deprivation deciles in England (IMD2025, 4/23 geography)",Second most deprived decile (IMD2025),2016/17,1.74311309957144,1.73198696390567,1.75430943261511,1.72560255815488,1.76079814543363,92064,5281585,Aggregated from all known lower geography values,,Lower 99.8,Not compared,20160000,New data,,1y
253,COPD: QOF prevalence,,,E92000001,England,England,Persons,All ages,"County & UA deprivation deciles in England (IMD2025, 4/23 geography)",Third more deprived decile (IMD2025),2016/17,1.92236752224685,1.90945555466708,1.93536507939515,1.90204826395966,1.94289954854679,82963,4315668,Aggregated from all known lower geography values,,Higher 99.8,Not compared,20160000,New data,,1y
253,COPD: QOF prevalence,,,E92000001,England,England,Persons,All ages,"County & UA deprivation deciles in England (IMD2025, 4/23 geography)",Fourth more deprived decile (IMD2025),2016/17,2.20192285394125,2.18851016702524,2.21541588110904,2.18081176084959,2.22323366572843,100648,4570914,Aggregated from all known lower geography values,,Higher 99.8,Not compared,20160000,New data,,1y
253,COPD: QOF prevalence,,,E92000001,England,England,Persons,All ages,"County & UA deprivation deciles in England (IMD2025, 4/23 geography)",Fifth more deprived decile (IMD2025),2016/17,1.72675019660498,1.71573165071628,1.73783825315451,1.70940897853458,1.74426421200526,92132,5335572,Aggregated from all known lower geography values,,Lower 99.8,Not compared,20160000,New data,,1y
253,COPD: QOF prevalence,,,E92000001,England,England,Persons,All ages,"County & UA deprivation deciles in England (IMD2025, 4/23 geography)",Fifth less deprived decile (IMD2025),2016/17,1.90853082461389,1.89853564209382,1.91857759944959,1.89279502240494,1.92439488077277,136681,7161582,Aggregated from all known lower geography values,,Higher 99.8,Not compared,20160000,New data,,1y
253,COPD: QOF prevalence,,,E92000001,England,England,Persons,All ages,"County & UA deprivation deciles in England (IMD2025, 4/23 geography)",Fourth less deprived decile (IMD2025),2016/17,1.71774077539485,1.70824499791467,1.72728841032495,1.70279248948434,1.73281797435568,122874,7153233,Aggregated from all known lower geography values,,Lower 99.8,Not compared,20160000,New data,,1y
253,COPD: QOF prevalence,,,E92000001,England,England,Persons,All ages,"County & UA deprivation deciles in England (IMD2025, 4/23 geography)",Third less deprived decile (IMD2025),2016/17,1.92721192211511,1.91591884855211,1.93857024525322,1.90943594272387,1.94515010616546,109088,5660405,Aggregated from all known lower geography values,,Higher 99.8,Not compared,20160000,New data,,1y
253,COPD: QOF prevalence,,,E92000001,England,England,Persons,All ages,"County & UA deprivation deciles in England (IMD2025, 4/23 geography)",Second least deprived decile (IMD2025),2016/17,1.78618497878562,1.7776411769156,1.79476909403332,1.77273242919636,1.7997377438967,164125,9188578,Aggregated from all known lower geography values,,Lower 99.8,Not compared,20160000,New data,,1y
253,COPD: QOF prevalence,,,E92000001,England,England,Persons,All ages,"County & UA deprivation deciles in England (IMD2025, 4/23 geography)",Least deprived decile (IMD2025),2016/17,1.6836289445374,1.67293384773149,1.69439123706028,1.66679665332807,1.70062827833785,93009,5524317,Aggregated from all known lower geography values,,Lower 99.8,Not compared,20160000,New data,,1y
253,COPD: QOF prevalence,,,E92000001,England,England,Persons,All ages,"District & UA deprivation deciles in England (IMD2025, 4/23 geography)",Most deprived decile (IMD2025),2016/17,2.17286604319713,2.16326735223599,2.18250637466879,2.15775087990668,2.18808472114257,191742,8824382,Aggregated from all known lower geography values,,Higher 99.8,Not compared,20160000,New data,,1y
253,COPD: QOF prevalence,,,E92000001,England,England,Persons,All ages,"District & UA deprivation deciles in England (IMD2025, 4/23 geography)",Second most deprived decile (IMD2025),2016/17,2.18398976766009,2.17374808252289,2.19427862447591,2.16786331442023,2.20023348554338,170086,7787857,Aggregated from all known lower geography values,,Higher 99.8,Not compared,20160000,New data,,1y
253,COPD: QOF prevalence,,,E92000001,England,England,Persons,All ages,"District & UA deprivation deciles in England (IMD2025, 4/23 geography)",Third more deprived decile (IMD2025),2016/17,1.9971618596393,1.98654243841897,2.00783688598158,1.98044365189397,2.01401829680865,132462,6632512,Aggregated from all known lower geography values,,Higher 99.8,Not compared,20160000,New data,,1y
253,COPD: QOF prevalence,,,E92000001,England,England,Persons,All ages,"District & UA deprivation deciles in England (IMD2025, 4/23 geography)",Fourth more deprived decile (IMD2025),2016/17,1.77202728928172,1.76165744102875,1.7824570712286,1.75570452984699,1.78849903857889,109553,6182354,Aggregated from all known lower geography values,,Lower 99.8,Not compared,20160000,New data,,1y
253,COPD: QOF prevalence,,,E92000001,England,England,Persons,All ages,"District & UA deprivation deciles in England (IMD2025, 4/23 geography)",Fifth more deprived decile (IMD2025),2016/17,1.76422072908523,1.75290201998138,1.7756112036364,1.74640727105846,1.7822125896345,91103,5163923,Aggregated from all known lower geography values,,Lower 99.8,Not compared,20160000,New data,,1y
253,COPD: QOF prevalence,,,E92000001,England,England,Persons,All ages,"District & UA deprivation deciles in England (IMD2025, 4/23 geography)",Fifth less deprived decile (IMD2025),2016/17,1.87442974012961,1.86369498290175,1.88522514103459,1.85753196095104,1.89147827412411,114284,6097001,Aggregated from all known lower geography values,,Similar,Not compared,20160000,New data,,1y
253,COPD: QOF prevalence,,,E92000001,England,England,Persons,All ages,"District & UA deprivation deciles in England (IMD2025, 4/23 geography)",Fourth less deprived decile (IMD2025),2016/17,1.86836474532062,1.85626671366962,1.88054011386906,1.84932506940267,1.88759667387382,89337,4781561,Aggregated from all known lower geography values,,Similar,Not compared,20160000,New data,,1y
253,COPD: QOF prevalence,,,E92000001,England,England,Persons,All ages,"District & UA deprivation deciles in England (IMD2025, 4/23 geography)",Third less deprived decile (IMD2025),2016/17,1.66398323640156,1.65226891208125,1.67577919825972,1.64555047705698,1.68261893937779,75693,4548904,Aggregated from all known lower geography values,,Lower 99.8,Not compared,20160000,New data,,1y
253,COPD: QOF prevalence,,,E92000001,England,England,Persons,All ages,"District & UA deprivation deciles in England (IMD2025, 4/23 geography)",Second least deprived decile (IMD2025),2016/17,1.49883799895519,1.48773774601959,1.51001980318354,1.48137338387261,1.51650534327295,68486,4569273,Aggregated from all known lower geography values,,Lower 99.8,Not compared,20160000,New data,,1y
253,COPD: QOF prevalence,,,E92000001,England,England,Persons,All ages,"District & UA deprivation deciles in England (IMD2025, 4/23 geography)",Least deprived decile (IMD2025),2016/17,1.31232238230012,1.30035304200156,1.3244004182382,1.29349972821377,1.33141524393439,45162,3441380,Aggregated from all known lower geography values,,Lower 99.8,Not compared,20160000,New data,,1y
253,COPD: QOF prevalence,E92000001,England,E54000008,NHS Cheshire and Merseyside Integrated Care Board - QYG,ICBs,Persons,All ages,,,2016/17,2.48617591152583,2.46729304821661,2.50519957852081,,,64456,2592576,Aggregated from all known lower geography values,,Not compared,Not compared,20160000,New data,,1y
253,COPD: QOF prevalence,E92000001,England,E54000010,NHS Staffordshire and Stoke-on-Trent Integrated Care Board - QNC,ICBs,Persons,All ages,,,2016/17,2.09871445624295,2.07273456478527,2.12501291637476,,,24245,1155231,Aggregated from all known lower geography values,,Not compared,Not compared,20160000,New data,,1y
253,COPD: QOF prevalence,E92000001,England,E54000011,"NHS Shropshire, Telford and Wrekin Integrated Care Board - QOC",ICBs,Persons,All ages,,,2016/17,1.90090652302437,1.86293670143974,1.93963493863551,,,9260,487136,Aggregated from all known lower geography values,,Not compared,Not compared,20160000,New data,,1y
253,COPD: QOF prevalence,E92000001,England,E54000013,NHS Lincolnshire Integrated Care Board - QJM,ICBs,Persons,All ages,,,2016/17,2.23295389214672,2.20045513316725,2.26592150817794,,,17478,782730,Aggregated from all known lower geography values,,Not compared,Not compared,20160000,New data,,1y
253,COPD: QOF prevalence,E92000001,England,E54000015,"NHS Leicester, Leicestershire and Rutland Integrated Care Board - QK1",ICBs,Persons,All ages,,,2016/17,1.65365733372189,1.63015493026348,1.67749279973677,,,18442,1115225,Aggregated from all known lower geography values,,Not compared,Not compared,20160000,New data,,1y
253,COPD: QOF prevalence,E92000001,England,E54000018,NHS Coventry and Warwickshire Integrated Care Board - QWU,ICBs,Persons,All ages,,,2016/17,1.64181046983387,1.61678676176563,1.66721491737254,,,16021,975813,Aggregated from all known lower geography values,,Not compared,Not compared,20160000,New data,,1y
253,COPD: QOF prevalence,E92000001,England,E54000019,NHS Herefordshire and Worcestershire Integrated Care Board - QGH,ICBs,Persons,All ages,,,2016/17,1.98045790044205,1.95001355379556,2.01136780536681,,,15694,792443,Aggregated from all known lower geography values,,Not compared,Not compared,20160000,New data,,1y
253,COPD: QOF prevalence,E92000001,England,E54000022,NHS Norfolk and Waveney Integrated Care Board - QMM,ICBs,Persons,All ages,,,2016/17,2.48352228669216,2.44439587796226,2.52325877664294,,,14861,598384,Aggregated from all known lower geography values,,Not compared,Not compared,20160000,New data,,1y
253,COPD: QOF prevalence,E92000001,England,E54000023,NHS Suffolk and North East Essex Integrated Care Board - QJG,ICBs,Persons,All ages,,,2016/17,2.01169327233247,1.98440626150943,2.03934769226652,,,20187,1003483,Aggregated from all known lower geography values,,Not compared,Not compared,20160000,New data,,1y
253,COPD: QOF prevalence,E92000001,England,E54000024,"NHS Bedfordshire, Luton and Milton Keynes Integrated Care Board - QHG",ICBs,Persons,All ages,,,2016/17,1.50541034812987,1.48179504075578,1.52939616914647,,,15138,1005573,Aggregated from all known lower geography values,,Not compared,Not compared,20160000,New data,,1y
253,COPD: QOF prevalence,E92000001,England,E54000025,NHS Hertfordshire and West Essex Integrated Care Board - QM7,ICBs,Persons,All ages,,,2016/17,1.5103772126334,1.49127069404258,1.52972472711872,,,23348,1545839,Aggregated from all known lower geography values,,Not compared,Not compared,20160000,New data,,1y
253,COPD: QOF prevalence,E92000001,England,E54000026,NHS Mid and South Essex Integrated Care Board - QH8,ICBs,Persons,All ages,,,2016/17,1.87542701073121,1.8514415987191,1.89971713921664,,,22756,1213377,Aggregated from all known lower geography values,,Not compared,Not compared,20160000,New data,,1y
253,COPD: QOF prevalence,E92000001,England,E54000027,NHS North West London Integrated Care Board - QRV,ICBs,Persons,All ages,,,2016/17,1.00854170916458,0.995867890420891,1.02137515609772,,,23781,2357959,Aggregated from all known lower geography values,,Not compared,Not compared,20160000,New data,,1y
253,COPD: QOF prevalence,E92000001,England,E54000028,NHS North Central London Integrated Care Board - QMJ,ICBs,Persons,All ages,,,2016/17,1.15881454087857,1.14212703913039,1.17574296220499,,,18049,1557540,Aggregated from all known lower geography values,,Not compared,Not compared,20160000,New data,,1y
253,COPD: QOF prevalence,E92000001,England,E54000029,NHS North East London Integrated Care Board - QMF,ICBs,Persons,All ages,,,2016/17,1.15849855122951,1.14419643720053,1.17297731618814,,,24609,2124215,Aggregated from all known lower geography values,,Not compared,Not compared,20160000,New data,,1y
253,COPD: QOF prevalence,E92000001,England,E54000030,NHS South East London Integrated Care Board - QKK,ICBs,Persons,All ages,,,2016/17,1.33758055098022,1.32139151736546,1.35396520319165,,,25564,1911212,Aggregated from all known lower geography values,,Not compared,Not compared,20160000,New data,,1y
253,COPD: QOF prevalence,E92000001,England,E54000031,NHS South West London Integrated Care Board - QWE,ICBs,Persons,All ages,,,2016/17,1.09830341733144,1.08244019209632,1.11439650001371,,,17952,1634521,Aggregated from all known lower geography values,,Not compared,Not compared,20160000,New data,,1y
253,COPD: QOF prevalence,E92000001,England,E54000032,NHS Kent and Medway Integrated Care Board - QKS,ICBs,Persons,All ages,,,2016/17,1.97320887773644,1.95326257387422,1.99335472793108,,,36487,1849120,Aggregated from all known lower geography values,,Not compared,Not compared,20160000,New data,,1y
253,COPD: QOF prevalence,E92000001,England,E54000034,NHS Frimley Integrated Care Board - QNQ,ICBs,Persons,All ages,,,2016/17,1.21465156543067,1.19052421981401,1.23926174690814,,,9429,776272,Aggregated from all known lower geography values,,Not compared,Not compared,20160000,New data,,1y
253,COPD: QOF prevalence,E92000001,England,E54000036,NHS Cornwall and the Isles of Scilly Integrated Care Board - QT6,ICBs,Persons,All ages,,,2016/17,2.16113750742946,2.12366650131457,2.19925481421476,,,12290,568682,Aggregated from all known lower geography values,,Not compared,Not compared,20160000,New data,,1y
253,COPD: QOF prevalence,E92000001,England,E54000037,NHS Devon Integrated Care Board - QJK,ICBs,Persons,All ages,,,2016/17,2.16555321270316,2.13972252391937,2.19168874533855,,,26107,1205558,Aggregated from all known lower geography values,,Not compared,Not compared,20160000,New data,,1y
253,COPD: QOF prevalence,E92000001,England,E54000038,NHS Somerset Integrated Care Board - QSL,ICBs,Persons,All ages,,,2016/17,2.18627421703594,2.14860837810386,2.22458533963118,,,12446,569279,Aggregated from all known lower geography values,,Not compared,Not compared,20160000,New data,,1y
253,COPD: QOF prevalence,E92000001,England,E54000039,"NHS Bristol, North Somerset and South Gloucestershire Integrated Care Board - QUY",ICBs,Persons,All ages,,,2016/17,1.76267914250892,1.73689563664304,1.78883842625923,,,17384,986226,Aggregated from all known lower geography values,,Not compared,Not compared,20160000,New data,,1y
253,COPD: QOF prevalence,E92000001,England,E54000040,"NHS Bath and North East Somerset, Swindon and Wiltshire Integrated Care Board - QOX",ICBs,Persons,All ages,,,2016/17,1.66428751908537,1.63843245186261,1.6905435764342,,,15413,926102,Aggregated from all known lower geography values,,Not compared,Not compared,20160000,New data,,1y
253,COPD: QOF prevalence,E92000001,England,E54000041,NHS Dorset Integrated Care Board - QVV,ICBs,Persons,All ages,,,2016/17,2.01569748943293,1.98503892600151,2.04681968046998,,,16028,795159,Aggregated from all known lower geography values,,Not compared,Not compared,20160000,New data,,1y
253,COPD: QOF prevalence,E92000001,England,E54000042,NHS Hampshire and Isle of Wight Integrated Care Board - QRL,ICBs,Persons,All ages,,,2016/17,1.82827064676191,1.80916271042511,1.84757659911586,,,34171,1869034,Aggregated from all known lower geography values,,Not compared,Not compared,20160000,New data,,1y
253,COPD: QOF prevalence,E92000001,England,E54000043,NHS Gloucestershire Integrated Care Board - QR1,ICBs,Persons,All ages,,,2016/17,1.78415979797821,1.75195557940297,1.81694504265676,,,11375,637555,Aggregated from all known lower geography values,,Not compared,Not compared,20160000,New data,,1y
253,COPD: QOF prevalence,E92000001,England,E54000044,"NHS Buckinghamshire, Oxfordshire and Berkshire West Integrated Care Board - QU9",ICBs,Persons,All ages,,,2016/17,1.29907522899484,1.28272639712438,1.31562965586961,,,23642,1819910,Aggregated from all known lower geography values,,Not compared,Not compared,20160000,New data,,1y
253,COPD: QOF prevalence,E92000001,England,E54000048,NHS Lancashire and South Cumbria Integrated Care Board - QE1,ICBs,Persons,All ages,,,2016/17,2.51352917883767,2.49039172860543,2.53687599926158,,,43799,1742530,Aggregated from all known lower geography values,,Not compared,Not compared,20160000,New data,,1y
253,COPD: QOF prevalence,E54000061,NHS South Yorkshire Integrated Care Board - QF7,E38000006,South Yorkshire ICB - 02P ,ICB sub-locations,Persons,All ages,,,2016/17,3.16131354990923,3.09488644091647,3.22911890763976,,,8254,261094,,,Not compared,Not compared,20160000,New data,,1y
253,COPD: QOF prevalence,E54000026,NHS Mid and South Essex Integrated Care Board - QH8,E38000007,Mid and South Essex ICB - 99E ,ICB sub-locations,Persons,All ages,,,2016/17,1.92390451358125,1.87336986627462,1.97577489868341,,,5320,276521,,,Not compared,Not compared,20160000,New data,,1y
253,COPD: QOF prevalence,E54000060,NHS Nottingham and Nottinghamshire Integrated Care Board - QT1,E38000008,Nottingham and Nottinghamshire ICB - 02Q ,ICB sub-locations,Persons,All ages,,,2016/17,2.46739601747774,2.38110779865136,2.55672930971856,,,2959,119924,,,Not compared,Not compared,20160000,New data,,1y
253,COPD: QOF prevalence,E54000048,NHS Lancashire and South Cumbria Integrated Care Board - QE1,E38000014,Lancashire and South Cumbria ICB - 00Q ,ICB sub-locations,Persons,All ages,,,2016/17,2.26471112850049,2.1958136362906,2.3357187732845,,,3936,173797,,,Not compared,Not compared,20160000,New data,,1y
253,COPD: QOF prevalence,E54000048,NHS Lancashire and South Cumbria Integrated Care Board - QE1,E38000015,Lancashire and South Cumbria ICB - 00R ,ICB sub-locations,Persons,All ages,,,2016/17,3.72787335190129,3.63954982067345,3.81825536077272,,,6438,172699,,,Not compared,Not compared,20160000,New data,,1y
253,COPD: QOF prevalence,E54000057,NHS Greater Manchester Integrated Care Board - QOP,E38000016,Greater Manchester ICB - 00T ,ICB sub-locations,Persons,All ages,,,2016/17,2.25441364383133,2.20247899355784,2.30754402263108,,,6916,306776,,,Not compared,Not compared,20160000,New data,,1y
253,COPD: QOF prevalence,E54000053,NHS Sussex Integrated Care Board - QNX,E38000021,Sussex ICB - 09D ,ICB sub-locations,Persons,All ages,,,2016/17,1.39787148302537,1.35666373621349,1.44031261165769,,,4232,302746,,,Not compared,Not compared,20160000,New data,,1y
253,COPD: QOF prevalence,E54000057,NHS Greater Manchester Integrated Care Board - QOP,E38000024,Greater Manchester ICB - 00V ,ICB sub-locations,Persons,All ages,,,2016/17,2.11091570169545,2.04919753720875,2.17445144170899,,,4273,202424,,,Not compared,Not compared,20160000,New data,,1y
253,COPD: QOF prevalence,E54000054,NHS West Yorkshire Integrated Care Board - QWO,E38000025,West Yorkshire ICB - 02T ,ICB sub-locations,Persons,All ages,,,2016/17,2.25403400168415,2.1927957869877,2.31694190349428,,,4952,219695,,,Not compared,Not compared,20160000,New data,,1y
253,COPD: QOF prevalence,E54000010,NHS Staffordshire and Stoke-on-Trent Integrated Care Board - QNC,E38000028,Staffordshire and Stoke-on-Trent ICB - 04Y ,ICB sub-locations,Persons,All ages,,,2016/17,2.38977539136353,2.30882732477036,2.47348965933542,,,3160,132230,,,Not compared,Not compared,20160000,New data,,1y
253,COPD: QOF prevalence,E54000026,NHS Mid and South Essex Integrated Care Board - QH8,E38000030,Mid and South Essex ICB - 99F ,ICB sub-locations,Persons,All ages,,,2016/17,2.21480582524272,2.14865620743553,2.28294444525308,,,4088,184576,,,Not compared,Not compared,20160000,New data,,1y
253,COPD: QOF prevalence,E54000048,NHS Lancashire and South Cumbria Integrated Care Board - QE1,E38000034,Lancashire and South Cumbria ICB - 00X ,ICB sub-locations,Persons,All ages,,,2016/17,2.35308990771227,2.28443586833962,2.42375602615217,,,4281,181931,,,Not compared,Not compared,20160000,New data,,1y
253,COPD: QOF prevalence,E54000061,NHS South Yorkshire Integrated Care Board - QF7,E38000044,South Yorkshire ICB - 02X ,ICB sub-locations,Persons,All ages,,,2016/17,2.71547081388537,2.65950614697322,2.77257961538152,,,8622,317514,,,Not compared,Not compared,20160000,New data,,1y
253,COPD: QOF prevalence,E54000041,NHS Dorset Integrated Care Board - QVV,E38000045,Dorset ICB - 11J ,ICB sub-locations,Persons,All ages,,,2016/17,2.01569748943293,1.98503892600151,2.04681968046998,,,16028,795159,,,Not compared,Not compared,20160000,New data,,1y
253,COPD: QOF prevalence,E54000025,NHS Hertfordshire and West Essex Integrated Care Board - QM7,E38000049,Hertfordshire and West Essex ICB - 06K ,ICB sub-locations,Persons,All ages,,,2016/17,1.56768458820038,1.53638271955309,1.59961383262065,,,9298,593104,,,Not compared,Not compared,20160000,New data,,1y
253,COPD: QOF prevalence,E54000048,NHS Lancashire and South Cumbria Integrated Care Board - QE1,E38000050,Lancashire and South Cumbria ICB - 01A ,ICB sub-locations,Persons,All ages,,,2016/17,2.55880311152992,2.50900100688249,2.60956729635366,,,9694,378849,,,Not compared,Not compared,20160000,New data,,1y
253,COPD: QOF prevalence,E54000015,"NHS Leicester, Leicestershire and Rutland Integrated Care Board - QK1",E38000051,"Leicester, Leicestershire and Rutland ICB - 03W ",ICB sub-locations,Persons,All ages,,,2016/17,1.74543542653123,1.70112314768462,1.79088095910818,,,5710,327139,,,Not compared,Not compared,20160000,New data,,1y
253,COPD: QOF prevalence,E54000051,NHS Humber and North Yorkshire Integrated Care Board - QOQ,E38000052,Humber and North Yorkshire ICB - 02Y ,ICB sub-locations,Persons,All ages,,,2016/17,2.36049747696896,2.30728382977545,2.41490807028552,,,7218,305783,,,Not compared,Not compared,20160000,New data,,1y
253,COPD: QOF prevalence,E54000010,NHS Staffordshire and Stoke-on-Trent Integrated Care Board - QNC,E38000053,Staffordshire and Stoke-on-Trent ICB - 05D ,ICB sub-locations,Persons,All ages,,,2016/17,1.71191339243016,1.64625584993579,1.78014215617183,,,2470,144283,,,Not compared,Not compared,20160000,New data,,1y
253,COPD: QOF prevalence,E54000043,NHS Gloucestershire Integrated Care Board - QR1,E38000062,Gloucestershire ICB - 11M ,ICB sub-locations,Persons,All ages,,,2016/17,1.78415979797821,1.75195557940297,1.81694504265676,,,11375,637555,,,Not compared,Not compared,20160000,New data,,1y
253,COPD: QOF prevalence,E54000008,NHS Cheshire and Merseyside Integrated Care Board - QYG,E38000068,Cheshire and Merseyside ICB - 01F ,ICB sub-locations,Persons,All ages,,,2016/17,2.71925789635081,2.63237705300675,2.8089234939887,,,3547,130440,,,Not compared,Not compared,20160000,New data,,1y
253,COPD: QOF prevalence,E54000025,NHS Hertfordshire and West Essex Integrated Care Board - QM7,E38000079,Hertfordshire and West Essex ICB - 06N ,ICB sub-locations,Persons,All ages,,,2016/17,1.34916234521596,1.32127204554523,1.37763315300681,,,8687,643881,,,Not compared,Not compared,20160000,New data,,1y
253,COPD: QOF prevalence,E54000057,NHS Greater Manchester Integrated Care Board - QOP,E38000080,Greater Manchester ICB - 01D ,ICB sub-locations,Persons,All ages,,,2016/17,2.43202161796994,2.36998011686718,2.49564572934186,,,5616,230919,,,Not compared,Not compared,20160000,New data,,1y
253,COPD: QOF prevalence,E54000051,NHS Humber and North Yorkshire Integrated Care Board - QOQ,E38000085,Humber and North Yorkshire ICB - 03F ,ICB sub-locations,Persons,All ages,,,2016/17,2.5914406971847,2.53597865711105,2.64808274025082,,,7999,308670,,,Not compared,Not compared,20160000,New data,,1y
253,COPD: QOF prevalence,E54000023,NHS Suffolk and North East Essex Integrated Care Board - QJG,E38000086,Suffolk and North East Essex ICB - 06L ,ICB sub-locations,Persons,All ages,,,2016/17,1.74792894428755,1.70797624077585,1.7887992069439,,,7062,404021,,,Not compared,Not compared,20160000,New data,,1y
253,COPD: QOF prevalence,E54000036,NHS Cornwall and the Isles of Scilly Integrated Care Board - QT6,E38000089,Cornwall and The Isles Of Scilly ICB - 11N ,ICB sub-locations,Persons,All ages,,,2016/17,2.16113750742946,2.12366650131457,2.19925481421476,,,12290,568682,,,Not compared,Not compared,20160000,New data,,1y
253,COPD: QOF prevalence,E54000008,NHS Cheshire and Merseyside Integrated Care Board - QYG,E38000091,Cheshire and Merseyside ICB - 01J ,ICB sub-locations,Persons,All ages,,,2016/17,3.52849040326479,3.44013087223555,3.61903438244006,,,5767,163441,,,Not compared,Not compared,20160000,New data,,1y
253,COPD: QOF prevalence,E54000015,"NHS Leicester, Leicestershire and Rutland Integrated Care Board - QK1",E38000097,"Leicester, Leicestershire and Rutland ICB - 04C ",ICB sub-locations,Persons,All ages,,,2016/17,1.38728697277626,1.35160530146784,1.42389702493903,,,5581,402296,,,Not compared,Not compared,20160000,New data,,1y
253,COPD: QOF prevalence,E54000008,NHS Cheshire and Merseyside Integrated Care Board - QYG,E38000101,Cheshire and Merseyside ICB - 99A ,ICB sub-locations,Persons,All ages,,,2016/17,3.01607002499527,2.97005766460783,3.06277271183696,,,15771,522899,,,Not compared,Not compared,20160000,New data,,1y
253,COPD: QOF prevalence,E54000026,NHS Mid and South Essex Integrated Care Board - QH8,E38000106,Mid and South Essex ICB - 06Q ,ICB sub-locations,Persons,All ages,,,2016/17,1.56260437488117,1.52411654426482,1.60204830985061,,,6082,389222,,,Not compared,Not compared,20160000,New data,,1y
253,COPD: QOF prevalence,E54000023,NHS Suffolk and North East Essex Integrated Care Board - QJG,E38000117,Suffolk and North East Essex ICB - 06T ,ICB sub-locations,Persons,All ages,,,2016/17,2.22919946159286,2.18085708143033,2.27858847073818,,,7817,350664,,,Not compared,Not compared,20160000,New data,,1y
253,COPD: QOF prevalence,E54000051,NHS Humber and North Yorkshire Integrated Care Board - QOQ,E38000119,Humber and North Yorkshire ICB - 03H ,ICB sub-locations,Persons,All ages,,,2016/17,2.41539142384646,2.34383707806854,2.48907455430662,,,4148,171732,,,Not compared,Not compared,20160000,New data,,1y
253,COPD: QOF prevalence,E54000051,NHS Humber and North Yorkshire Integrated Care Board - QOQ,E38000122,Humber and North Yorkshire ICB - 03K ,ICB sub-locations,Persons,All ages,,,2016/17,2.2505825955717,2.18173010506306,2.32155640874499,,,3892,172933,,,Not compared,Not compared,20160000,New data,,1y
253,COPD: QOF prevalence,E54000010,NHS Staffordshire and Stoke-on-Trent Integrated Care Board - QNC,E38000126,Staffordshire and Stoke-on-Trent ICB - 05G ,ICB sub-locations,Persons,All ages,,,2016/17,2.34484153246562,2.28209516884493,2.40927057585021,,,5102,217584,,,Not compared,Not compared,20160000,New data,,1y
253,COPD: QOF prevalence,E54000050,NHS North East and North Cumbria Integrated Care Board - QHM,E38000127,North East and North Cumbria ICB - 99C ,ICB sub-locations,Persons,All ages,,,2016/17,2.57059985245398,2.50503338941413,2.63783601293763,,,5610,218237,,,Not compared,Not compared,20160000,New data,,1y
253,COPD: QOF prevalence,E54000050,NHS North East and North Cumbria Integrated Care Board - QHM,E38000130,North East and North Cumbria ICB - 00L,ICB sub-locations,Persons,All ages,,,2016/17,2.68736917935067,2.63219717113194,2.74366503079422,,,8692,323439,,,Not compared,Not compared,20160000,New data,,1y
253,COPD: QOF prevalence,E54000057,NHS Greater Manchester Integrated Care Board - QOP,E38000135,Greater Manchester ICB - 00Y ,ICB sub-locations,Persons,All ages,,,2016/17,2.2914688192466,2.23385194030877,2.35053605883793,,,5791,252720,,,Not compared,Not compared,20160000,New data,,1y
253,COPD: QOF prevalence,E54000044,"NHS Buckinghamshire, Oxfordshire and Berkshire West Integrated Care Board - QU9",E38000136,"Buckinghamshire, Oxfordshire and Berkshire West ICB - 10Q ",ICB sub-locations,Persons,All ages,,,2016/17,1.35563643137647,1.32936498395647,1.38241979170333,,,9897,730063,,,Not compared,Not compared,20160000,New data,,1y
253,COPD: QOF prevalence,E54000042,NHS Hampshire and Isle of Wight Integrated Care Board - QRL,E38000137,Hampshire and Isle Of Wight ICB - 10R ,ICB sub-locations,Persons,All ages,,,2016/17,1.92621462938312,1.87195069054373,1.98201979452833,,,4616,239641,,,Not compared,Not compared,20160000,New data,,1y
253,COPD: QOF prevalence,E54000061,NHS South Yorkshire Integrated Care Board - QF7,E38000141,South Yorkshire ICB - 03L ,ICB sub-locations,Persons,All ages,,,2016/17,2.81107895824721,2.74895420074305,2.87456619972304,,,7480,266090,,,Not compared,Not compared,20160000,New data,,1y
253,COPD: QOF prevalence,E54000057,NHS Greater Manchester Integrated Care Board - QOP,E38000143,Greater Manchester ICB - 01G ,ICB sub-locations,Persons,All ages,,,2016/17,2.61408320020353,2.55427269735154,2.67525576822172,,,6987,267283,,,Not compared,Not compared,20160000,New data,,1y
253,COPD: QOF prevalence,E54000061,NHS South Yorkshire Integrated Care Board - QF7,E38000146,South Yorkshire ICB - 03N ,ICB sub-locations,Persons,All ages,,,2016/17,2.04775241375152,2.01213380440719,2.08398813074536,,,12225,596996,,,Not compared,Not compared,20160000,New data,,1y
253,COPD: QOF prevalence,E54000038,NHS Somerset Integrated Care Board - QSL,E38000150,Somerset ICB - 11X ,ICB sub-locations,Persons,All ages,,,2016/17,2.18627421703594,2.14860837810386,2.22458533963118,,,12446,569279,,,Not compared,Not compared,20160000,New data,,1y
253,COPD: QOF prevalence,E54000010,NHS Staffordshire and Stoke-on-Trent Integrated Care Board - QNC,E38000153,Staffordshire and Stoke-on-Trent ICB - 05Q ,ICB sub-locations,Persons,All ages,,,2016/17,1.74601694049507,1.69273161019392,1.80094890580377,,,3931,225141,,,Not compared,Not compared,20160000,New data,,1y
253,COPD: QOF prevalence,E54000008,NHS Cheshire and Merseyside Integrated Care Board - QYG,E38000161,Cheshire and Merseyside ICB - 01T ,ICB sub-locations,Persons,All ages,,,2016/17,2.89491033755274,2.81171923940928,2.98048734919158,,,4391,151680,,,Not compared,Not compared,20160000,New data,,1y
253,COPD: QOF prevalence,E54000050,NHS North East and North Cumbria Integrated Care Board - QHM,E38000163,North East and North Cumbria ICB - 00N ,ICB sub-locations,Persons,All ages,,,2016/17,3.73453534094179,3.64169871485397,3.82964456077367,,,5841,156405,,,Not compared,Not compared,20160000,New data,,1y
253,COPD: QOF prevalence,E54000026,NHS Mid and South Essex Integrated Care Board - QH8,E38000168,Mid and South Essex ICB - 99G ,ICB sub-locations,Persons,All ages,,,2016/17,2.12239459408014,2.05840324134889,2.18833085247176,,,4014,189126,,,Not compared,Not compared,20160000,New data,,1y
253,COPD: QOF prevalence,E54000008,NHS Cheshire and Merseyside Integrated Care Board - QYG,E38000170,Cheshire and Merseyside ICB - 01V ,ICB sub-locations,Persons,All ages,,,2016/17,2.13926140711208,2.06024720615761,2.22123721844036,,,2656,124155,,,Not compared,Not compared,20160000,New data,,1y
253,COPD: QOF prevalence,E54000008,NHS Cheshire and Merseyside Integrated Care Board - QYG,E38000172,Cheshire and Merseyside ICB - 01X ,ICB sub-locations,Persons,All ages,,,2016/17,3.03408252093568,2.95914504022694,3.11085688519181,,,5960,196435,,,Not compared,Not compared,20160000,New data,,1y
253,COPD: QOF prevalence,E54000010,NHS Staffordshire and Stoke-on-Trent Integrated Care Board - QNC,E38000173,Staffordshire and Stoke-on-Trent ICB - 05V ,ICB sub-locations,Persons,All ages,,,2016/17,1.63310810810811,1.56977937901934,1.69894757504876,,,2417,148000,,,Not compared,Not compared,20160000,New data,,1y
253,COPD: QOF prevalence,E54000057,NHS Greater Manchester Integrated Care Board - QOP,E38000174,Greater Manchester ICB - 01W ,ICB sub-locations,Persons,All ages,,,2016/17,2.29342098465671,2.2412900113451,2.34673538376857,,,7103,309712,,,Not compared,Not compared,20160000,New data,,1y
253,COPD: QOF prevalence,E54000010,NHS Staffordshire and Stoke-on-Trent Integrated Care Board - QNC,E38000175,Staffordshire and Stoke-on-Trent ICB - 05W ,ICB sub-locations,Persons,All ages,,,2016/17,2.48790769220085,2.43165253296113,2.54543033580021,,,7165,287993,,,Not compared,Not compared,20160000,New data,,1y
253,COPD: QOF prevalence,E54000050,NHS North East and North Cumbria Integrated Care Board - QHM,E38000176,North East and North Cumbria ICB - 00P ,ICB sub-locations,Persons,All ages,,,2016/17,3.34222622676174,3.27676506353094,3.40894904163039,,,9496,284122,,,Not compared,Not compared,20160000,New data,,1y
253,COPD: QOF prevalence,E54000026,NHS Mid and South Essex Integrated Care Board - QH8,E38000185,Mid and South Essex ICB - 07G ,ICB sub-locations,Persons,All ages,,,2016/17,1.86969620311386,1.80709411950905,1.93442424970034,,,3252,173932,,,Not compared,Not compared,20160000,New data,,1y
253,COPD: QOF prevalence,E54000057,NHS Greater Manchester Integrated Care Board - QOP,E38000187,Greater Manchester ICB - 02A ,ICB sub-locations,Persons,All ages,,,2016/17,1.95278041310897,1.89822203348091,2.00887478968496,,,4693,240324,,,Not compared,Not compared,20160000,New data,,1y
253,COPD: QOF prevalence,E54000051,NHS Humber and North Yorkshire Integrated Care Board - QOQ,E38000188,Humber and North Yorkshire ICB - 03Q ,ICB sub-locations,Persons,All ages,,,2016/17,1.66784456183675,1.62672896198895,1.70998129517816,,,6065,363643,,,Not compared,Not compared,20160000,New data,,1y
253,COPD: QOF prevalence,E54000054,NHS West Yorkshire Integrated Care Board - QWO,E38000190,West Yorkshire ICB - 03R ,ICB sub-locations,Persons,All ages,,,2016/17,2.84625922536698,2.79311999217777,2.90037927016949,,,10513,369362,,,Not compared,Not compared,20160000,New data,,1y
253,COPD: QOF prevalence,E54000008,NHS Cheshire and Merseyside Integrated Care Board - QYG,E38000194,Cheshire and Merseyside ICB - 02E ,ICB sub-locations,Persons,All ages,,,2016/17,1.84862448553593,1.79094983954728,1.90812036415198,,,3755,203124,,,Not compared,Not compared,20160000,New data,,1y
253,COPD: QOF prevalence,E54000025,NHS Hertfordshire and West Essex Integrated Care Board - QM7,E38000197,Hertfordshire and West Essex ICB - 07H ,ICB sub-locations,Persons,All ages,,,2016/17,1.73641914950106,1.69094826630117,1.78309060159375,,,5363,308854,,,Not compared,Not compared,20160000,New data,,1y
253,COPD: QOF prevalence,E54000048,NHS Lancashire and South Cumbria Integrated Care Board - QE1,E38000200,Lancashire and South Cumbria ICB - 02G ,ICB sub-locations,Persons,All ages,,,2016/17,2.28742007277352,2.20194499304547,2.37613250886102,,,2590,113228,,,Not compared,Not compared,20160000,New data,,1y
253,COPD: QOF prevalence,E54000015,"NHS Leicester, Leicestershire and Rutland Integrated Care Board - QK1",E38000201,"Leicester, Leicestershire and Rutland ICB - 04V ",ICB sub-locations,Persons,All ages,,,2016/17,1.85359910832318,1.81151445148919,1.89664257992566,,,7151,385790,,,Not compared,Not compared,20160000,New data,,1y
253,COPD: QOF prevalence,E54000023,NHS Suffolk and North East Essex Integrated Care Board - QJG,E38000204,Suffolk and North East Essex ICB - 07K ,ICB sub-locations,Persons,All ages,,,2016/17,2.13345766445068,2.07741386136687,2.19097957035071,,,5308,248798,,,Not compared,Not compared,20160000,New data,,1y
253,COPD: QOF prevalence,E54000057,NHS Greater Manchester Integrated Care Board - QOP,E38000205,Greater Manchester ICB - 02H ,ICB sub-locations,Persons,All ages,,,2016/17,2.53133478191483,2.47795866466205,2.58583015408679,,,8248,325836,,,Not compared,Not compared,20160000,New data,,1y
253,COPD: QOF prevalence,E54000008,NHS Cheshire and Merseyside Integrated Care Board - QYG,E38000208,Cheshire and Merseyside ICB - 12F ,ICB sub-locations,Persons,All ages,,,2016/17,2.43723337296314,2.38617157020233,2.48935998424313,,,8364,343176,,,Not compared,Not compared,20160000,New data,,1y
253,COPD: QOF prevalence,E54000050,NHS North East and North Cumbria Integrated Care Board - QHM,E38000212,North East and North Cumbria ICB - 13T ,ICB sub-locations,Persons,All ages,,,2016/17,2.42050982756171,2.37912337053635,2.46259806850078,,,12608,520882,,,Not compared,Not compared,20160000,New data,,1y
253,COPD: QOF prevalence,E54000050,NHS North East and North Cumbria Integrated Care Board - QHM,E38000215,North East and North Cumbria ICB - 01H ,ICB sub-locations,Persons,All ages,,,2016/17,2.41717366144096,2.3647837503678,2.47069485865138,,,7811,323146,,,Not compared,Not compared,20160000,New data,,1y
253,COPD: QOF prevalence,E54000057,NHS Greater Manchester Integrated Care Board - QOP,E38000217,Greater Manchester ICB - 14L ,ICB sub-locations,Persons,All ages,,,2016/17,1.94148796478009,1.90766283447103,1.97590077374312,,,12198,628281,,,Not compared,Not compared,20160000,New data,,1y
253,COPD: QOF prevalence,E54000037,NHS Devon Integrated Care Board - QJK,E38000230,Devon ICB - 15N ,ICB sub-locations,Persons,All ages,,,2016/17,2.16555321270316,2.13972252391937,2.19168874533856,2.12496416647633,2.20690007089624,26107,1205558,Aggregated from values for merged local authorities,,Higher 99.8,Similar,20160000,New data,,1y
253,COPD: QOF prevalence,E54000040,"NHS Bath and North East Somerset, Swindon and Wiltshire Integrated Care Board - QOX",E38000231,"Bath and North East Somerset, Swindon and Wiltshire ICB - 92G ",ICB sub-locations,Persons,All ages,,,2016/17,1.66428751908537,1.63843245186262,1.6905435764342,1.62370301426579,1.70586884467119,15413,926102,Aggregated from values for merged CCGs,,Lower 99.8,Similar,20160000,New data,,1y
253,COPD: QOF prevalence,E54000054,NHS West Yorkshire Integrated Care Board - QWO,E38000232,West Yorkshire ICB - 36J ,ICB sub-locations,Persons,All ages,,,2016/17,2.10377829241143,2.06849995429877,2.1396451582086,2.04842066225607,2.16059893833576,13154,625256,Aggregated from values for merged CCGs,,Higher 99.8,Not compared,20160000,New data,,1y
253,COPD: QOF prevalence,E54000008,NHS Cheshire and Merseyside Integrated Care Board - QYG,E38000233,Cheshire and Merseyside ICB - 27D ,ICB sub-locations,Persons,All ages,,,2016/17,1.88120851634783,1.85085113224194,1.91205411775807,1.83356454207685,1.93006614763132,14245,757226,Aggregated from values for merged CCGs,,Similar,Lower 99.8,20160000,New data,,1y
253,COPD: QOF prevalence,E54000050,NHS North East and North Cumbria Integrated Care Board - QHM,E38000234,North East and North Cumbria ICB - 84H ,ICB sub-locations,Persons,All ages,,,2016/17,3.02926184701816,2.98417775178131,3.07500547109603,2.95847613474796,3.10168707406854,16575,547163,Aggregated from values for merged CCGs,,Higher 99.8,Not compared,20160000,New data,,1y
253,COPD: QOF prevalence,E54000053,NHS Sussex Integrated Care Board - QNX,E38000235,Sussex ICB - 97R ,ICB sub-locations,Persons,All ages,,,2016/17,2.15755086802315,2.11898523496771,2.19680264436896,2.09705398613178,2.21975342485217,11558,535700,Aggregated from values for merged CCGs,,Higher 99.8,Not compared,20160000,New data,,1y
253,COPD: QOF prevalence,E54000019,NHS Herefordshire and Worcestershire Integrated Care Board - QGH,E38000236,Herefordshire and Worcestershire ICB - 18C ,ICB sub-locations,Persons,All ages,,,2016/17,1.98045790044205,1.95001355379556,2.01136780536681,1.93266671771167,2.02940641261036,15694,792443,Aggregated from values for merged CCGs,,Higher 99.8,Similar,20160000,New data,,1y
253,COPD: QOF prevalence,E54000032,NHS Kent and Medway Integrated Care Board - QKS,E38000237,Kent and Medway ICB - 91Q ,ICB sub-locations,Persons,All ages,,,2016/17,1.97320887773644,1.95326257387422,1.99335472793108,1.94185016075669,2.00506364817744,36487,1849120,Aggregated from values for merged CCGs,,Higher 99.8,Similar,20160000,New data,,1y
253,COPD: QOF prevalence,E54000013,NHS Lincolnshire Integrated Care Board - QJM,E38000238,Lincolnshire ICB - 71E ,ICB sub-locations,Persons,All ages,,,2016/17,2.23295389214672,2.20045513316725,2.26592150817794,2.18192517842864,2.2851481356062,17478,782730,Aggregated from values for merged CCGs,,Higher 99.8,Similar,20160000,New data,,1y
253,COPD: QOF prevalence,E54000022,NHS Norfolk and Waveney Integrated Care Board - QMM,E38000239,Norfolk and Waveney ICB - 26A ,ICB sub-locations,Persons,All ages,,,2016/17,2.1832114062425,2.15560433889569,2.21116405022854,2.13983990923265,2.22744197239508,23209,1063067,Aggregated from values for merged CCGs,,Higher 99.8,Lower 99.8,20160000,New data,,1y
253,COPD: QOF prevalence,E54000028,NHS North Central London Integrated Care Board - QMJ,E38000240,North Central London ICB - 93C ,ICB sub-locations,Persons,All ages,,,2016/17,1.15881454087856,1.14212703913039,1.17574296220499,1.13261228474698,1.18561570013283,18049,1557540,Aggregated from values for merged CCGs,,Lower 99.8,Similar,20160000,New data,,1y
253,COPD: QOF prevalence,E54000051,NHS Humber and North Yorkshire Integrated Care Board - QOQ,E38000241,Humber and North Yorkshire ICB - 42D ,ICB sub-locations,Persons,All ages,,,2016/17,2.04980793342006,2.00764455433737,2.09283789161843,1.9837190929774,2.11805098596816,8714,425113,Aggregated from values for merged CCGs,,Higher 99.8,Not compared,20160000,New data,,1y
253,COPD: QOF prevalence,E54000060,NHS Nottingham and Nottinghamshire Integrated Care Board - QT1,E38000243,Nottingham and Nottinghamshire ICB - 52R ,ICB sub-locations,Persons,All ages,,,2016/17,1.92697702136445,1.90104783660763,1.9532528233722,1.88625138184578,1.9685643168938,20533,1065555,Aggregated from values for merged CCGs,,Higher 99.8,Not compared,20160000,New data,,1y
253,COPD: QOF prevalence,E54000030,NHS South East London Integrated Care Board - QKK,E38000244,South East London ICB - 72Q ,ICB sub-locations,Persons,All ages,,,2016/17,1.33758055098022,1.32139151736546,1.35396520319165,1.31214393737499,1.36350345411288,25564,1911212,Aggregated from values for merged CCGs,,Lower 99.8,Similar,20160000,New data,,1y
253,COPD: QOF prevalence,E54000031,NHS South West London Integrated Care Board - QWE,E38000245,South West London ICB - 36L ,ICB sub-locations,Persons,All ages,,,2016/17,1.09830341733144,1.08244019209632,1.11439650001371,1.07339578934631,1.12378244913369,17952,1634521,Aggregated from values for merged CCGs,,Lower 99.8,Similar,20160000,New data,,1y
253,COPD: QOF prevalence,E54000052,NHS Surrey Heartlands Integrated Care Board - QXU,E38000246,Surrey Heartlands  ICB - 92A ,ICB sub-locations,Persons,All ages,,,2016/17,1.28580098384454,1.26468685620705,1.30726294768652,1.25266735597752,1.31979929796445,13835,1075983,Aggregated from values for merged CCGs,,Lower 99.8,Not compared,20160000,New data,,1y
253,COPD: QOF prevalence,E54000050,NHS North East and North Cumbria Integrated Care Board - QHM,E38000247,North East and North Cumbria ICB - 16C ,ICB sub-locations,Persons,All ages,,,2016/17,2.95965568099079,2.92010951050654,2.9997208648429,2.89753832271797,3.02306325120948,20609,696331,Aggregated from values for merged CCGs,,Higher 99.8,Not compared,20160000,New data,,1y
253,COPD: QOF prevalence,E54000053,NHS Sussex Integrated Care Board - QNX,E38000248,Sussex ICB - 70F ,ICB sub-locations,Persons,All ages,,,2016/17,1.73977968927392,1.71267106028624,1.76730968574199,1.69722790172334,1.78337895328726,15309,879939,Aggregated from values for merged CCGs,,Lower 99.8,Not compared,20160000,New data,,1y
253,COPD: QOF prevalence,,,E92000001,England,England,Persons,All ages,,,2017/18,1.90708241638966,1.90357700590932,1.91059271436676,1.90155826227675,1.91262136200729,1113417,58383266,,,Not compared,Not compared,20170000,New data,,1y
253,COPD: QOF prevalence,,,E92000001,England,England,Persons,All ages,"County & UA deprivation deciles in England (IMD2019, 4/23 geography)",Most deprived decile (IMD2019),2017/18,2.2387653329547,2.2268538595165,2.25073905432437,2.22001298660844,2.25767242214632,131973,5894901,Aggregated from all known lower geography values,,Higher 99.8,Not compared,20170000,New data,,1y
253,COPD: QOF prevalence,,,E92000001,England,England,Persons,All ages,"County & UA deprivation deciles in England (IMD2019, 4/23 geography)",Second most deprived decile (IMD2019),2017/18,2.42023789075919,2.40468305554696,2.43589083202845,2.39575736140873,2.44496230294234,90180,3726080,Aggregated from all known lower geography values,,Higher 99.8,Not compared,20170000,New data,,1y
253,COPD: QOF prevalence,,,E92000001,England,England,Persons,All ages,"County & UA deprivation deciles in England (IMD2019, 4/23 geography)",Third more deprived decile (IMD2019),2017/18,2.01813291673093,2.00598336328357,2.03035453122376,1.99900962786111,2.03743534295212,103241,5115669,Aggregated from all known lower geography values,,Higher 99.8,Not compared,20170000,New data,,1y
253,COPD: QOF prevalence,,,E92000001,England,England,Persons,All ages,"County & UA deprivation deciles in England (IMD2019, 4/23 geography)",Fourth more deprived decile (IMD2019),2017/18,1.79779320583738,1.78645803448064,1.80919897457455,1.77995326544358,1.81580864504626,94307,5245709,Aggregated from all known lower geography values,,Lower 99.8,Not compared,20170000,New data,,1y
253,COPD: QOF prevalence,,,E92000001,England,England,Persons,All ages,"County & UA deprivation deciles in England (IMD2019, 4/23 geography)",Fifth more deprived decile (IMD2019),2017/18,1.92213883454077,1.91065926506641,1.93368601557731,1.90406987921651,1.94037586620852,105011,5463237,Aggregated from all known lower geography values,,Similar,Not compared,20170000,New data,,1y
253,COPD: QOF prevalence,,,E92000001,England,England,Persons,All ages,"County & UA deprivation deciles in England (IMD2019, 4/23 geography)",Fifth less deprived decile (IMD2019),2017/18,1.96556900701373,1.95391620189409,1.97728990586262,1.94722713434721,1.98408015464684,106527,5419652,Aggregated from all known lower geography values,,Higher 99.8,Not compared,20170000,New data,,1y
253,COPD: QOF prevalence,,,E92000001,England,England,Persons,All ages,"County & UA deprivation deciles in England (IMD2019, 4/23 geography)",Fourth less deprived decile (IMD2019),2017/18,1.99496520705125,1.98521786168801,2.00475943262224,1.97961803326963,2.01042892090621,156949,7867255,Aggregated from all known lower geography values,,Higher 99.8,Not compared,20170000,New data,,1y
253,COPD: QOF prevalence,,,E92000001,England,England,Persons,All ages,"County & UA deprivation deciles in England (IMD2019, 4/23 geography)",Third less deprived decile (IMD2019),2017/18,1.76840621561964,1.7587760726093,1.77808813391947,1.7532460426579,1.78369509738815,126566,7157066,Aggregated from all known lower geography values,,Lower 99.8,Not compared,20170000,New data,,1y
253,COPD: QOF prevalence,,,E92000001,England,England,Persons,All ages,"County & UA deprivation deciles in England (IMD2019, 4/23 geography)",Second least deprived decile (IMD2019),2017/18,1.7067404880482,1.69802637790696,1.71549853775278,1.69302105697417,1.72056914901763,144120,8444166,Aggregated from all known lower geography values,,Lower 99.8,Not compared,20170000,New data,,1y
253,COPD: QOF prevalence,,,E92000001,England,England,Persons,All ages,"County & UA deprivation deciles in England (IMD2019, 4/23 geography)",Least deprived decile (IMD2019),2017/18,1.34689671470597,1.33571566131585,1.3581700744474,1.32930954679577,1.36471334793023,54543,4049531,Aggregated from all known lower geography values,,Lower 99.8,Not compared,20170000,New data,,1y
253,COPD: QOF prevalence,,,E92000001,England,England,Persons,All ages,"District & UA deprivation deciles in England (IMD2019, 4/23 geography)",Most deprived decile (IMD2019),2017/18,2.29238662378801,2.28229976467538,2.30251701238028,2.27650263360647,2.30837882443267,193027,8420351,Aggregated from all known lower geography values,,Higher 99.8,Not compared,20170000,New data,,1y
253,COPD: QOF prevalence,,,E92000001,England,England,Persons,All ages,"District & UA deprivation deciles in England (IMD2019, 4/23 geography)",Second most deprived decile (IMD2019),2017/18,2.19458481320487,2.18458076590495,2.20463364038559,2.17883195547169,2.21044898978664,180000,8202007,Aggregated from all known lower geography values,,Higher 99.8,Not compared,20170000,New data,,1y
253,COPD: QOF prevalence,,,E92000001,England,England,Persons,All ages,"District & UA deprivation deciles in England (IMD2019, 4/23 geography)",Third more deprived decile (IMD2019),2017/18,1.86263821394788,1.85316778469577,1.87215611769629,1.84772791415615,1.87766653116117,145103,7790187,Aggregated from all known lower geography values,,Lower 99.8,Not compared,20170000,New data,,1y
253,COPD: QOF prevalence,,,E92000001,England,England,Persons,All ages,"District & UA deprivation deciles in England (IMD2019, 4/23 geography)",Fourth more deprived decile (IMD2019),2017/18,1.91974481537443,1.90849512450677,1.93105951250366,1.90203712624386,1.93761410430889,109089,5682474,Aggregated from all known lower geography values,,Similar,Not compared,20170000,New data,,1y
253,COPD: QOF prevalence,,,E92000001,England,England,Persons,All ages,"District & UA deprivation deciles in England (IMD2019, 4/23 geography)",Fifth more deprived decile (IMD2019),2017/18,1.93441208050634,1.92232972555046,1.9465688690711,1.91539581182576,1.95361338451352,95971,4961249,Aggregated from all known lower geography values,,Higher 99.8,Not compared,20170000,New data,,1y
253,COPD: QOF prevalence,,,E92000001,England,England,Persons,All ages,"District & UA deprivation deciles in England (IMD2019, 4/23 geography)",Fifth less deprived decile (IMD2019),2017/18,1.73690996574185,1.72681695533409,1.74706091968287,1.7210227892777,1.75294118470959,111151,6399353,Aggregated from all known lower geography values,,Lower 99.8,Not compared,20170000,New data,,1y
253,COPD: QOF prevalence,,,E92000001,England,England,Persons,All ages,"District & UA deprivation deciles in England (IMD2019, 4/23 geography)",Fourth less deprived decile (IMD2019),2017/18,1.81829771370569,1.80704285355715,1.82962136669439,1.80058358315245,1.83618285715192,97843,5381022,Aggregated from all known lower geography values,,Lower 99.8,Not compared,20170000,New data,,1y
253,COPD: QOF prevalence,,,E92000001,England,England,Persons,All ages,"District & UA deprivation deciles in England (IMD2019, 4/23 geography)",Third less deprived decile (IMD2019),2017/18,1.72551546981872,1.71303006280055,1.73809026740902,1.70587046714753,1.74538268944584,71593,4149079,Aggregated from all known lower geography values,,Lower 99.8,Not compared,20170000,New data,,1y
253,COPD: QOF prevalence,,,E92000001,England,England,Persons,All ages,"District & UA deprivation deciles in England (IMD2019, 4/23 geography)",Second least deprived decile (IMD2019),2017/18,1.61417713819311,1.60166421402937,1.62678620279451,1.59449179071834,1.63410148216094,62415,3866676,Aggregated from all known lower geography values,,Lower 99.8,Not compared,20170000,New data,,1y
253,COPD: QOF prevalence,,,E92000001,England,England,Persons,All ages,"District & UA deprivation deciles in England (IMD2019, 4/23 geography)",Least deprived decile (IMD2019),2017/18,1.33748981836761,1.32556066866881,1.34952485411237,1.3187292679242,1.35651359197407,47225,3530868,Aggregated from all known lower geography values,,Lower 99.8,Not compared,20170000,New data,,1y
253,COPD: QOF prevalence,,,E92000001,England,England,Persons,All ages,"County & UA deprivation deciles in England (IMD2025, 4/23 geography)",Most deprived decile (IMD2025),2017/18,2.48329042191199,2.46782258611188,2.49885272320061,2.45894541899581,2.50787025754786,95968,3864550,Aggregated from all known lower geography values,,Higher 99.8,Not compared,20170000,New data,,1y
253,COPD: QOF prevalence,,,E92000001,England,England,Persons,All ages,"County & UA deprivation deciles in England (IMD2025, 4/23 geography)",Second most deprived decile (IMD2025),2017/18,1.74964618249534,1.73859137456406,1.76077002268539,1.73224757550394,1.76721639755274,93956,5370000,Aggregated from all known lower geography values,,Lower 99.8,Not compared,20170000,New data,,1y
253,COPD: QOF prevalence,,,E92000001,England,England,Persons,All ages,"County & UA deprivation deciles in England (IMD2025, 4/23 geography)",Third more deprived decile (IMD2025),2017/18,1.9648619175324,1.95227703887518,1.97752628532738,1.94505561760086,1.98486582036976,91224,4642769,Aggregated from all known lower geography values,,Higher 99.8,Not compared,20170000,New data,,1y
253,COPD: QOF prevalence,,,E92000001,England,England,Persons,All ages,"County & UA deprivation deciles in England (IMD2025, 4/23 geography)",Fourth more deprived decile (IMD2025),2017/18,2.23649145552484,2.22301877529652,2.25004390841847,2.21528551682255,2.25789570195491,102881,4600107,Aggregated from all known lower geography values,,Higher 99.8,Not compared,20170000,New data,,1y
253,COPD: QOF prevalence,,,E92000001,England,England,Persons,All ages,"County & UA deprivation deciles in England (IMD2025, 4/23 geography)",Fifth more deprived decile (IMD2025),2017/18,1.75283839888793,1.74181424709386,1.76393107129592,1.73548789557337,1.77035923836618,94824,5409740,Aggregated from all known lower geography values,,Lower 99.8,Not compared,20170000,New data,,1y
253,COPD: QOF prevalence,,,E92000001,England,England,Persons,All ages,"County & UA deprivation deciles in England (IMD2025, 4/23 geography)",Fifth less deprived decile (IMD2025),2017/18,1.93753029146668,1.92749391536788,1.94761788872597,1.92172937292264,1.95345854130235,139679,7209126,Aggregated from all known lower geography values,,Higher 99.8,Not compared,20170000,New data,,1y
253,COPD: QOF prevalence,,,E92000001,England,England,Persons,All ages,"County & UA deprivation deciles in England (IMD2025, 4/23 geography)",Fourth less deprived decile (IMD2025),2017/18,1.74638064991275,1.73686095053868,1.75595159416227,1.73139437047947,1.76149431959132,126341,7234448,Aggregated from all known lower geography values,,Lower 99.8,Not compared,20170000,New data,,1y
253,COPD: QOF prevalence,,,E92000001,England,England,Persons,All ages,"County & UA deprivation deciles in England (IMD2025, 4/23 geography)",Third less deprived decile (IMD2025),2017/18,2.02276040147861,2.01063445845785,2.03495795618687,2.00367413558992,2.04202468765593,104117,5147273,Aggregated from all known lower geography values,,Higher 99.8,Not compared,20170000,New data,,1y
253,COPD: QOF prevalence,,,E92000001,England,England,Persons,All ages,"County & UA deprivation deciles in England (IMD2025, 4/23 geography)",Second least deprived decile (IMD2025),2017/18,1.81562691077228,1.80706463371848,1.8242290041034,1.80214500721212,1.82920779410706,168810,9297615,Aggregated from all known lower geography values,,Lower 99.8,Not compared,20170000,New data,,1y
253,COPD: QOF prevalence,,,E92000001,England,England,Persons,All ages,"County & UA deprivation deciles in England (IMD2025, 4/23 geography)",Least deprived decile (IMD2025),2017/18,1.70512076564143,1.6944385813627,1.71586911776582,1.68830836949627,1.72209764918333,95617,5607638,Aggregated from all known lower geography values,,Lower 99.8,Not compared,20170000,New data,,1y
253,COPD: QOF prevalence,,,E92000001,England,England,Persons,All ages,"District & UA deprivation deciles in England (IMD2025, 4/23 geography)",Most deprived decile (IMD2025),2017/18,2.19450088961264,2.18491784433404,2.20412501899434,2.17941014282015,2.209693767881,196185,8939846,Aggregated from all known lower geography values,,Higher 99.8,Not compared,20170000,New data,,1y
253,COPD: QOF prevalence,,,E92000001,England,England,Persons,All ages,"District & UA deprivation deciles in England (IMD2025, 4/23 geography)",Second most deprived decile (IMD2025),2017/18,2.20816735670038,2.197908562517,2.21847294791884,2.1920137587557,2.22443728795824,173258,7846235,Aggregated from all known lower geography values,,Higher 99.8,Not compared,20170000,New data,,1y
253,COPD: QOF prevalence,,,E92000001,England,England,Persons,All ages,"District & UA deprivation deciles in England (IMD2025, 4/23 geography)",Third more deprived decile (IMD2025),2017/18,2.03488172342411,2.0242137966652,2.04560469800991,2.01808678674045,2.05181350414658,136223,6694394,Aggregated from all known lower geography values,,Higher 99.8,Not compared,20170000,New data,,1y
253,COPD: QOF prevalence,,,E92000001,England,England,Persons,All ages,"District & UA deprivation deciles in England (IMD2025, 4/23 geography)",Fourth more deprived decile (IMD2025),2017/18,1.80494277336116,1.7948110674062,1.8151306156728,1.78899377102131,1.82103132572698,119055,6596054,Aggregated from all known lower geography values,,Lower 99.8,Not compared,20170000,New data,,1y
253,COPD: QOF prevalence,,,E92000001,England,England,Persons,All ages,"District & UA deprivation deciles in England (IMD2025, 4/23 geography)",Fifth more deprived decile (IMD2025),2017/18,1.78771350459337,1.77634494458256,1.79915349037314,1.76982129513874,1.80578327216113,92710,5185954,Aggregated from all known lower geography values,,Lower 99.8,Not compared,20170000,New data,,1y
253,COPD: QOF prevalence,,,E92000001,England,England,Persons,All ages,"District & UA deprivation deciles in England (IMD2025, 4/23 geography)",Fifth less deprived decile (IMD2025),2017/18,1.89655529944212,1.88582454829785,1.90734592387407,1.87966348872219,1.91359594985974,117067,6172612,Aggregated from all known lower geography values,,Similar,Not compared,20170000,New data,,1y
253,COPD: QOF prevalence,,,E92000001,England,England,Persons,All ages,"District & UA deprivation deciles in England (IMD2025, 4/23 geography)",Fourth less deprived decile (IMD2025),2017/18,1.90159882279025,1.88946723834076,1.91380678032631,1.88250581059991,1.92088169167055,92010,4838560,Aggregated from all known lower geography values,,Similar,Not compared,20170000,New data,,1y
253,COPD: QOF prevalence,,,E92000001,England,England,Persons,All ages,"District & UA deprivation deciles in England (IMD2025, 4/23 geography)",Third less deprived decile (IMD2025),2017/18,1.68786173148586,1.67609952228535,1.69970505636177,1.6693532386081,1.7065718706933,77235,4575908,Aggregated from all known lower geography values,,Lower 99.8,Not compared,20170000,New data,,1y
253,COPD: QOF prevalence,,,E92000001,England,England,Persons,All ages,"District & UA deprivation deciles in England (IMD2025, 4/23 geography)",Second least deprived decile (IMD2025),2017/18,1.55229890381349,1.54030243625787,1.56438731994887,1.53342594515028,1.57140043840262,62839,4048125,Aggregated from all known lower geography values,,Lower 99.8,Not compared,20170000,New data,,1y
253,COPD: QOF prevalence,,,E92000001,England,England,Persons,All ages,"District & UA deprivation deciles in England (IMD2025, 4/23 geography)",Least deprived decile (IMD2025),2017/18,1.34367958484934,1.33164602759153,1.35582039034279,1.32475503224608,1.36287074689074,46835,3485578,Aggregated from all known lower geography values,,Lower 99.8,Not compared,20170000,New data,,1y
253,COPD: QOF prevalence,E92000001,England,E54000008,NHS Cheshire and Merseyside Integrated Care Board - QYG,ICBs,Persons,All ages,,,2017/18,2.5267085087886,2.50777636394844,2.54577984732221,2.49692162408552,2.556841416269,66208,2620326,,,Higher 99.8,Not compared,20170000,New data,,1y
253,COPD: QOF prevalence,E92000001,England,E54000010,NHS Staffordshire and Stoke-on-Trent Integrated Care Board - QNC,ICBs,Persons,All ages,,,2017/18,2.1969476460034,2.17032664884313,2.22388775073321,2.15511896382027,2.23956959818063,25285,1150915,,,Higher 99.8,Not compared,20170000,New data,,1y
253,COPD: QOF prevalence,E92000001,England,E54000011,"NHS Shropshire, Telford and Wrekin Integrated Care Board - QOC",ICBs,Persons,All ages,,,2017/18,1.93405469881571,1.8959827176825,1.97287580425134,1.87436407075761,1.99560756379309,9534,492954,,,Similar,Not compared,20170000,New data,,1y
253,COPD: QOF prevalence,E92000001,England,E54000013,NHS Lincolnshire Integrated Care Board - QJM,ICBs,Persons,All ages,,,2017/18,2.2594157067057,2.22690164714516,2.29239336004209,2.20836051892129,2.3116233403662,17876,791178,,,Higher 99.8,Not compared,20170000,New data,,1y
253,COPD: QOF prevalence,E92000001,England,E54000015,"NHS Leicester, Leicestershire and Rutland Integrated Care Board - QK1",ICBs,Persons,All ages,,,2017/18,1.67424173385723,1.65075143496569,1.69806052985852,1.63735319069863,1.71194688840817,18923,1130243,,,Lower 99.8,Not compared,20170000,New data,,1y
253,COPD: QOF prevalence,E92000001,England,E54000018,NHS Coventry and Warwickshire Integrated Care Board - QWU,ICBs,Persons,All ages,,,2017/18,1.64650463098332,1.62164673438151,1.67173709426476,1.60748048480671,1.68645991229953,16330,991798,,,Lower 99.8,Not compared,20170000,New data,,1y
253,COPD: QOF prevalence,E92000001,England,E54000019,NHS Herefordshire and Worcestershire Integrated Care Board - QGH,ICBs,Persons,All ages,,,2017/18,2.07003918540779,2.03892652801463,2.10161641590817,2.02119390027526,2.12003935094762,16408,792642,,,Higher 99.8,Not compared,20170000,New data,,1y
253,COPD: QOF prevalence,E92000001,England,E54000022,NHS Norfolk and Waveney Integrated Care Board - QMM,ICBs,Persons,All ages,,,2017/18,2.22339759609086,2.19510634278096,2.25204508052639,2.17895216193977,2.26872858522712,22910,1030405,,,Higher 99.8,Not compared,20170000,New data,,1y
253,COPD: QOF prevalence,E92000001,England,E54000023,NHS Suffolk and North East Essex Integrated Care Board - QJG,ICBs,Persons,All ages,,,2017/18,2.04500354498968,2.01758125867491,2.07279066113186,2.00193199310494,2.08898202727093,20652,1009876,,,Higher 99.8,Not compared,20170000,New data,,1y
253,COPD: QOF prevalence,E92000001,England,E54000024,"NHS Bedfordshire, Luton and Milton Keynes Integrated Care Board - QHG",ICBs,Persons,All ages,,,2017/18,1.53328313656398,1.50948068392136,1.55745498621541,1.49592070367081,1.57156385339954,15456,1008033,,,Lower 99.8,Not compared,20170000,New data,,1y
253,COPD: QOF prevalence,E92000001,England,E54000025,NHS Hertfordshire and West Essex Integrated Care Board - QM7,ICBs,Persons,All ages,,,2017/18,1.53317970485086,1.51399683226199,1.55260179951707,1.50304243072862,1.56391166226886,23865,1556569,,,Lower 99.8,Not compared,20170000,New data,,1y
253,COPD: QOF prevalence,E92000001,England,E54000026,NHS Mid and South Essex Integrated Care Board - QH8,ICBs,Persons,All ages,,,2017/18,1.89832993208713,1.87426210223221,1.92270076665862,1.8605194404839,1.9368936637882,23153,1219651,,,Similar,Not compared,20170000,New data,,1y
253,COPD: QOF prevalence,E92000001,England,E54000027,NHS North West London Integrated Care Board - QRV,ICBs,Persons,All ages,,,2017/18,1.00842107343163,0.995933925988806,1.02106317161874,0.988802768034464,1.02842457212573,24496,2429144,,,Lower 99.8,Not compared,20170000,New data,,1y
253,COPD: QOF prevalence,E92000001,England,E54000028,NHS North Central London Integrated Care Board - QMJ,ICBs,Persons,All ages,,,2017/18,1.16641878219572,1.1497249388803,1.18335211603684,1.14020588982501,1.19322702521317,18273,1566590,,,Lower 99.8,Not compared,20170000,New data,,1y
253,COPD: QOF prevalence,E92000001,England,E54000029,NHS North East London Integrated Care Board - QMF,ICBs,Persons,All ages,,,2017/18,1.13646732443306,1.12245037044981,1.15065728257426,1.11444515793737,1.15891956323068,24661,2169970,,,Lower 99.8,Not compared,20170000,New data,,1y
253,COPD: QOF prevalence,E92000001,England,E54000030,NHS South East London Integrated Care Board - QKK,ICBs,Persons,All ages,,,2017/18,1.33381987434993,1.31785233107557,1.34997823910668,1.30873032164558,1.35938379143929,26135,1959410,,,Lower 99.8,Not compared,20170000,New data,,1y
253,COPD: QOF prevalence,E92000001,England,E54000031,NHS South West London Integrated Care Board - QWE,ICBs,Persons,All ages,,,2017/18,1.10863715646748,1.0928151038859,1.12468567986783,1.08379292995051,1.13404436799309,18388,1658613,,,Lower 99.8,Not compared,20170000,New data,,1y
253,COPD: QOF prevalence,E92000001,England,E54000032,NHS Kent and Medway Integrated Care Board - QKS,ICBs,Persons,All ages,,,2017/18,2.00159558628773,1.98169409347367,2.02169282082705,1.97030581194185,2.03337195622615,37709,1883947,,,Higher 99.8,Not compared,20170000,New data,,1y
253,COPD: QOF prevalence,E92000001,England,E54000034,NHS Frimley Integrated Care Board - QNQ,ICBs,Persons,All ages,,,2017/18,1.26297379070866,1.23848203106595,1.28794357402289,1.22457291956924,1.30256297885681,9893,783310,,,Lower 99.8,Not compared,20170000,New data,,1y
253,COPD: QOF prevalence,E92000001,England,E54000036,NHS Cornwall and the Isles of Scilly Integrated Care Board - QT6,ICBs,Persons,All ages,,,2017/18,2.20766808203939,2.16998876490142,2.24598663598056,2.14854767681868,2.26837755909481,12681,574407,,,Higher 99.8,Not compared,20170000,New data,,1y
253,COPD: QOF prevalence,E92000001,England,E54000037,NHS Devon Integrated Care Board - QJK,ICBs,Persons,All ages,,,2017/18,2.2008150864498,2.17497838268581,2.22695171919906,2.16021435436382,2.24216141267993,26947,1224410,,,Higher 99.8,Not compared,20170000,New data,,1y
253,COPD: QOF prevalence,E92000001,England,E54000038,NHS Somerset Integrated Care Board - QSL,ICBs,Persons,All ages,,,2017/18,2.25333876306529,2.21528389902905,2.29203202298741,2.19362590079968,2.31463860674403,12948,574614,,,Higher 99.8,Not compared,20170000,New data,,1y
253,COPD: QOF prevalence,E92000001,England,E54000039,"NHS Bristol, North Somerset and South Gloucestershire Integrated Care Board - QUY",ICBs,Persons,All ages,,,2017/18,1.78526786954331,1.75960152524669,1.81130169212863,1.74496595159537,1.82648330168771,17996,1008028,,,Lower 99.8,Not compared,20170000,New data,,1y
253,COPD: QOF prevalence,E92000001,England,E54000040,"NHS Bath and North East Somerset, Swindon and Wiltshire Integrated Care Board - QOX",ICBs,Persons,All ages,,,2017/18,1.6786578435555,1.65281900645528,1.70489362161432,1.63809712139322,1.72020532072411,15700,935271,,,Lower 99.8,Not compared,20170000,New data,,1y
253,COPD: QOF prevalence,E92000001,England,E54000041,NHS Dorset Integrated Care Board - QVV,ICBs,Persons,All ages,,,2017/18,2.09906780296404,2.0678890521487,2.13070642575902,2.05011621591928,2.14916258398046,16798,800260,,,Higher 99.8,Not compared,20170000,New data,,1y
253,COPD: QOF prevalence,E92000001,England,E54000042,NHS Hampshire and Isle of Wight Integrated Care Board - QRL,ICBs,Persons,All ages,,,2017/18,1.8903061060817,1.87088779097943,1.90992204495172,1.85977897727098,1.92132450905543,35355,1870332,,,Similar,Not compared,20170000,New data,,1y
253,COPD: QOF prevalence,E92000001,England,E54000043,NHS Gloucestershire Integrated Care Board - QR1,ICBs,Persons,All ages,,,2017/18,1.81795608806275,1.78541974084431,1.85107418192149,1.76691842080619,1.87043991437995,11568,636319,,,Lower 99.8,Not compared,20170000,New data,,1y
253,COPD: QOF prevalence,E92000001,England,E54000044,"NHS Buckinghamshire, Oxfordshire and Berkshire West Integrated Care Board - QU9",ICBs,Persons,All ages,,,2017/18,1.29906860844492,1.27965045155615,1.31877749137786,1.26858339645696,1.33027653712875,16719,1286999,,,Lower 99.8,Not compared,20170000,New data,,1y
253,COPD: QOF prevalence,E92000001,England,E54000048,NHS Lancashire and South Cumbria Integrated Care Board - QE1,ICBs,Persons,All ages,,,2017/18,2.50071680004687,2.47784989759771,2.52378926908417,2.46475602845894,2.5371885908213,44394,1775251,,,Higher 99.8,Not compared,20170000,New data,,1y
253,COPD: QOF prevalence,E54000061,NHS South Yorkshire Integrated Care Board - QF7,E38000006,South Yorkshire ICB - 02P ,ICB sub-locations,Persons,All ages,,,2017/18,3.19286004912672,3.1266521032644,3.26042278558602,3.0890804043158,3.30000751423105,8475,265436,,,Higher 99.8,Not compared,20170000,New data,,1y
253,COPD: QOF prevalence,E54000026,NHS Mid and South Essex Integrated Care Board - QH8,E38000007,Mid and South Essex ICB - 99E ,ICB sub-locations,Persons,All ages,,,2017/18,1.91699477183244,1.86676091829745,1.96855328338682,1.83838506007586,1.99889740191315,5346,278874,,,Similar,Similar,20170000,New data,,1y
253,COPD: QOF prevalence,E54000060,NHS Nottingham and Nottinghamshire Integrated Care Board - QT1,E38000008,Nottingham and Nottinghamshire ICB - 02Q ,ICB sub-locations,Persons,All ages,,,2017/18,2.43552660363141,2.3509967793611,2.523017160976,2.30356940756218,2.57484358670574,3006,123423,,,Higher 99.8,Not compared,20170000,New data,,1y
253,COPD: QOF prevalence,E54000048,NHS Lancashire and South Cumbria Integrated Care Board - QE1,E38000014,Lancashire and South Cumbria ICB - 00Q ,ICB sub-locations,Persons,All ages,,,2017/18,2.15604559379571,2.09017144117472,2.22394868891245,2.05308921440984,2.26404559053395,3906,181165,,,Higher 99.8,Lower 99.8,20170000,New data,,1y
253,COPD: QOF prevalence,E54000048,NHS Lancashire and South Cumbria Integrated Care Board - QE1,E38000015,Lancashire and South Cumbria ICB - 00R ,ICB sub-locations,Persons,All ages,,,2017/18,3.60804737987705,3.52236015224439,3.69573924116768,3.47384608651303,3.74723185984671,6415,177797,,,Higher 99.8,Higher 99.8,20170000,New data,,1y
253,COPD: QOF prevalence,E54000057,NHS Greater Manchester Integrated Care Board - QOP,E38000016,Greater Manchester ICB - 00T ,ICB sub-locations,Persons,All ages,,,2017/18,2.29015782033906,2.23801664388152,2.3434846588349,2.20847992621647,2.37478311373047,7080,309149,,,Higher 99.8,Not compared,20170000,New data,,1y
253,COPD: QOF prevalence,E54000053,NHS Sussex Integrated Care Board - QNX,E38000021,Sussex ICB - 09D ,ICB sub-locations,Persons,All ages,,,2017/18,1.43761197955192,1.39591958512017,1.48053091742241,1.37242428710599,1.50584869611141,4373,304185,,,Lower 99.8,Not compared,20170000,New data,,1y
253,COPD: QOF prevalence,E54000057,NHS Greater Manchester Integrated Care Board - QOP,E38000024,Greater Manchester ICB - 00V ,ICB sub-locations,Persons,All ages,,,2017/18,2.14020946104966,2.07829709508126,2.20392468211853,2.04339937088169,2.24150116826435,4365,203952,,,Higher 99.8,Not compared,20170000,New data,,1y
253,COPD: QOF prevalence,E54000054,NHS West Yorkshire Integrated Care Board - QWO,E38000025,West Yorkshire ICB - 02T ,ICB sub-locations,Persons,All ages,,,2017/18,2.26343888488213,2.20217942780844,2.32636190003204,2.16759688619314,2.36341623857264,4990,220461,,,Higher 99.8,Not compared,20170000,New data,,1y
253,COPD: QOF prevalence,E54000010,NHS Staffordshire and Stoke-on-Trent Integrated Care Board - QNC,E38000028,Staffordshire and Stoke-on-Trent ICB - 04Y ,ICB sub-locations,Persons,All ages,,,2017/18,2.4939921898468,2.41159498231809,2.57913026713023,2.36530079144703,2.62949686229335,3321,133160,,,Higher 99.8,Higher 99.8,20170000,New data,,1y
253,COPD: QOF prevalence,E54000026,NHS Mid and South Essex Integrated Care Board - QH8,E38000030,Mid and South Essex ICB - 99F ,ICB sub-locations,Persons,All ages,,,2017/18,2.30682812483121,2.23943096062166,2.37620434939905,2.20144902402877,2.41712684752887,4271,185146,,,Higher 99.8,Higher 99.8,20170000,New data,,1y
253,COPD: QOF prevalence,E54000048,NHS Lancashire and South Cumbria Integrated Care Board - QE1,E38000034,Lancashire and South Cumbria ICB - 00X ,ICB sub-locations,Persons,All ages,,,2017/18,2.29220575655011,2.22556081068126,2.36079821426913,2.18799862241381,2.40125409055018,4314,188203,,,Higher 99.8,Lower 99.8,20170000,New data,,1y
253,COPD: QOF prevalence,E54000061,NHS South Yorkshire Integrated Care Board - QF7,E38000044,South Yorkshire ICB - 02X ,ICB sub-locations,Persons,All ages,,,2017/18,2.77248788839333,2.7163762073461,2.82972494321896,2.68452366687973,2.86324964264796,8939,322418,,,Higher 99.8,Not compared,20170000,New data,,1y
253,COPD: QOF prevalence,E54000041,NHS Dorset Integrated Care Board - QVV,E38000045,Dorset ICB - 11J ,ICB sub-locations,Persons,All ages,,,2017/18,2.09906780296404,2.0678890521487,2.13070642575902,2.05011621591928,2.14916258398046,16798,800260,,,Higher 99.8,Similar,20170000,New data,,1y
253,COPD: QOF prevalence,E54000025,NHS Hertfordshire and West Essex Integrated Care Board - QM7,E38000049,Hertfordshire and West Essex ICB - 06K ,ICB sub-locations,Persons,All ages,,,2017/18,1.56961771296699,1.53842335250241,1.60143430870392,1.52071375802001,1.62006847643351,9386,597980,,,Lower 99.8,Similar,20170000,New data,,1y
253,COPD: QOF prevalence,E54000048,NHS Lancashire and South Cumbria Integrated Care Board - QE1,E38000050,Lancashire and South Cumbria ICB - 01A ,ICB sub-locations,Persons,All ages,,,2017/18,2.59571536710645,2.54575239501829,2.64663228305839,2.517368816422,2.67643330460435,9910,381783,,,Higher 99.8,Higher 99.8,20170000,New data,,1y
253,COPD: QOF prevalence,E54000015,"NHS Leicester, Leicestershire and Rutland Integrated Care Board - QK1",E38000051,"Leicester, Leicestershire and Rutland ICB - 03W ",ICB sub-locations,Persons,All ages,,,2017/18,1.75787267202687,1.7136657846082,1.80319902831039,1.68867395804701,1.82985424119045,5820,331082,,,Lower 99.8,Higher 99.8,20170000,New data,,1y
253,COPD: QOF prevalence,E54000051,NHS Humber and North Yorkshire Integrated Care Board - QOQ,E38000052,Humber and North Yorkshire ICB - 02Y ,ICB sub-locations,Persons,All ages,,,2017/18,2.44385385556593,2.38956646363262,2.49934299647533,2.35879952934746,2.53189557012736,7430,304028,,,Higher 99.8,Not compared,20170000,New data,,1y
253,COPD: QOF prevalence,E54000010,NHS Staffordshire and Stoke-on-Trent Integrated Care Board - QNC,E38000053,Staffordshire and Stoke-on-Trent ICB - 05D ,ICB sub-locations,Persons,All ages,,,2017/18,1.85241292813709,1.78355451654778,1.92387771032059,1.74500402665907,1.96630078181329,2629,141923,,,Similar,Lower 99.8,20170000,New data,,1y
253,COPD: QOF prevalence,E54000043,NHS Gloucestershire Integrated Care Board - QR1,E38000062,Gloucestershire ICB - 11M ,ICB sub-locations,Persons,All ages,,,2017/18,1.81795608806275,1.78541974084431,1.85107418192149,1.76691842080619,1.87043991437995,11568,636319,,,Lower 99.8,Similar,20170000,New data,,1y
253,COPD: QOF prevalence,E54000008,NHS Cheshire and Merseyside Integrated Care Board - QYG,E38000068,Cheshire and Merseyside ICB - 01F ,ICB sub-locations,Persons,All ages,,,2017/18,2.78798225690898,2.70027589088345,2.87845309578176,2.65093211713223,2.93190433908569,3658,131206,,,Higher 99.8,Higher 99.8,20170000,New data,,1y
253,COPD: QOF prevalence,E54000025,NHS Hertfordshire and West Essex Integrated Care Board - QM7,E38000079,Hertfordshire and West Essex ICB - 06N ,ICB sub-locations,Persons,All ages,,,2017/18,1.38680874460819,1.35857172898047,1.4156242253954,1.34254779826129,1.4325076927968,8954,645655,,,Lower 99.8,Lower 99.8,20170000,New data,,1y
253,COPD: QOF prevalence,E54000057,NHS Greater Manchester Integrated Care Board - QOP,E38000080,Greater Manchester ICB - 01D ,ICB sub-locations,Persons,All ages,,,2017/18,2.46731535856659,2.40514489384804,2.53105118694451,2.36999395929493,2.56852802183848,5756,233290,,,Higher 99.8,Not compared,20170000,New data,,1y
253,COPD: QOF prevalence,E54000051,NHS Humber and North Yorkshire Integrated Care Board - QOQ,E38000085,Humber and North Yorkshire ICB - 03F ,ICB sub-locations,Persons,All ages,,,2017/18,2.73978097797746,2.68188848741147,2.79888722129419,2.64904842606458,2.83353075709873,8196,299148,,,Higher 99.8,Not compared,20170000,New data,,1y
253,COPD: QOF prevalence,E54000023,NHS Suffolk and North East Essex Integrated Care Board - QJG,E38000086,Suffolk and North East Essex ICB - 06L ,ICB sub-locations,Persons,All ages,,,2017/18,1.77344470837669,1.73337399713529,1.81442463740728,1.71067390010754,1.83847572208657,7227,407512,,,Lower 99.8,Lower 99.8,20170000,New data,,1y
253,COPD: QOF prevalence,E54000036,NHS Cornwall and the Isles of Scilly Integrated Care Board - QT6,E38000089,Cornwall and The Isles Of Scilly ICB - 11N ,ICB sub-locations,Persons,All ages,,,2017/18,2.20766808203939,2.16998876490142,2.24598663598056,2.14854767681868,2.26837755909481,12681,574407,,,Higher 99.8,Similar,20170000,New data,,1y
253,COPD: QOF prevalence,E54000008,NHS Cheshire and Merseyside Integrated Care Board - QYG,E38000091,Cheshire and Merseyside ICB - 01J ,ICB sub-locations,Persons,All ages,,,2017/18,3.55848814241223,3.47018866681699,3.64894947987319,3.42023814627809,3.70211215505184,5873,165042,,,Higher 99.8,Higher 99.8,20170000,New data,,1y
253,COPD: QOF prevalence,E54000015,"NHS Leicester, Leicestershire and Rutland Integrated Care Board - QK1",E38000097,"Leicester, Leicestershire and Rutland ICB - 04C ",ICB sub-locations,Persons,All ages,,,2017/18,1.39499307668281,1.35939984131441,1.43150472693646,1.33928506154344,1.45298416005922,5672,406597,,,Lower 99.8,Lower 99.8,20170000,New data,,1y
253,COPD: QOF prevalence,E54000008,NHS Cheshire and Merseyside Integrated Care Board - QYG,E38000101,Cheshire and Merseyside ICB - 99A ,ICB sub-locations,Persons,All ages,,,2017/18,3.04180796898137,2.99603412378577,3.08825888917871,2.96994262888064,3.11535644117939,16208,532841,,,Higher 99.8,Higher 99.8,20170000,New data,,1y
253,COPD: QOF prevalence,E54000026,NHS Mid and South Essex Integrated Care Board - QH8,E38000106,Mid and South Essex ICB - 06Q ,ICB sub-locations,Persons,All ages,,,2017/18,1.57086398797503,1.53237069201824,1.61030842586853,1.5105984900727,1.6334939082953,6145,391186,,,Lower 99.8,Lower 99.8,20170000,New data,,1y
253,COPD: QOF prevalence,E54000023,NHS Suffolk and North East Essex Integrated Care Board - QJG,E38000117,Suffolk and North East Essex ICB - 06T ,ICB sub-locations,Persons,All ages,,,2017/18,2.26684784771695,2.21817928251038,2.31655894083105,2.19058127632245,2.345706011628,7974,351766,,,Higher 99.8,Higher 99.8,20170000,New data,,1y
253,COPD: QOF prevalence,E54000051,NHS Humber and North Yorkshire Integrated Care Board - QOQ,E38000119,Humber and North Yorkshire ICB - 03H ,ICB sub-locations,Persons,All ages,,,2017/18,2.54360765205901,2.46972746087993,2.61963855607406,2.42808395472946,2.66447765621224,4312,169523,,,Higher 99.8,Not compared,20170000,New data,,1y
253,COPD: QOF prevalence,E54000051,NHS Humber and North Yorkshire Integrated Care Board - QOQ,E38000122,Humber and North Yorkshire ICB - 03K ,ICB sub-locations,Persons,All ages,,,2017/18,2.32526934323301,2.2564442771294,2.39614221832035,2.21766943554859,2.4379597651901,4159,178861,,,Higher 99.8,Not compared,20170000,New data,,1y
253,COPD: QOF prevalence,E54000010,NHS Staffordshire and Stoke-on-Trent Integrated Care Board - QNC,E38000126,Staffordshire and Stoke-on-Trent ICB - 05G ,ICB sub-locations,Persons,All ages,,,2017/18,2.3987160380603,2.33533080432915,2.46377826503782,2.29952876724889,2.5020720605033,5231,218075,,,Higher 99.8,Higher 99.8,20170000,New data,,1y
253,COPD: QOF prevalence,E54000050,NHS North East and North Cumbria Integrated Care Board - QHM,E38000127,North East and North Cumbria ICB - 99C ,ICB sub-locations,Persons,All ages,,,2017/18,2.59524266432729,2.52945969426308,2.66268969875162,2.49226975252618,2.70235218889307,5680,218862,,,Higher 99.8,Not compared,20170000,New data,,1y
253,COPD: QOF prevalence,E54000050,NHS North East and North Cumbria Integrated Care Board - QHM,E38000130,North East and North Cumbria ICB - 00L,ICB sub-locations,Persons,All ages,,,2017/18,2.74911658603944,2.69347142833909,2.80587818325707,2.66188389673266,2.8391245990911,8939,325159,,,Higher 99.8,Not compared,20170000,New data,,1y
253,COPD: QOF prevalence,E54000057,NHS Greater Manchester Integrated Care Board - QOP,E38000135,Greater Manchester ICB - 00Y ,ICB sub-locations,Persons,All ages,,,2017/18,2.33504049780759,2.2771637960793,2.39435215988407,2.24443063086529,2.42921747277605,5959,255199,,,Higher 99.8,Not compared,20170000,New data,,1y
253,COPD: QOF prevalence,E54000044,"NHS Buckinghamshire, Oxfordshire and Berkshire West Integrated Care Board - QU9",E38000136,"Buckinghamshire, Oxfordshire and Berkshire West ICB - 10Q ",ICB sub-locations,Persons,All ages,,,2017/18,1.3776972563071,1.35145162621938,1.40444532855912,1.33654213069796,1.42010140026463,10243,743487,,,Lower 99.8,Higher 99.8,20170000,New data,,1y
253,COPD: QOF prevalence,E54000042,NHS Hampshire and Isle of Wight Integrated Care Board - QRL,E38000137,Hampshire and Isle Of Wight ICB - 10R ,ICB sub-locations,Persons,All ages,,,2017/18,2.06512451039502,2.00786664414287,2.12397979476059,1.97556171500172,2.15865825129274,4761,230543,,,Higher 99.8,Higher 99.8,20170000,New data,,1y
253,COPD: QOF prevalence,E54000061,NHS South Yorkshire Integrated Care Board - QF7,E38000141,South Yorkshire ICB - 03L ,ICB sub-locations,Persons,All ages,,,2017/18,2.94312219603072,2.87921542489857,3.00840349699493,2.84297917795832,3.04668210270441,7741,263020,,,Higher 99.8,Not compared,20170000,New data,,1y
253,COPD: QOF prevalence,E54000057,NHS Greater Manchester Integrated Care Board - QOP,E38000143,Greater Manchester ICB - 01G ,ICB sub-locations,Persons,All ages,,,2017/18,2.55950350473717,2.5008886118115,2.61945528265337,2.46768657378095,2.65464374703478,6978,272631,,,Higher 99.8,Not compared,20170000,New data,,1y
253,COPD: QOF prevalence,E54000061,NHS South Yorkshire Integrated Care Board - QF7,E38000146,South Yorkshire ICB - 03N ,ICB sub-locations,Persons,All ages,,,2017/18,2.07389003420403,2.03815178526794,2.11024144120191,2.01781828055229,2.1314860314886,12454,600514,,,Higher 99.8,Not compared,20170000,New data,,1y
253,COPD: QOF prevalence,E54000038,NHS Somerset Integrated Care Board - QSL,E38000150,Somerset ICB - 11X ,ICB sub-locations,Persons,All ages,,,2017/18,2.25333876306529,2.21528389902905,2.29203202298741,2.19362590079968,2.31463860674403,12948,574614,,,Higher 99.8,Similar,20170000,New data,,1y
253,COPD: QOF prevalence,E54000010,NHS Staffordshire and Stoke-on-Trent Integrated Care Board - QNC,E38000153,Staffordshire and Stoke-on-Trent ICB - 05Q ,ICB sub-locations,Persons,All ages,,,2017/18,1.83979802616479,1.78420978602232,1.89708470257481,1.75291154841866,1.9309065595366,4008,217850,,,Similar,Lower 99.8,20170000,New data,,1y
253,COPD: QOF prevalence,E54000008,NHS Cheshire and Merseyside Integrated Care Board - QYG,E38000161,Cheshire and Merseyside ICB - 01T ,ICB sub-locations,Persons,All ages,,,2017/18,3.08308398679323,2.99820466111682,3.17028771579595,2.9502973313716,3.22164869596824,4781,155072,,,Higher 99.8,Higher 99.8,20170000,New data,,1y
253,COPD: QOF prevalence,E54000050,NHS North East and North Cumbria Integrated Care Board - QHM,E38000163,North East and North Cumbria ICB - 00N ,ICB sub-locations,Persons,All ages,,,2017/18,3.71631295936874,3.62391309389167,3.81097560802876,3.57164336258351,3.86660743590843,5840,157145,,,Higher 99.8,Not compared,20170000,New data,,1y
253,COPD: QOF prevalence,E54000026,NHS Mid and South Essex Integrated Care Board - QH8,E38000168,Mid and South Essex ICB - 99G ,ICB sub-locations,Persons,All ages,,,2017/18,2.14557147033031,2.08107039963061,2.21202653708101,2.04474678405724,2.25125347510537,4037,188155,,,Higher 99.8,Higher 99.8,20170000,New data,,1y
253,COPD: QOF prevalence,E54000008,NHS Cheshire and Merseyside Integrated Care Board - QYG,E38000170,Cheshire and Merseyside ICB - 01V ,ICB sub-locations,Persons,All ages,,,2017/18,2.09914962040911,2.02113927754871,2.18010394844763,1.97746157657679,2.22815582362224,2624,125003,,,Higher 99.8,Lower 99.8,20170000,New data,,1y
253,COPD: QOF prevalence,E54000008,NHS Cheshire and Merseyside Integrated Care Board - QYG,E38000172,Cheshire and Merseyside ICB - 01X ,ICB sub-locations,Persons,All ages,,,2017/18,3.06554405356132,2.98947480158603,3.14348621876364,2.94644718137838,3.18929668865252,5902,192527,,,Higher 99.8,Higher 99.8,20170000,New data,,1y
253,COPD: QOF prevalence,E54000010,NHS Staffordshire and Stoke-on-Trent Integrated Care Board - QNC,E38000173,Staffordshire and Stoke-on-Trent ICB - 05V ,ICB sub-locations,Persons,All ages,,,2017/18,1.70968261207845,1.64511466537023,1.77673896173431,1.60898533644888,1.81656560625474,2549,149092,,,Lower 99.8,Lower 99.8,20170000,New data,,1y
253,COPD: QOF prevalence,E54000057,NHS Greater Manchester Integrated Care Board - QOP,E38000174,Greater Manchester ICB - 01W ,ICB sub-locations,Persons,All ages,,,2017/18,2.2998274568161,2.24779818006485,2.35303205406209,2.21832140180336,2.38425520384558,7171,311806,,,Higher 99.8,Not compared,20170000,New data,,1y
253,COPD: QOF prevalence,E54000010,NHS Staffordshire and Stoke-on-Trent Integrated Care Board - QNC,E38000175,Staffordshire and Stoke-on-Trent ICB - 05W ,ICB sub-locations,Persons,All ages,,,2017/18,2.59512060932208,2.53795961269109,2.65353395873163,2.50555837535758,2.68779602330598,7547,290815,,,Higher 99.8,Higher 99.8,20170000,New data,,1y
253,COPD: QOF prevalence,E54000050,NHS North East and North Cumbria Integrated Care Board - QHM,E38000176,North East and North Cumbria ICB - 00P ,ICB sub-locations,Persons,All ages,,,2017/18,3.40290972929717,3.33681922999335,3.47026225144759,3.29927406081391,3.50968261473299,9653,283669,,,Higher 99.8,Not compared,20170000,New data,,1y
253,COPD: QOF prevalence,E54000026,NHS Mid and South Essex Integrated Care Board - QH8,E38000185,Mid and South Essex ICB - 07G ,ICB sub-locations,Persons,All ages,,,2017/18,1.90254693970163,1.83981495772338,1.96737501742301,1.80457309305515,2.00573133108949,3354,176290,,,Similar,Similar,20170000,New data,,1y
253,COPD: QOF prevalence,E54000057,NHS Greater Manchester Integrated Care Board - QOP,E38000187,Greater Manchester ICB - 02A ,ICB sub-locations,Persons,All ages,,,2017/18,1.96076808475418,1.90624582986809,2.01681771753714,1.87548704123389,2.04984596846183,4738,241640,,,Similar,Not compared,20170000,New data,,1y
253,COPD: QOF prevalence,E54000051,NHS Humber and North Yorkshire Integrated Care Board - QOQ,E38000188,Humber and North Yorkshire ICB - 03Q ,ICB sub-locations,Persons,All ages,,,2017/18,1.72418622107451,1.68200482051423,1.76740643293998,1.65814510974437,1.79280968653659,6156,357038,,,Lower 99.8,Not compared,20170000,New data,,1y
253,COPD: QOF prevalence,E54000054,NHS West Yorkshire Integrated Care Board - QWO,E38000190,West Yorkshire ICB - 03R ,ICB sub-locations,Persons,All ages,,,2017/18,2.86757653211589,2.81451796151569,2.92160527970809,2.78435678461388,2.95320801916128,10703,373242,,,Higher 99.8,Not compared,20170000,New data,,1y
253,COPD: QOF prevalence,E54000008,NHS Cheshire and Merseyside Integrated Care Board - QYG,E38000194,Cheshire and Merseyside ICB - 02E ,ICB sub-locations,Persons,All ages,,,2017/18,1.82125887468125,1.76597390184973,1.87824148817171,1.73485011612175,1.91188771119812,3971,218036,,,Similar,Lower 99.8,20170000,New data,,1y
253,COPD: QOF prevalence,E54000025,NHS Hertfordshire and West Essex Integrated Care Board - QM7,E38000197,Hertfordshire and West Essex ICB - 07H ,ICB sub-locations,Persons,All ages,,,2017/18,1.76554800692798,1.71999491274592,1.81228530216548,1.69425553753649,1.83978424443518,5525,312934,,,Lower 99.8,Higher 99.8,20170000,New data,,1y
253,COPD: QOF prevalence,E54000048,NHS Lancashire and South Cumbria Integrated Care Board - QE1,E38000200,Lancashire and South Cumbria ICB - 02G ,ICB sub-locations,Persons,All ages,,,2017/18,2.29029789704214,2.20494256002432,2.37887704232074,2.15715385863889,2.4314556427581,2604,113697,,,Higher 99.8,Lower 99.8,20170000,New data,,1y
253,COPD: QOF prevalence,E54000015,"NHS Leicester, Leicestershire and Rutland Integrated Care Board - QK1",E38000201,"Leicester, Leicestershire and Rutland ICB - 04V ",ICB sub-locations,Persons,All ages,,,2017/18,1.8929397499516,1.85077849707007,1.93604250272904,1.82688743127288,1.96133252223508,7431,392564,,,Similar,Higher 99.8,20170000,New data,,1y
253,COPD: QOF prevalence,E54000023,NHS Suffolk and North East Essex Integrated Care Board - QJG,E38000204,Suffolk and North East Essex ICB - 07K ,ICB sub-locations,Persons,All ages,,,2017/18,2.17519692894596,2.11881301489932,2.23304704939026,2.08695417270987,2.26708446496151,5451,250598,,,Higher 99.8,Higher 99.8,20170000,New data,,1y
253,COPD: QOF prevalence,E54000057,NHS Greater Manchester Integrated Care Board - QOP,E38000205,Greater Manchester ICB - 02H ,ICB sub-locations,Persons,All ages,,,2017/18,2.59117638980863,2.5373339025028,2.6461303999834,2.50678350923349,2.6783323723535,8491,327689,,,Higher 99.8,Not compared,20170000,New data,,1y
253,COPD: QOF prevalence,E54000008,NHS Cheshire and Merseyside Integrated Care Board - QYG,E38000208,Cheshire and Merseyside ICB - 12F ,ICB sub-locations,Persons,All ages,,,2017/18,2.53799708515511,2.48537433260017,2.59170440537065,2.45551521685293,2.62317504945851,8533,336210,,,Higher 99.8,Similar,20170000,New data,,1y
253,COPD: QOF prevalence,E54000050,NHS North East and North Cumbria Integrated Care Board - QHM,E38000212,North East and North Cumbria ICB - 13T ,ICB sub-locations,Persons,All ages,,,2017/18,2.41718038722043,2.37601816463531,2.4590377435261,2.35259376914296,2.48349502908932,12712,525902,,,Higher 99.8,Not compared,20170000,New data,,1y
253,COPD: QOF prevalence,E54000050,NHS North East and North Cumbria Integrated Care Board - QHM,E38000215,North East and North Cumbria ICB - 01H ,ICB sub-locations,Persons,All ages,,,2017/18,2.43962672445461,2.38706140833908,2.49332001091621,2.3572546375889,2.52480279902432,7903,323943,,,Higher 99.8,Not compared,20170000,New data,,1y
253,COPD: QOF prevalence,E54000057,NHS Greater Manchester Integrated Care Board - QOP,E38000217,Greater Manchester ICB - 14L ,ICB sub-locations,Persons,All ages,,,2017/18,1.97270932057189,1.93895587599623,2.0070383206911,1.91975004417442,2.02709936573053,12647,641098,,,Higher 99.8,Not compared,20170000,New data,,1y
253,COPD: QOF prevalence,E54000044,"NHS Buckinghamshire, Oxfordshire and Berkshire West Integrated Care Board - QU9",E38000221,"Buckinghamshire, Oxfordshire and Berkshire West ICB - 15A ",ICB sub-locations,Persons,All ages,,,2017/18,1.19151003105727,1.1630067793443,1.22070321962218,1.14687863369407,1.23785653398756,6476,543512,,,Lower 99.8,Lower 99.8,20170000,New data,,1y
253,COPD: QOF prevalence,E54000039,"NHS Bristol, North Somerset and South Gloucestershire Integrated Care Board - QUY",E38000222,"Bristol, North Somerset and South Gloucestershire ICB - 15C ",ICB sub-locations,Persons,All ages,,,2017/18,1.78526786954331,1.75960152524669,1.81130169212863,1.74496595159537,1.82648330168771,17996,1008028,,,Lower 99.8,Similar,20170000,New data,,1y
253,COPD: QOF prevalence,E54000054,NHS West Yorkshire Integrated Care Board - QWO,E38000225,West Yorkshire ICB - 15F ,ICB sub-locations,Persons,All ages,,,2017/18,1.96593843188595,1.93714088938563,1.99515536866942,1.92072301046178,2.01219642460627,17299,879936,,,Higher 99.8,Not compared,20170000,New data,,1y
253,COPD: QOF prevalence,E54000048,NHS Lancashire and South Cumbria Integrated Care Board - QE1,E38000226,Lancashire and South Cumbria ICB - 02M ,ICB sub-locations,Persons,All ages,,,2017/18,2.84762312826989,2.7712334628362,2.92605512176703,2.72809579857626,2.97222734621898,5051,177376,,,Higher 99.8,Higher 99.8,20170000,New data,,1y
253,COPD: QOF prevalence,E54000048,NHS Lancashire and South Cumbria Integrated Care Board - QE1,E38000227,Lancashire and South Cumbria ICB - 01E ,ICB sub-locations,Persons,All ages,,,2017/18,2.06087583640992,2.00089577702688,2.12261495044278,1.96709264856745,2.15903176336991,4315,209377,,,Higher 99.8,Lower 99.8,20170000,New data,,1y
253,COPD: QOF prevalence,E54000048,NHS Lancashire and South Cumbria Integrated Care Board - QE1,E38000228,Lancashire and South Cumbria ICB - 01K ,ICB sub-locations,Persons,All ages,,,2017/18,2.27813550843856,2.22893650167754,2.328394616116,2.20104046010378,2.35786583283623,7879,345853,,,Higher 99.8,Lower 99.8,20170000,New data,,1y
253,COPD: QOF prevalence,E54000037,NHS Devon Integrated Care Board - QJK,E38000230,Devon ICB - 15N ,ICB sub-locations,Persons,All ages,,,2017/18,2.2008150864498,2.17497838268581,2.22695171919905,2.16021435436382,2.24216141267993,26947,1224410,Aggregated from values for merged local authorities,,Higher 99.8,Similar,20170000,New data,,1y
253,COPD: QOF prevalence,E54000040,"NHS Bath and North East Somerset, Swindon and Wiltshire Integrated Care Board - QOX",E38000231,"Bath and North East Somerset, Swindon and Wiltshire ICB - 92G ",ICB sub-locations,Persons,All ages,,,2017/18,1.6786578435555,1.65281900645528,1.70489362161432,1.63809712139322,1.72020532072411,15700,935271,Aggregated from values for merged CCGs,,Lower 99.8,Similar,20170000,New data,,1y
253,COPD: QOF prevalence,E54000054,NHS West Yorkshire Integrated Care Board - QWO,E38000232,West Yorkshire ICB - 36J ,ICB sub-locations,Persons,All ages,,,2017/18,2.11998531283038,2.08475666312853,2.15579615682867,2.06470320001234,2.1767146974417,13395,631844,Aggregated from values for merged CCGs,,Higher 99.8,Not compared,20170000,New data,,1y
253,COPD: QOF prevalence,E54000008,NHS Cheshire and Merseyside Integrated Care Board - QYG,E38000233,Cheshire and Merseyside ICB - 27D ,ICB sub-locations,Persons,All ages,,,2017/18,1.91761001270296,1.88710634185157,1.94859695998269,1.86973320072997,1.96668819927378,14658,764389,Aggregated from values for merged CCGs,,Similar,Lower 99.8,20170000,New data,,1y
253,COPD: QOF prevalence,E54000050,NHS North East and North Cumbria Integrated Care Board - QHM,E38000234,North East and North Cumbria ICB - 84H ,ICB sub-locations,Persons,All ages,,,2017/18,3.06246033904451,3.01731498397601,3.10825951469117,2.9915754941888,3.13497050871357,16891,551550,Aggregated from values for merged CCGs,,Higher 99.8,Not compared,20170000,New data,,1y
253,COPD: QOF prevalence,E54000053,NHS Sussex Integrated Care Board - QNX,E38000235,Sussex ICB - 97R ,ICB sub-locations,Persons,All ages,,,2017/18,2.22491406240142,2.18643168851146,2.2640580692931,2.16453753972634,2.28693533079943,12343,554763,Aggregated from values for merged CCGs,,Higher 99.8,Not compared,20170000,New data,,1y
253,COPD: QOF prevalence,E54000019,NHS Herefordshire and Worcestershire Integrated Care Board - QGH,E38000236,Herefordshire and Worcestershire ICB - 18C ,ICB sub-locations,Persons,All ages,,,2017/18,2.07003918540779,2.03892652801463,2.10161641590817,2.02119390027526,2.12003935094762,16408,792642,Aggregated from values for merged CCGs,,Higher 99.8,Similar,20170000,New data,,1y
253,COPD: QOF prevalence,E54000032,NHS Kent and Medway Integrated Care Board - QKS,E38000237,Kent and Medway ICB - 91Q ,ICB sub-locations,Persons,All ages,,,2017/18,2.00159558628772,1.98169409347367,2.02169282082705,1.97030581194185,2.03337195622615,37709,1883947,Aggregated from values for merged CCGs,,Higher 99.8,Similar,20170000,New data,,1y
253,COPD: QOF prevalence,E54000013,NHS Lincolnshire Integrated Care Board - QJM,E38000238,Lincolnshire ICB - 71E ,ICB sub-locations,Persons,All ages,,,2017/18,2.2594157067057,2.22690164714516,2.29239336004209,2.20836051892129,2.3116233403662,17876,791178,Aggregated from values for merged CCGs,,Higher 99.8,Similar,20170000,New data,,1y
253,COPD: QOF prevalence,E54000022,NHS Norfolk and Waveney Integrated Care Board - QMM,E38000239,Norfolk and Waveney ICB - 26A ,ICB sub-locations,Persons,All ages,,,2017/18,2.22339759609086,2.19510634278096,2.25204508052639,2.17895216193977,2.26872858522712,22910,1030405,Aggregated from values for merged CCGs,,Higher 99.8,Similar,20170000,New data,,1y
253,COPD: QOF prevalence,E54000028,NHS North Central London Integrated Care Board - QMJ,E38000240,North Central London ICB - 93C ,ICB sub-locations,Persons,All ages,,,2017/18,1.16641878219572,1.1497249388803,1.18335211603684,1.14020588982501,1.19322702521317,18273,1566590,Aggregated from values for merged CCGs,,Lower 99.8,Similar,20170000,New data,,1y
253,COPD: QOF prevalence,E54000051,NHS Humber and North Yorkshire Integrated Care Board - QOQ,E38000241,Humber and North Yorkshire ICB - 42D ,ICB sub-locations,Persons,All ages,,,2017/18,2.09072368682931,2.04824296858476,2.13406626303713,2.0241324533209,2.15945739635482,8929,427077,Aggregated from values for merged CCGs,,Higher 99.8,Not compared,20170000,New data,,1y
253,COPD: QOF prevalence,E54000060,NHS Nottingham and Nottinghamshire Integrated Care Board - QT1,E38000243,Nottingham and Nottinghamshire ICB - 52R ,ICB sub-locations,Persons,All ages,,,2017/18,1.94016354229175,1.91437787634603,1.96628956503832,1.89966137804701,1.9815117997716,21048,1084857,Aggregated from values for merged CCGs,,Similar,Not compared,20170000,New data,,1y
253,COPD: QOF prevalence,E54000030,NHS South East London Integrated Care Board - QKK,E38000244,South East London ICB - 72Q ,ICB sub-locations,Persons,All ages,,,2017/18,1.33381987434993,1.31785233107557,1.34997823910668,1.30873032164558,1.35938379143929,26135,1959410,Aggregated from values for merged CCGs,,Lower 99.8,Similar,20170000,New data,,1y
253,COPD: QOF prevalence,E54000031,NHS South West London Integrated Care Board - QWE,E38000245,South West London ICB - 36L ,ICB sub-locations,Persons,All ages,,,2017/18,1.10863715646748,1.0928151038859,1.12468567986783,1.08379292995051,1.13404436799309,18388,1658613,Aggregated from values for merged CCGs,,Lower 99.8,Similar,20170000,New data,,1y
253,COPD: QOF prevalence,E54000052,NHS Surrey Heartlands Integrated Care Board - QXU,E38000246,Surrey Heartlands  ICB - 92A ,ICB sub-locations,Persons,All ages,,,2017/18,1.29391857349323,1.27283163197111,1.31535020700904,1.26082640683794,1.32786761024604,14047,1085617,Aggregated from values for merged CCGs,,Lower 99.8,Not compared,20170000,New data,,1y
253,COPD: QOF prevalence,E54000050,NHS North East and North Cumbria Integrated Care Board - QHM,E38000247,North East and North Cumbria ICB - 16C ,ICB sub-locations,Persons,All ages,,,2017/18,3.00121484186405,2.96156277604075,3.04138116580082,2.93892839872143,3.06477967598349,21073,702149,Aggregated from values for merged CCGs,,Higher 99.8,Not compared,20170000,New data,,1y
253,COPD: QOF prevalence,E54000053,NHS Sussex Integrated Care Board - QNX,E38000248,Sussex ICB - 70F ,ICB sub-locations,Persons,All ages,,,2017/18,1.78952270395767,1.76217260801979,1.81728943903267,1.74658810963672,1.8334930206321,15909,889008,Aggregated from values for merged CCGs,,Lower 99.8,Not compared,20170000,New data,,1y
253,COPD: QOF prevalence,,,E92000001,England,England,Persons,All ages,,,2018/19,1.92663110907307,1.92313774275288,1.93012927782772,1.92112698659513,1.93214976699035,1144151,59386096,,,Not compared,Not compared,20180000,New data,,1y
253,COPD: QOF prevalence,,,E92000001,England,England,Persons,All ages,"County & UA deprivation deciles in England (IMD2019, 4/23 geography)",Most deprived decile (IMD2019),2018/19,2.2637905343936,2.2518749484841,2.27576770258041,2.24503140334794,2.28270275352887,134820,5955498,Aggregated from all known lower geography values,,Higher 99.8,Not compared,20180000,New data,,1y
253,COPD: QOF prevalence,,,E92000001,England,England,Persons,All ages,"County & UA deprivation deciles in England (IMD2019, 4/23 geography)",Second most deprived decile (IMD2019),2018/19,2.45924334043031,2.44363664450297,2.47494718245261,2.4346806110047,2.48404756631258,92463,3759815,Aggregated from all known lower geography values,,Higher 99.8,Not compared,20180000,New data,,1y
253,COPD: QOF prevalence,,,E92000001,England,England,Persons,All ages,"County & UA deprivation deciles in England (IMD2019, 4/23 geography)",Third more deprived decile (IMD2019),2018/19,2.0310480467458,2.01897004365363,2.04319679688263,2.01203697592756,2.05023498842977,105803,5209281,Aggregated from all known lower geography values,,Higher 99.8,Not compared,20180000,New data,,1y
253,COPD: QOF prevalence,,,E92000001,England,England,Persons,All ages,"County & UA deprivation deciles in England (IMD2019, 4/23 geography)",Fourth more deprived decile (IMD2019),2018/19,1.80891857935981,1.79761747644012,1.82028941212574,1.79113196213799,1.82687853878607,96049,5309747,Aggregated from all known lower geography values,,Lower 99.8,Not compared,20180000,New data,,1y
253,COPD: QOF prevalence,,,E92000001,England,England,Persons,All ages,"County & UA deprivation deciles in England (IMD2019, 4/23 geography)",Fifth more deprived decile (IMD2019),2018/19,1.92982230948963,1.91814233997916,1.94157199288929,1.91143833881563,1.94837958269986,102235,5297638,Aggregated from all known lower geography values,,Similar,Not compared,20180000,New data,,1y
253,COPD: QOF prevalence,,,E92000001,England,England,Persons,All ages,"County & UA deprivation deciles in England (IMD2019, 4/23 geography)",Fifth less deprived decile (IMD2019),2018/19,1.98613288383404,1.97450661571207,1.99782621440625,1.96783238570177,2.00460009326744,109250,5500639,Aggregated from all known lower geography values,,Higher 99.8,Not compared,20180000,New data,,1y
253,COPD: QOF prevalence,,,E92000001,England,England,Persons,All ages,"County & UA deprivation deciles in England (IMD2019, 4/23 geography)",Fourth less deprived decile (IMD2019),2018/19,2.04079109341765,2.03097101910786,2.05065765550821,2.02532907266977,2.05636867870056,161755,7926093,Aggregated from all known lower geography values,,Higher 99.8,Not compared,20180000,New data,,1y
253,COPD: QOF prevalence,,,E92000001,England,England,Persons,All ages,"County & UA deprivation deciles in England (IMD2019, 4/23 geography)",Third less deprived decile (IMD2019),2018/19,1.79225861066959,1.78260695959834,1.80196156037174,1.77706431134829,1.80758043386729,129401,7219996,Aggregated from all known lower geography values,,Lower 99.8,Not compared,20180000,New data,,1y
253,COPD: QOF prevalence,,,E92000001,England,England,Persons,All ages,"County & UA deprivation deciles in England (IMD2019, 4/23 geography)",Second least deprived decile (IMD2019),2018/19,1.73749560229043,1.72876178905931,1.74627275521878,1.72374483492123,1.75135410834149,148653,8555590,Aggregated from all known lower geography values,,Lower 99.8,Not compared,20180000,New data,,1y
253,COPD: QOF prevalence,,,E92000001,England,England,Persons,All ages,"County & UA deprivation deciles in England (IMD2019, 4/23 geography)",Least deprived decile (IMD2019),2018/19,1.36983562703376,1.35931297049186,1.38043860115588,1.35328112988946,1.38658978651844,63722,4651799,Aggregated from all known lower geography values,,Lower 99.8,Not compared,20180000,New data,,1y
253,COPD: QOF prevalence,,,E92000001,England,England,Persons,All ages,"District & UA deprivation deciles in England (IMD2019, 4/23 geography)",Most deprived decile (IMD2019),2018/19,2.3179450434306,2.30786526225436,2.32806779970942,2.30207196212811,2.33392495706441,197591,8524404,Aggregated from all known lower geography values,,Higher 99.8,Not compared,20180000,New data,,1y
253,COPD: QOF prevalence,,,E92000001,England,England,Persons,All ages,"District & UA deprivation deciles in England (IMD2019, 4/23 geography)",Second most deprived decile (IMD2019),2018/19,2.20925159830911,2.1992907185936,2.2192565684585,2.19356648996305,2.22504631160043,183980,8327707,Aggregated from all known lower geography values,,Higher 99.8,Not compared,20180000,New data,,1y
253,COPD: QOF prevalence,,,E92000001,England,England,Persons,All ages,"District & UA deprivation deciles in England (IMD2019, 4/23 geography)",Third more deprived decile (IMD2019),2018/19,1.88695445116562,1.87746677350354,1.89648914761927,1.8720167504229,1.90200903648882,148347,7861716,Aggregated from all known lower geography values,,Lower 99.8,Not compared,20180000,New data,,1y
253,COPD: QOF prevalence,,,E92000001,England,England,Persons,All ages,"District & UA deprivation deciles in England (IMD2019, 4/23 geography)",Fourth more deprived decile (IMD2019),2018/19,1.93202903946996,1.92057313319096,1.94355192428004,1.91399710742463,1.95022747420121,106527,5513737,Aggregated from all known lower geography values,,Similar,Not compared,20180000,New data,,1y
253,COPD: QOF prevalence,,,E92000001,England,England,Persons,All ages,"District & UA deprivation deciles in England (IMD2019, 4/23 geography)",Fifth more deprived decile (IMD2019),2018/19,1.96718612544173,1.95505677345806,1.97938920981632,1.94809544175198,1.9864601012945,98458,5005017,Aggregated from all known lower geography values,,Higher 99.8,Not compared,20180000,New data,,1y
253,COPD: QOF prevalence,,,E92000001,England,England,Persons,All ages,"District & UA deprivation deciles in England (IMD2019, 4/23 geography)",Fifth less deprived decile (IMD2019),2018/19,1.76078145311028,1.75067198769647,1.77094824457323,1.74486805382994,1.77683735988454,113836,6465084,Aggregated from all known lower geography values,,Lower 99.8,Not compared,20180000,New data,,1y
253,COPD: QOF prevalence,,,E92000001,England,England,Persons,All ages,"District & UA deprivation deciles in England (IMD2019, 4/23 geography)",Fourth less deprived decile (IMD2019),2018/19,1.86207898714233,1.85073531305716,1.87349086260347,1.84422455975227,1.88010295709929,100976,5422756,Aggregated from all known lower geography values,,Lower 99.8,Not compared,20180000,New data,,1y
253,COPD: QOF prevalence,,,E92000001,England,England,Persons,All ages,"District & UA deprivation deciles in England (IMD2019, 4/23 geography)",Third less deprived decile (IMD2019),2018/19,1.74985283931472,1.7374014296031,1.76239188388116,1.73026064774361,1.76966288329152,74020,4230070,Aggregated from all known lower geography values,,Lower 99.8,Not compared,20180000,New data,,1y
253,COPD: QOF prevalence,,,E92000001,England,England,Persons,All ages,"District & UA deprivation deciles in England (IMD2019, 4/23 geography)",Second least deprived decile (IMD2019),2018/19,1.64096556338416,1.62840584461203,1.65362052550516,1.62120603275065,1.66096186043163,64013,3900935,Aggregated from all known lower geography values,,Lower 99.8,Not compared,20180000,New data,,1y
253,COPD: QOF prevalence,,,E92000001,England,England,Persons,All ages,"District & UA deprivation deciles in England (IMD2019, 4/23 geography)",Least deprived decile (IMD2019),2018/19,1.36414756195779,1.35301178893781,1.37537370855091,1.34663091596824,1.38188886855468,56403,4134670,Aggregated from all known lower geography values,,Lower 99.8,Not compared,20180000,New data,,1y
253,COPD: QOF prevalence,,,E92000001,England,England,Persons,All ages,"County & UA deprivation deciles in England (IMD2025, 4/23 geography)",Most deprived decile (IMD2025),2018/19,2.52958104102779,2.51403552174769,2.54522017620363,2.50511317381228,2.55428162895448,98548,3895823,Aggregated from all known lower geography values,,Higher 99.8,Not compared,20180000,New data,,1y
253,COPD: QOF prevalence,,,E92000001,England,England,Persons,All ages,"County & UA deprivation deciles in England (IMD2025, 4/23 geography)",Second most deprived decile (IMD2025),2018/19,1.75984791406149,1.74885715638124,1.77090649859595,1.74254974913386,1.77731469052952,96163,5464279,Aggregated from all known lower geography values,,Lower 99.8,Not compared,20180000,New data,,1y
253,COPD: QOF prevalence,,,E92000001,England,England,Persons,All ages,"County & UA deprivation deciles in England (IMD2025, 4/23 geography)",Third more deprived decile (IMD2025),2018/19,2.00331370069421,1.99067341042524,2.01603260273195,1.98341963938902,2.02340318384664,93972,4690828,Aggregated from all known lower geography values,,Higher 99.8,Not compared,20180000,New data,,1y
253,COPD: QOF prevalence,,,E92000001,England,England,Persons,All ages,"County & UA deprivation deciles in England (IMD2025, 4/23 geography)",Fourth more deprived decile (IMD2025),2018/19,2.26935967090568,2.25590769203417,2.28288999047036,2.24818572503045,2.29072836475789,106228,4680968,Aggregated from all known lower geography values,,Higher 99.8,Not compared,20180000,New data,,1y
253,COPD: QOF prevalence,,,E92000001,England,England,Persons,All ages,"County & UA deprivation deciles in England (IMD2025, 4/23 geography)",Fifth more deprived decile (IMD2025),2018/19,1.76592954867071,1.75492252240405,1.77700436325605,1.74860571622802,1.78342189685796,96538,5466696,Aggregated from all known lower geography values,,Lower 99.8,Not compared,20180000,New data,,1y
253,COPD: QOF prevalence,,,E92000001,England,England,Persons,All ages,"County & UA deprivation deciles in England (IMD2025, 4/23 geography)",Fifth less deprived decile (IMD2025),2018/19,1.95519009222988,1.94516654111362,1.96526426002757,1.93940912136351,1.97109689170735,142583,7292539,Aggregated from all known lower geography values,,Higher 99.8,Not compared,20180000,New data,,1y
253,COPD: QOF prevalence,,,E92000001,England,England,Persons,All ages,"County & UA deprivation deciles in England (IMD2025, 4/23 geography)",Fourth less deprived decile (IMD2025),2018/19,1.77318958266177,1.76364496082215,1.78278492136142,1.75816377029077,1.78834147267921,129544,7305705,Aggregated from all known lower geography values,,Lower 99.8,Not compared,20180000,New data,,1y
253,COPD: QOF prevalence,,,E92000001,England,England,Persons,All ages,"County & UA deprivation deciles in England (IMD2025, 4/23 geography)",Third less deprived decile (IMD2025),2018/19,1.98292033804591,1.97132917857001,1.99457826530159,1.9646750615652,2.00133159330389,109562,5525285,Aggregated from all known lower geography values,,Higher 99.8,Not compared,20180000,New data,,1y
253,COPD: QOF prevalence,,,E92000001,England,England,Persons,All ages,"County & UA deprivation deciles in England (IMD2025, 4/23 geography)",Second least deprived decile (IMD2025),2018/19,1.83770390253975,1.82915517498878,1.84629183196904,1.82424308437121,1.85126217314177,173461,9439007,Aggregated from all known lower geography values,,Lower 99.8,Not compared,20180000,New data,,1y
253,COPD: QOF prevalence,,,E92000001,England,England,Persons,All ages,"County & UA deprivation deciles in England (IMD2025, 4/23 geography)",Least deprived decile (IMD2025),2018/19,1.73426826046593,1.72351301724503,1.74508942788775,1.71734056483591,1.75135983781402,97552,5624966,Aggregated from all known lower geography values,,Lower 99.8,Not compared,20180000,New data,,1y
253,COPD: QOF prevalence,,,E92000001,England,England,Persons,All ages,"District & UA deprivation deciles in England (IMD2025, 4/23 geography)",Most deprived decile (IMD2025),2018/19,2.2122598790003,2.20269627641635,2.2218640611922,2.19719955881282,2.22742107653371,200157,9047626,Aggregated from all known lower geography values,,Higher 99.8,Not compared,20180000,New data,,1y
253,COPD: QOF prevalence,,,E92000001,England,England,Persons,All ages,"District & UA deprivation deciles in England (IMD2025, 4/23 geography)",Second most deprived decile (IMD2025),2018/19,2.22140309739366,2.21120499095349,2.23164716427186,2.20534480586682,2.23757564252845,177420,7986844,Aggregated from all known lower geography values,,Higher 99.8,Not compared,20180000,New data,,1y
253,COPD: QOF prevalence,,,E92000001,England,England,Persons,All ages,"District & UA deprivation deciles in England (IMD2025, 4/23 geography)",Third more deprived decile (IMD2025),2018/19,2.07591642428305,2.06516617240366,2.08672144438552,2.05899156176354,2.09297743577147,139560,6722814,Aggregated from all known lower geography values,,Higher 99.8,Not compared,20180000,New data,,1y
253,COPD: QOF prevalence,,,E92000001,England,England,Persons,All ages,"District & UA deprivation deciles in England (IMD2025, 4/23 geography)",Fourth more deprived decile (IMD2025),2018/19,1.81273255702278,1.80242828060833,1.82309464813951,1.79651222605423,1.82909661023257,116079,6403537,Aggregated from all known lower geography values,,Lower 99.8,Not compared,20180000,New data,,1y
253,COPD: QOF prevalence,,,E92000001,England,England,Persons,All ages,"District & UA deprivation deciles in England (IMD2025, 4/23 geography)",Fifth more deprived decile (IMD2025),2018/19,1.81245869827153,1.80112927031167,1.82385806678008,1.79462751697729,1.83046374555719,95940,5293362,Aggregated from all known lower geography values,,Lower 99.8,Not compared,20180000,New data,,1y
253,COPD: QOF prevalence,,,E92000001,England,England,Persons,All ages,"District & UA deprivation deciles in England (IMD2025, 4/23 geography)",Fifth less deprived decile (IMD2025),2018/19,1.92845944957635,1.91769681808797,1.93928128957116,1.91151707396995,1.94554901229446,120293,6237777,Aggregated from all known lower geography values,,Similar,Not compared,20180000,New data,,1y
253,COPD: QOF prevalence,,,E92000001,England,England,Persons,All ages,"District & UA deprivation deciles in England (IMD2025, 4/23 geography)",Fourth less deprived decile (IMD2025),2018/19,1.94406056662432,1.93179950934103,1.95639789189882,1.92476337164707,1.96354735703395,94111,4840950,Aggregated from all known lower geography values,,Similar,Not compared,20180000,New data,,1y
253,COPD: QOF prevalence,,,E92000001,England,England,Persons,All ages,"District & UA deprivation deciles in England (IMD2025, 4/23 geography)",Third less deprived decile (IMD2025),2018/19,1.71020437897261,1.69849878985434,1.72198922664877,1.69178431977603,1.72882146787599,80054,4680961,Aggregated from all known lower geography values,,Lower 99.8,Not compared,20180000,New data,,1y
253,COPD: QOF prevalence,,,E92000001,England,England,Persons,All ages,"District & UA deprivation deciles in England (IMD2025, 4/23 geography)",Second least deprived decile (IMD2025),2018/19,1.55599571778268,1.54478080187799,1.5672907564852,1.53834967440193,1.57384093929181,72280,4645257,Aggregated from all known lower geography values,,Lower 99.8,Not compared,20180000,New data,,1y
253,COPD: QOF prevalence,,,E92000001,England,England,Persons,All ages,"District & UA deprivation deciles in England (IMD2025, 4/23 geography)",Least deprived decile (IMD2025),2018/19,1.36822902844596,1.35615818837915,1.38040580468355,1.34924510383284,1.3874763008274,48257,3526968,Aggregated from all known lower geography values,,Lower 99.8,Not compared,20180000,New data,,1y
253,COPD: QOF prevalence,E92000001,England,E54000008,NHS Cheshire and Merseyside Integrated Care Board - QYG,ICBs,Persons,All ages,,,2018/19,2.57763639428758,2.55860986357975,2.59680064094244,2.5477000292383,2.60791510857902,68194,2645602,,,Higher 99.8,Not compared,20180000,New data,,1y
253,COPD: QOF prevalence,E92000001,England,E54000010,NHS Staffordshire and Stoke-on-Trent Integrated Care Board - QNC,ICBs,Persons,All ages,,,2018/19,2.28255847593387,2.25551445955953,2.30991909179358,2.24006172385493,2.32584226318036,26431,1157955,,,Higher 99.8,Not compared,20180000,New data,,1y
253,COPD: QOF prevalence,E92000001,England,E54000011,"NHS Shropshire, Telford and Wrekin Integrated Care Board - QOC",ICBs,Persons,All ages,,,2018/19,1.9565468301633,1.91861883231716,1.99520935109571,1.89707672056462,2.01784288013843,9832,502518,,,Similar,Not compared,20180000,New data,,1y
253,COPD: QOF prevalence,E92000001,England,E54000013,NHS Lincolnshire Integrated Care Board - QJM,ICBs,Persons,All ages,,,2018/19,2.28651680354074,2.25358793191254,2.31991540413821,2.23481035834326,2.33939094595021,17844,780401,,,Higher 99.8,Not compared,20180000,New data,,1y
253,COPD: QOF prevalence,E92000001,England,E54000015,"NHS Leicester, Leicestershire and Rutland Integrated Care Board - QK1",ICBs,Persons,All ages,,,2018/19,1.67883237117103,1.6554891704573,1.70249902422827,1.64217349155834,1.71629532144711,19269,1147762,,,Lower 99.8,Not compared,20180000,New data,,1y
253,COPD: QOF prevalence,E92000001,England,E54000018,NHS Coventry and Warwickshire Integrated Care Board - QWU,ICBs,Persons,All ages,,,2018/19,1.65811627216005,1.63339214368631,1.68320823791048,1.61930002312841,1.69784692780489,16742,1009700,,,Lower 99.8,Not compared,20180000,New data,,1y
253,COPD: QOF prevalence,E92000001,England,E54000019,NHS Herefordshire and Worcestershire Integrated Care Board - QGH,ICBs,Persons,All ages,,,2018/19,2.14072028823556,2.1091984093659,2.17270280422868,2.09122806374975,2.19135760874036,17088,798236,There is a data quality issue with this value. Potential underestimate of the value due to double counting of patients in QOF,,Higher 99.8,Not compared,20180000,New data,,1y
253,COPD: QOF prevalence,E92000001,England,E54000022,NHS Norfolk and Waveney Integrated Care Board - QMM,ICBs,Persons,All ages,,,2018/19,2.28647492113327,2.25819276153975,2.31510290357766,2.24203916420632,2.33177035924734,24237,1060016,,,Higher 99.8,Not compared,20180000,New data,,1y
253,COPD: QOF prevalence,E92000001,England,E54000023,NHS Suffolk and North East Essex Integrated Care Board - QJG,ICBs,Persons,All ages,,,2018/19,2.05821539975712,2.03067929521132,2.08611694432034,2.01496467240812,2.10237457436388,20745,1007912,,,Higher 99.8,Not compared,20180000,New data,,1y
253,COPD: QOF prevalence,E92000001,England,E54000024,"NHS Bedfordshire, Luton and Milton Keynes Integrated Care Board - QHG",ICBs,Persons,All ages,,,2018/19,1.54925746400819,1.52549552154953,1.57338362156008,1.51195658875183,1.58746374155438,15834,1022038,,,Lower 99.8,Not compared,20180000,New data,,1y
253,COPD: QOF prevalence,E92000001,England,E54000025,NHS Hertfordshire and West Essex Integrated Care Board - QM7,ICBs,Persons,All ages,,,2018/19,1.55370455012113,1.53449586049328,1.57314985087216,1.52352540328536,1.58447188969196,24441,1573079,,,Lower 99.8,Not compared,20180000,New data,,1y
253,COPD: QOF prevalence,E92000001,England,E54000026,NHS Mid and South Essex Integrated Care Board - QH8,ICBs,Persons,All ages,,,2018/19,1.94355701901315,1.91924984086764,1.96816586849733,1.90536856709124,1.98249539639801,23787,1223890,,,Similar,Not compared,20180000,New data,,1y
253,COPD: QOF prevalence,E92000001,England,E54000027,NHS North West London Integrated Care Board - QRV,ICBs,Persons,All ages,,,2018/19,1.00390382732615,0.991654602419044,1.0163028053236,0.984658311763809,1.02352161532524,25235,2513687,,,Lower 99.8,Not compared,20180000,New data,,1y
253,COPD: QOF prevalence,E92000001,England,E54000028,NHS North Central London Integrated Care Board - QMJ,ICBs,Persons,All ages,,,2018/19,1.16938541692597,1.15308081393574,1.18591780157216,1.14378097840408,1.19555609905991,19260,1647019,,,Lower 99.8,Not compared,20180000,New data,,1y
253,COPD: QOF prevalence,E92000001,England,E54000029,NHS North East London Integrated Care Board - QMF,ICBs,Persons,All ages,,,2018/19,1.13660646421259,1.12274090197864,1.15064126989818,1.11482130335755,1.15881234862631,25212,2218182,There is a data quality issue with this value. Potential underestimate of the value due to double counting of patients in QOF,,Lower 99.8,Not compared,20180000,New data,,1y
253,COPD: QOF prevalence,E92000001,England,E54000030,NHS South East London Integrated Care Board - QKK,ICBs,Persons,All ages,,,2018/19,1.33155042578647,1.31571581615038,1.34757300228851,1.3066691823224,1.35689893734609,26488,1989260,,,Lower 99.8,Not compared,20180000,New data,,1y
253,COPD: QOF prevalence,E92000001,England,E54000031,NHS South West London Integrated Care Board - QWE,ICBs,Persons,All ages,,,2018/19,1.1210976391484,1.10531789153791,1.13710007147868,1.0963184206428,1.1464304308105,18906,1686383,,,Lower 99.8,Not compared,20180000,New data,,1y
253,COPD: QOF prevalence,E92000001,England,E54000032,NHS Kent and Medway Integrated Care Board - QKS,ICBs,Persons,All ages,,,2018/19,2.05186313403976,2.03180245288338,2.07211769189058,2.02032153798678,2.08388668940577,38987,1900078,,,Higher 99.8,Not compared,20180000,New data,,1y
253,COPD: QOF prevalence,E92000001,England,E54000034,NHS Frimley Integrated Care Board - QNQ,ICBs,Persons,All ages,,,2018/19,1.28784190577662,1.26313176549319,1.31302901231811,1.24909627444449,1.32777322551257,10105,784646,,,Lower 99.8,Not compared,20180000,New data,,1y
253,COPD: QOF prevalence,E92000001,England,E54000036,NHS Cornwall and the Isles of Scilly Integrated Care Board - QT6,ICBs,Persons,All ages,,,2018/19,2.19759486310268,2.14762538489219,2.24870027849403,2.11931869994099,2.27869481838667,7105,323308,,,Higher 99.8,Not compared,20180000,New data,,1y
253,COPD: QOF prevalence,E92000001,England,E54000037,NHS Devon Integrated Care Board - QJK,ICBs,Persons,All ages,,,2018/19,2.27149865699591,2.24477300337542,2.29853501732582,2.22950120576754,2.31426849460242,26808,1180190,,,Higher 99.8,Not compared,20180000,New data,,1y
253,COPD: QOF prevalence,E92000001,England,E54000038,NHS Somerset Integrated Care Board - QSL,ICBs,Persons,All ages,,,2018/19,2.32997567882266,2.29148568696706,2.36909650973731,2.26957343196417,2.39194612182006,13527,580564,,,Higher 99.8,Not compared,20180000,New data,,1y
253,COPD: QOF prevalence,E92000001,England,E54000039,"NHS Bristol, North Somerset and South Gloucestershire Integrated Care Board - QUY",ICBs,Persons,All ages,,,2018/19,1.81225563021155,1.78659675032653,1.83827612227759,1.77196286051068,1.85344733163152,18554,1023807,,,Lower 99.8,Not compared,20180000,New data,,1y
253,COPD: QOF prevalence,E92000001,England,E54000040,"NHS Bath and North East Somerset, Swindon and Wiltshire Integrated Care Board - QOX",ICBs,Persons,All ages,,,2018/19,1.71943108432649,1.6932360474289,1.74602417129669,1.67830927029318,1.76154241048924,16023,931878,,,Lower 99.8,Not compared,20180000,New data,,1y
253,COPD: QOF prevalence,E92000001,England,E54000041,NHS Dorset Integrated Care Board - QVV,ICBs,Persons,All ages,,,2018/19,2.15778323702297,2.12625728695807,2.1897661632768,2.10828295908024,2.2084195103436,17356,804344,,,Higher 99.8,Not compared,20180000,New data,,1y
253,COPD: QOF prevalence,E92000001,England,E54000042,NHS Hampshire and Isle of Wight Integrated Care Board - QRL,ICBs,Persons,All ages,,,2018/19,1.90820080131,1.88894781905367,1.92764616283925,1.87793198922258,1.93894785027606,36649,1920605,There is a data quality issue with this value. Potential underestimate of the value due to double counting of patients in QOF,,Similar,Not compared,20180000,New data,,1y
253,COPD: QOF prevalence,E92000001,England,E54000043,NHS Gloucestershire Integrated Care Board - QR1,ICBs,Persons,All ages,,,2018/19,1.82809130859451,1.79570918559209,1.86104631393874,1.77729284609564,1.88031389466126,11810,646029,,,Lower 99.8,Not compared,20180000,New data,,1y
253,COPD: QOF prevalence,E92000001,England,E54000044,"NHS Buckinghamshire, Oxfordshire and Berkshire West Integrated Care Board - QU9",ICBs,Persons,All ages,,,2018/19,1.34219012188231,1.32580749238204,1.35877239932148,1.31645008279595,1.36842646703317,25132,1872462,,,Lower 99.8,Not compared,20180000,New data,,1y
253,COPD: QOF prevalence,E92000001,England,E54000048,NHS Lancashire and South Cumbria Integrated Care Board - QE1,ICBs,Persons,All ages,,,2018/19,2.47521871331672,2.45275467380206,2.49788322578717,2.43989082596966,2.51104495760028,45082,1821334,There is a data quality issue with this value. Potential underestimate of the value due to double counting of patients in QOF,,Higher 99.8,Not compared,20180000,New data,,1y
253,COPD: QOF prevalence,E54000061,NHS South Yorkshire Integrated Care Board - QF7,E38000006,South Yorkshire ICB - 02P ,ICB sub-locations,Persons,All ages,,,2018/19,3.31684886013109,3.24899438569138,3.38607086289935,3.21047904747165,3.42661815642314,8699,262267,,,Higher 99.8,Not compared,20180000,New data,,1y
253,COPD: QOF prevalence,E54000026,NHS Mid and South Essex Integrated Care Board - QH8,E38000007,Mid and South Essex ICB - 99E ,ICB sub-locations,Persons,All ages,,,2018/19,1.95065998572428,1.90023202730689,2.00239887460672,1.87173823235377,2.03284053324483,5493,281597,,,Similar,Similar,20180000,New data,,1y
253,COPD: QOF prevalence,E54000060,NHS Nottingham and Nottinghamshire Integrated Care Board - QT1,E38000008,Nottingham and Nottinghamshire ICB - 02Q ,ICB sub-locations,Persons,All ages,,,2018/19,2.66229993132956,2.57027172592237,2.75752993406555,2.51862812046017,2.81393073458726,3024,113586,,,Higher 99.8,Not compared,20180000,New data,,1y
253,COPD: QOF prevalence,E54000048,NHS Lancashire and South Cumbria Integrated Care Board - QE1,E38000014,Lancashire and South Cumbria ICB - 00Q ,ICB sub-locations,Persons,All ages,,,2018/19,2.11333793305771,2.04862453296046,2.18005004886916,2.01219811259163,2.21944623453809,3890,184069,There is a data quality issue with this value. Potential underestimate of the value due to double counting of patients in QOF,,Higher 99.8,Lower 99.8,20180000,New data,,1y
253,COPD: QOF prevalence,E54000048,NHS Lancashire and South Cumbria Integrated Care Board - QE1,E38000015,Lancashire and South Cumbria ICB - 00R ,ICB sub-locations,Persons,All ages,,,2018/19,3.73376809763827,3.64575232451145,3.82382442216519,3.59591174919505,3.87669691486544,6504,174194,,,Higher 99.8,Higher 99.8,20180000,New data,,1y
253,COPD: QOF prevalence,E54000057,NHS Greater Manchester Integrated Care Board - QOP,E38000016,Greater Manchester ICB - 00T ,ICB sub-locations,Persons,All ages,,,2018/19,2.29805703911811,2.24613533052404,2.35115010349995,2.21671881389817,2.382307100797,7190,312873,,,Higher 99.8,Not compared,20180000,New data,,1y
253,COPD: QOF prevalence,E54000053,NHS Sussex Integrated Care Board - QNX,E38000021,Sussex ICB - 09D ,ICB sub-locations,Persons,All ages,,,2018/19,1.42182397760846,1.38066043888534,1.4641965606775,1.35746231359427,1.48919116613789,4389,308688,,,Lower 99.8,Not compared,20180000,New data,,1y
253,COPD: QOF prevalence,E54000057,NHS Greater Manchester Integrated Care Board - QOP,E38000024,Greater Manchester ICB - 00V ,ICB sub-locations,Persons,All ages,,,2018/19,2.17485334927416,2.11271634734734,2.23877606279436,2.07768161814873,2.2764640824494,4475,205761,,,Higher 99.8,Not compared,20180000,New data,,1y
253,COPD: QOF prevalence,E54000054,NHS West Yorkshire Integrated Care Board - QWO,E38000025,West Yorkshire ICB - 02T ,ICB sub-locations,Persons,All ages,,,2018/19,2.28605188151676,2.22466480719003,2.34909216498862,2.19000414974782,2.38620924301391,5069,221736,,,Higher 99.8,Not compared,20180000,New data,,1y
253,COPD: QOF prevalence,E54000010,NHS Staffordshire and Stoke-on-Trent Integrated Care Board - QNC,E38000028,Staffordshire and Stoke-on-Trent ICB - 04Y ,ICB sub-locations,Persons,All ages,,,2018/19,2.60865667627856,2.5246207527809,2.69541251535515,2.47737295875535,2.74670158132516,3492,133862,,,Higher 99.8,Higher 99.8,20180000,New data,,1y
253,COPD: QOF prevalence,E54000026,NHS Mid and South Essex Integrated Care Board - QH8,E38000030,Mid and South Essex ICB - 99F ,ICB sub-locations,Persons,All ages,,,2018/19,2.3601440964089,2.29208103474866,2.43017801310792,2.2537116690619,2.47147574902038,4383,185709,,,Higher 99.8,Higher 99.8,20180000,New data,,1y
253,COPD: QOF prevalence,E54000048,NHS Lancashire and South Cumbria Integrated Care Board - QE1,E38000034,Lancashire and South Cumbria ICB - 00X ,ICB sub-locations,Persons,All ages,,,2018/19,2.38111954203008,2.31265849455187,2.45155636434088,2.27406188312759,2.49308865556127,4409,185165,,,Higher 99.8,Similar,20180000,New data,,1y
253,COPD: QOF prevalence,E54000061,NHS South Yorkshire Integrated Care Board - QF7,E38000044,South Yorkshire ICB - 02X ,ICB sub-locations,Persons,All ages,,,2018/19,2.84700703625855,2.79021426793944,2.90492123576924,2.75796729775471,2.93883450684089,9197,323041,,,Higher 99.8,Not compared,20180000,New data,,1y
253,COPD: QOF prevalence,E54000041,NHS Dorset Integrated Care Board - QVV,E38000045,Dorset ICB - 11J ,ICB sub-locations,Persons,All ages,,,2018/19,2.15778323702297,2.12625728695807,2.1897661632768,2.10828295908024,2.2084195103436,17356,804344,,,Higher 99.8,Similar,20180000,New data,,1y
253,COPD: QOF prevalence,E54000025,NHS Hertfordshire and West Essex Integrated Care Board - QM7,E38000049,Hertfordshire and West Essex ICB - 06K ,ICB sub-locations,Persons,All ages,,,2018/19,1.58977659525058,1.55850956996192,1.62166057028715,1.54075573582111,1.6403311240849,9584,602852,,,Lower 99.8,Similar,20180000,New data,,1y
253,COPD: QOF prevalence,E54000048,NHS Lancashire and South Cumbria Integrated Care Board - QE1,E38000050,Lancashire and South Cumbria ICB - 01A ,ICB sub-locations,Persons,All ages,,,2018/19,2.49933395912127,2.45150801205186,2.54806856077453,2.42433644309442,2.57659028006488,10038,401627,There is a data quality issue with this value. Potential underestimate of the value due to double counting of patients in QOF,,Higher 99.8,Similar,20180000,New data,,1y
253,COPD: QOF prevalence,E54000015,"NHS Leicester, Leicestershire and Rutland Integrated Care Board - QK1",E38000051,"Leicester, Leicestershire and Rutland ICB - 03W ",ICB sub-locations,Persons,All ages,,,2018/19,1.79869306192626,1.7540849957826,1.84441425695233,1.72885910265961,1.87129411622816,5984,332686,,,Lower 99.8,Higher 99.8,20180000,New data,,1y
253,COPD: QOF prevalence,E54000051,NHS Humber and North Yorkshire Integrated Care Board - QOQ,E38000052,Humber and North Yorkshire ICB - 02Y ,ICB sub-locations,Persons,All ages,,,2018/19,2.52826330523063,2.47324788116154,2.58447007331934,2.44205661310325,2.61743152074451,7740,306139,,,Higher 99.8,Not compared,20180000,New data,,1y
253,COPD: QOF prevalence,E54000010,NHS Staffordshire and Stoke-on-Trent Integrated Care Board - QNC,E38000053,Staffordshire and Stoke-on-Trent ICB - 05D ,ICB sub-locations,Persons,All ages,,,2018/19,1.85003650015643,1.78167272537199,1.92097212688471,1.74339228972946,1.96307385925913,2661,143835,,,Similar,Lower 99.8,20180000,New data,,1y
253,COPD: QOF prevalence,E54000043,NHS Gloucestershire Integrated Care Board - QR1,E38000062,Gloucestershire ICB - 11M ,ICB sub-locations,Persons,All ages,,,2018/19,1.82809130859451,1.79570918559209,1.86104631393874,1.77729284609564,1.88031389466126,11810,646029,,,Lower 99.8,Similar,20180000,New data,,1y
253,COPD: QOF prevalence,E54000008,NHS Cheshire and Merseyside Integrated Care Board - QYG,E38000068,Cheshire and Merseyside ICB - 01F ,ICB sub-locations,Persons,All ages,,,2018/19,2.86600178040648,2.77753810237883,2.95719729702206,2.72774355633394,3.01105082745478,3799,132554,,,Higher 99.8,Higher 99.8,20180000,New data,,1y
253,COPD: QOF prevalence,E54000025,NHS Hertfordshire and West Essex Integrated Care Board - QM7,E38000079,Hertfordshire and West Essex ICB - 06N ,ICB sub-locations,Persons,All ages,,,2018/19,1.43186826321613,1.40332891368244,1.46097941420003,1.38712771776487,1.47803024538159,9344,652574,,,Lower 99.8,Lower 99.8,20180000,New data,,1y
253,COPD: QOF prevalence,E54000057,NHS Greater Manchester Integrated Care Board - QOP,E38000080,Greater Manchester ICB - 01D ,ICB sub-locations,Persons,All ages,,,2018/19,2.52910868938867,2.46653361173774,2.59322906563502,2.43114057797167,2.63091818708978,5969,236012,,,Higher 99.8,Not compared,20180000,New data,,1y
253,COPD: QOF prevalence,E54000051,NHS Humber and North Yorkshire Integrated Care Board - QOQ,E38000085,Humber and North Yorkshire ICB - 03F ,ICB sub-locations,Persons,All ages,,,2018/19,2.81004469770932,2.75161904967873,2.8696743011722,2.71846726006059,2.90461500811806,8462,301134,,,Higher 99.8,Not compared,20180000,New data,,1y
253,COPD: QOF prevalence,E54000023,NHS Suffolk and North East Essex Integrated Care Board - QJG,E38000086,Suffolk and North East Essex ICB - 06L ,ICB sub-locations,Persons,All ages,,,2018/19,1.80739745957137,1.76711916218947,1.84857655162396,1.74429566358576,1.87273852241268,7429,411033,,,Lower 99.8,Lower 99.8,20180000,New data,,1y
253,COPD: QOF prevalence,E54000036,NHS Cornwall and the Isles of Scilly Integrated Care Board - QT6,E38000089,Cornwall and The Isles Of Scilly ICB - 11N ,ICB sub-locations,Persons,All ages,,,2018/19,2.19759486310268,2.14762538489219,2.24870027849403,2.11931869994099,2.27869481838667,7105,323308,,,Higher 99.8,Similar,20180000,New data,,1y
253,COPD: QOF prevalence,E54000008,NHS Cheshire and Merseyside Integrated Care Board - QYG,E38000091,Cheshire and Merseyside ICB - 01J ,ICB sub-locations,Persons,All ages,,,2018/19,3.58415187287856,3.49591442968495,3.67453164227899,3.44599104296464,3.72763815857575,5966,166455,,,Higher 99.8,Higher 99.8,20180000,New data,,1y
253,COPD: QOF prevalence,E54000015,"NHS Leicester, Leicestershire and Rutland Integrated Care Board - QK1",E38000097,"Leicester, Leicestershire and Rutland ICB - 04C ",ICB sub-locations,Persons,All ages,,,2018/19,1.37891631197501,1.34394893324749,1.41478043843045,1.32418540736576,1.43587642363922,5744,416559,,,Lower 99.8,Lower 99.8,20180000,New data,,1y
253,COPD: QOF prevalence,E54000008,NHS Cheshire and Merseyside Integrated Care Board - QYG,E38000101,Cheshire and Merseyside ICB - 99A ,ICB sub-locations,Persons,All ages,,,2018/19,3.08789826796257,3.04215464263126,3.13430748626073,3.01607544439489,3.16137568086715,16721,541501,,,Higher 99.8,Higher 99.8,20180000,New data,,1y
253,COPD: QOF prevalence,E54000026,NHS Mid and South Essex Integrated Care Board - QH8,E38000106,Mid and South Essex ICB - 06Q ,ICB sub-locations,Persons,All ages,,,2018/19,1.60014205446267,1.56144063609358,1.63978673602302,1.53954497884457,1.66308396716493,6308,394215,,,Lower 99.8,Lower 99.8,20180000,New data,,1y
253,COPD: QOF prevalence,E54000023,NHS Suffolk and North East Essex Integrated Care Board - QJG,E38000117,Suffolk and North East Essex ICB - 06T ,ICB sub-locations,Persons,All ages,,,2018/19,2.23499268574287,2.18611607655034,2.2849365381659,2.15840906820493,2.31422933397302,7685,343849,,,Higher 99.8,Higher 99.8,20180000,New data,,1y
253,COPD: QOF prevalence,E54000051,NHS Humber and North Yorkshire Integrated Care Board - QOQ,E38000119,Humber and North Yorkshire ICB - 03H ,ICB sub-locations,Persons,All ages,,,2018/19,2.6576666627468,2.58228765763303,2.73518426066527,2.53977489403501,2.78087461052292,4520,170074,,,Higher 99.8,Not compared,20180000,New data,,1y
253,COPD: QOF prevalence,E54000051,NHS Humber and North Yorkshire Integrated Care Board - QOQ,E38000122,Humber and North Yorkshire ICB - 03K ,ICB sub-locations,Persons,All ages,,,2018/19,2.40886355318465,2.3391054706709,2.48064915681556,2.29978393710106,2.52298325257548,4344,180334,,,Higher 99.8,Not compared,20180000,New data,,1y
253,COPD: QOF prevalence,E54000010,NHS Staffordshire and Stoke-on-Trent Integrated Care Board - QNC,E38000126,Staffordshire and Stoke-on-Trent ICB - 05G ,ICB sub-locations,Persons,All ages,,,2018/19,2.56162197850567,2.49614895316142,2.6287660357071,2.45914075647416,2.66825713307111,5587,218104,,,Higher 99.8,Higher 99.8,20180000,New data,,1y
253,COPD: QOF prevalence,E54000050,NHS North East and North Cumbria Integrated Care Board - QHM,E38000127,North East and North Cumbria ICB - 99C ,ICB sub-locations,Persons,All ages,,,2018/19,2.64365106707041,2.57752504078962,2.71142633177464,2.54013079868457,2.75127109402498,5832,220604,,,Higher 99.8,Not compared,20180000,New data,,1y
253,COPD: QOF prevalence,E54000050,NHS North East and North Cumbria Integrated Care Board - QHM,E38000130,North East and North Cumbria ICB - 00L,ICB sub-locations,Persons,All ages,,,2018/19,2.80037709745153,2.74435656783543,2.85750757470143,2.71254973535359,2.89096364554391,9149,326706,,,Higher 99.8,Not compared,20180000,New data,,1y
253,COPD: QOF prevalence,E54000057,NHS Greater Manchester Integrated Care Board - QOP,E38000135,Greater Manchester ICB - 00Y ,ICB sub-locations,Persons,All ages,,,2018/19,2.36075677391631,2.30291261101652,2.42001786682235,2.27019025096865,2.45484558496371,6098,258307,,,Higher 99.8,Not compared,20180000,New data,,1y
253,COPD: QOF prevalence,E54000044,"NHS Buckinghamshire, Oxfordshire and Berkshire West Integrated Care Board - QU9",E38000136,"Buckinghamshire, Oxfordshire and Berkshire West ICB - 10Q ",ICB sub-locations,Persons,All ages,,,2018/19,1.40062185449659,1.37442932437161,1.42730631254178,1.35954577668052,1.44292081354877,10631,759020,,,Lower 99.8,Higher 99.8,20180000,New data,,1y
253,COPD: QOF prevalence,E54000042,NHS Hampshire and Isle of Wight Integrated Care Board - QRL,E38000137,Hampshire and Isle Of Wight ICB - 10R ,ICB sub-locations,Persons,All ages,,,2018/19,2.09358123215576,2.03618093390447,2.15256409976531,2.00378737789875,2.18730912095296,4869,232568,,,Higher 99.8,Higher 99.8,20180000,New data,,1y
253,COPD: QOF prevalence,E54000061,NHS South Yorkshire Integrated Care Board - QF7,E38000141,South Yorkshire ICB - 03L ,ICB sub-locations,Persons,All ages,,,2018/19,3.00291666509043,2.93853634448448,3.06866289844441,2.90202326536308,3.10720553292412,7938,264343,,,Higher 99.8,Not compared,20180000,New data,,1y
253,COPD: QOF prevalence,E54000057,NHS Greater Manchester Integrated Care Board - QOP,E38000143,Greater Manchester ICB - 01G ,ICB sub-locations,Persons,All ages,,,2018/19,2.51623056544386,2.45876099146637,2.57500793714071,2.42620638224162,2.60950575459254,7019,278949,,,Higher 99.8,Not compared,20180000,New data,,1y
253,COPD: QOF prevalence,E54000061,NHS South Yorkshire Integrated Care Board - QF7,E38000146,South Yorkshire ICB - 03N ,ICB sub-locations,Persons,All ages,,,2018/19,2.1027795361685,2.06702231745537,2.13914180437365,2.04667426534718,2.16038889378888,12789,608195,,,Higher 99.8,Not compared,20180000,New data,,1y
253,COPD: QOF prevalence,E54000038,NHS Somerset Integrated Care Board - QSL,E38000150,Somerset ICB - 11X ,ICB sub-locations,Persons,All ages,,,2018/19,2.32997567882266,2.29148568696706,2.36909650973731,2.26957343196417,2.39194612182006,13527,580564,,,Higher 99.8,Similar,20180000,New data,,1y
253,COPD: QOF prevalence,E54000010,NHS Staffordshire and Stoke-on-Trent Integrated Care Board - QNC,E38000153,Staffordshire and Stoke-on-Trent ICB - 05Q ,ICB sub-locations,Persons,All ages,,,2018/19,1.89554400924923,1.83924708963235,1.95352980961681,1.80753618797683,1.98775013307007,4148,218829,,,Similar,Lower 99.8,20180000,New data,,1y
253,COPD: QOF prevalence,E54000008,NHS Cheshire and Merseyside Integrated Care Board - QYG,E38000161,Cheshire and Merseyside ICB - 01T ,ICB sub-locations,Persons,All ages,,,2018/19,3.08166014497402,2.99702001487135,3.168612552057,2.94924523137023,3.2198229694993,4804,155890,,,Higher 99.8,Higher 99.8,20180000,New data,,1y
253,COPD: QOF prevalence,E54000050,NHS North East and North Cumbria Integrated Care Board - QHM,E38000163,North East and North Cumbria ICB - 00N ,ICB sub-locations,Persons,All ages,,,2018/19,3.74549911411135,3.65284059097801,3.84041434079788,3.60041906529385,3.89618893021562,5898,157469,,,Higher 99.8,Not compared,20180000,New data,,1y
253,COPD: QOF prevalence,E54000026,NHS Mid and South Essex Integrated Care Board - QH8,E38000168,Mid and South Essex ICB - 99G ,ICB sub-locations,Persons,All ages,,,2018/19,2.19307970899722,2.12808683164786,2.26001166784205,2.09147320673629,2.29950645555656,4154,189414,,,Higher 99.8,Higher 99.8,20180000,New data,,1y
253,COPD: QOF prevalence,E54000008,NHS Cheshire and Merseyside Integrated Care Board - QYG,E38000170,Cheshire and Merseyside ICB - 01V ,ICB sub-locations,Persons,All ages,,,2018/19,2.16765271348532,2.08716836122914,2.2511693068862,2.04210334627918,2.30073961595956,2627,121191,,,Higher 99.8,Lower 99.8,20180000,New data,,1y
253,COPD: QOF prevalence,E54000008,NHS Cheshire and Merseyside Integrated Care Board - QYG,E38000172,Cheshire and Merseyside ICB - 01X ,ICB sub-locations,Persons,All ages,,,2018/19,3.1270674147657,3.05131168363472,3.20464178353381,3.00844084157312,3.25021483413888,6192,198013,,,Higher 99.8,Higher 99.8,20180000,New data,,1y
253,COPD: QOF prevalence,E54000010,NHS Staffordshire and Stoke-on-Trent Integrated Care Board - QNC,E38000173,Staffordshire and Stoke-on-Trent ICB - 05V ,ICB sub-locations,Persons,All ages,,,2018/19,1.82797070413458,1.76117451844458,1.89725134697005,1.72375947369446,1.93835784436788,2723,148963,,,Similar,Lower 99.8,20180000,New data,,1y
253,COPD: QOF prevalence,E54000057,NHS Greater Manchester Integrated Care Board - QOP,E38000174,Greater Manchester ICB - 01W ,ICB sub-locations,Persons,All ages,,,2018/19,2.32177696300752,2.26970013196046,2.37501962648048,2.24019174174146,2.40626029060434,7295,314199,,,Higher 99.8,Not compared,20180000,New data,,1y
253,COPD: QOF prevalence,E54000010,NHS Staffordshire and Stoke-on-Trent Integrated Care Board - QNC,E38000175,Staffordshire and Stoke-on-Trent ICB - 05W ,ICB sub-locations,Persons,All ages,,,2018/19,2.65659290261651,2.59911493379942,2.71530652940189,2.56652356206652,2.74973392286677,7820,294362,,,Higher 99.8,Higher 99.8,20180000,New data,,1y
253,COPD: QOF prevalence,E54000050,NHS North East and North Cumbria Integrated Care Board - QHM,E38000176,North East and North Cumbria ICB - 00P ,ICB sub-locations,Persons,All ages,,,2018/19,3.49177845850498,3.42489213498505,3.55992288562267,3.38688638610774,3.59979800521139,9917,284010,,,Higher 99.8,Not compared,20180000,New data,,1y
253,COPD: QOF prevalence,E54000026,NHS Mid and South Essex Integrated Care Board - QH8,E38000185,Mid and South Essex ICB - 07G ,ICB sub-locations,Persons,All ages,,,2018/19,1.99416033072186,1.92933350645364,2.06111959823134,1.89290016337221,2.10072139332725,3449,172955,,,Similar,Similar,20180000,New data,,1y
253,COPD: QOF prevalence,E54000057,NHS Greater Manchester Integrated Care Board - QOP,E38000187,Greater Manchester ICB - 02A ,ICB sub-locations,Persons,All ages,,,2018/19,1.98052334774983,1.92593222013412,2.03662974356366,1.89512841185729,2.069685021542,4822,243471,,,Similar,Not compared,20180000,New data,,1y
253,COPD: QOF prevalence,E54000051,NHS Humber and North Yorkshire Integrated Care Board - QOQ,E38000188,Humber and North Yorkshire ICB - 03Q ,ICB sub-locations,Persons,All ages,,,2018/19,1.76413993685479,1.72174795368218,1.80755647644736,1.69776055595746,1.83306623655933,6381,361706,,,Lower 99.8,Not compared,20180000,New data,,1y
253,COPD: QOF prevalence,E54000054,NHS West Yorkshire Integrated Care Board - QWO,E38000190,West Yorkshire ICB - 03R ,ICB sub-locations,Persons,All ages,,,2018/19,2.85144344734169,2.79886136840768,2.90498385994989,2.76896965549092,2.9362995381753,10778,377984,,,Higher 99.8,Not compared,20180000,New data,,1y
253,COPD: QOF prevalence,E54000008,NHS Cheshire and Merseyside Integrated Care Board - QYG,E38000194,Cheshire and Merseyside ICB - 02E ,ICB sub-locations,Persons,All ages,,,2018/19,1.82582029772672,1.77064385568727,1.88268318247722,1.73957772478059,1.9162551129387,4007,219463,,,Lower 99.8,Lower 99.8,20180000,New data,,1y
253,COPD: QOF prevalence,E54000025,NHS Hertfordshire and West Essex Integrated Care Board - QM7,E38000197,Hertfordshire and West Essex ICB - 07H ,ICB sub-locations,Persons,All ages,,,2018/19,1.73554161301798,1.6907080550766,1.78154250567531,1.6653760466093,1.80860902082644,5513,317653,,,Lower 99.8,Higher 99.8,20180000,New data,,1y
253,COPD: QOF prevalence,E54000048,NHS Lancashire and South Cumbria Integrated Care Board - QE1,E38000200,Lancashire and South Cumbria ICB - 02G ,ICB sub-locations,Persons,All ages,,,2018/19,2.26647822176539,2.18266161545905,2.35343603882785,2.1357237306835,2.40504111041998,2646,116745,There is a data quality issue with this value. Potential underestimate of the value due to double counting of patients in QOF,,Higher 99.8,Lower 99.8,20180000,New data,,1y
253,COPD: QOF prevalence,E54000015,"NHS Leicester, Leicestershire and Rutland Integrated Care Board - QK1",E38000201,"Leicester, Leicestershire and Rutland ICB - 04V ",ICB sub-locations,Persons,All ages,,,2018/19,1.8922655746179,1.85042433491698,1.9350342633329,1.82671155014075,1.96012512442663,7541,398517,,,Similar,Higher 99.8,20180000,New data,,1y
253,COPD: QOF prevalence,E54000023,NHS Suffolk and North East Essex Integrated Care Board - QJG,E38000204,Suffolk and North East Essex ICB - 07K ,ICB sub-locations,Persons,All ages,,,2018/19,2.22542781488361,2.16867359609018,2.28363262266283,2.13659440626927,2.31786718141056,5631,253030,,,Higher 99.8,Higher 99.8,20180000,New data,,1y
253,COPD: QOF prevalence,E54000057,NHS Greater Manchester Integrated Care Board - QOP,E38000205,Greater Manchester ICB - 02H ,ICB sub-locations,Persons,All ages,,,2018/19,2.6453681853936,2.59120724026359,2.70062980671398,2.56046843297373,2.73300407675541,8744,330540,,,Higher 99.8,Not compared,20180000,New data,,1y
253,COPD: QOF prevalence,E54000008,NHS Cheshire and Merseyside Integrated Care Board - QYG,E38000208,Cheshire and Merseyside ICB - 12F ,ICB sub-locations,Persons,All ages,,,2018/19,2.58703516991875,2.53399306781847,2.64115747412557,2.50389024338816,2.67286534038006,8724,337220,,,Higher 99.8,Similar,20180000,New data,,1y
253,COPD: QOF prevalence,E54000050,NHS North East and North Cumbria Integrated Care Board - QHM,E38000212,North East and North Cumbria ICB - 13T ,ICB sub-locations,Persons,All ages,,,2018/19,2.4300368301574,2.38895685917481,2.47180531496183,2.36557694072745,2.49620828723141,12899,530815,,,Higher 99.8,Not compared,20180000,New data,,1y
253,COPD: QOF prevalence,E54000050,NHS North East and North Cumbria Integrated Care Board - QHM,E38000215,North East and North Cumbria ICB - 01H ,ICB sub-locations,Persons,All ages,,,2018/19,2.47403918868238,2.42121873800808,2.52798209855059,2.39126243309674,2.55960623216869,8048,325298,,,Higher 99.8,Not compared,20180000,New data,,1y
253,COPD: QOF prevalence,E54000057,NHS Greater Manchester Integrated Care Board - QOP,E38000217,Greater Manchester ICB - 14L ,ICB sub-locations,Persons,All ages,,,2018/19,1.98721050917514,1.95374624524105,2.02123614128482,1.93470083514543,2.04111568400806,13058,657102,,,Higher 99.8,Not compared,20180000,New data,,1y
253,COPD: QOF prevalence,E54000044,"NHS Buckinghamshire, Oxfordshire and Berkshire West Integrated Care Board - QU9",E38000221,"Buckinghamshire, Oxfordshire and Berkshire West ICB - 15A ",ICB sub-locations,Persons,All ages,,,2018/19,1.24198009404189,1.21300998345235,1.271633186528,1.19660962223646,1.28904838233753,6812,548479,,,Lower 99.8,Lower 99.8,20180000,New data,,1y
253,COPD: QOF prevalence,E54000039,"NHS Bristol, North Somerset and South Gloucestershire Integrated Care Board - QUY",E38000222,"Bristol, North Somerset and South Gloucestershire ICB - 15C ",ICB sub-locations,Persons,All ages,,,2018/19,1.81225563021155,1.78659675032653,1.83827612227759,1.77196286051068,1.85344733163152,18554,1023807,,,Lower 99.8,Similar,20180000,New data,,1y
253,COPD: QOF prevalence,E54000044,"NHS Buckinghamshire, Oxfordshire and Berkshire West Integrated Care Board - QU9",E38000223,"Buckinghamshire, Oxfordshire and Berkshire West ICB - 14Y ",ICB sub-locations,Persons,All ages,,,2018/19,1.36097408148852,1.33109054094537,1.39151905842558,1.31415405032975,1.40943836993059,7689,564963,,,Lower 99.8,Similar,20180000,New data,,1y
253,COPD: QOF prevalence,E54000054,NHS West Yorkshire Integrated Care Board - QWO,E38000225,West Yorkshire ICB - 15F ,ICB sub-locations,Persons,All ages,,,2018/19,2.0010839157694,1.9721866992734,2.03039577516499,1.95570922527524,2.04748936617703,17797,889368,,,Higher 99.8,Not compared,20180000,New data,,1y
253,COPD: QOF prevalence,E54000048,NHS Lancashire and South Cumbria Integrated Care Board - QE1,E38000226,Lancashire and South Cumbria ICB - 02M ,ICB sub-locations,Persons,All ages,,,2018/19,2.91268674306623,2.83561617245035,2.9917875525933,2.7920806790471,3.03833964445501,5190,178186,,,Higher 99.8,Higher 99.8,20180000,New data,,1y
253,COPD: QOF prevalence,E54000048,NHS Lancashire and South Cumbria Integrated Care Board - QE1,E38000227,Lancashire and South Cumbria ICB - 01E ,ICB sub-locations,Persons,All ages,,,2018/19,1.92138864985615,1.86609542655263,1.97828720769463,1.83492644435838,2.01184147972032,4421,230094,There is a data quality issue with this value. Potential underestimate of the value due to double counting of patients in QOF,,Similar,Lower 99.8,20180000,New data,,1y
253,COPD: QOF prevalence,E54000048,NHS Lancashire and South Cumbria Integrated Care Board - QE1,E38000228,Lancashire and South Cumbria ICB - 01K ,ICB sub-locations,Persons,All ages,,,2018/19,2.27299902634561,2.22423012932291,2.32281183634183,2.19657489189431,2.35201819635095,7984,351254,There is a data quality issue with this value. Potential underestimate of the value due to double counting of patients in QOF,,Higher 99.8,Lower 99.8,20180000,New data,,1y
253,COPD: QOF prevalence,E54000037,NHS Devon Integrated Care Board - QJK,E38000230,Devon ICB - 15N ,ICB sub-locations,Persons,All ages,,,2018/19,2.27149865699591,2.24477300337542,2.29853501732582,2.22950120576754,2.31426849460242,26808,1180190,,,Higher 99.8,Similar,20180000,New data,,1y
253,COPD: QOF prevalence,E54000040,"NHS Bath and North East Somerset, Swindon and Wiltshire Integrated Care Board - QOX",E38000231,"Bath and North East Somerset, Swindon and Wiltshire ICB - 92G ",ICB sub-locations,Persons,All ages,,,2018/19,1.71943108432649,1.6932360474289,1.74602417129669,1.67830927029318,1.76154241048924,16023,931878,Aggregated from values for merged CCGs,,Lower 99.8,Similar,20180000,New data,,1y
253,COPD: QOF prevalence,E54000054,NHS West Yorkshire Integrated Care Board - QWO,E38000232,West Yorkshire ICB - 36J ,ICB sub-locations,Persons,All ages,,,2018/19,2.14153794098435,2.10631305159087,2.17733881089366,2.08625898836776,2.19824871874278,13671,638373,Aggregated from values for merged CCGs,,Higher 99.8,Not compared,20180000,New data,,1y
253,COPD: QOF prevalence,E54000008,NHS Cheshire and Merseyside Integrated Care Board - QYG,E38000233,Cheshire and Merseyside ICB - 27D ,ICB sub-locations,Persons,All ages,,,2018/19,1.98547810400678,1.95462385150124,2.01680938047389,1.93704577657913,2.03509626315677,15354,773315,Aggregated from values for merged CCGs,,Higher 99.8,Lower 99.8,20180000,New data,,1y
253,COPD: QOF prevalence,E54000050,NHS North East and North Cumbria Integrated Care Board - QHM,E38000234,North East and North Cumbria ICB - 84H ,ICB sub-locations,Persons,All ages,,,2018/19,3.12589546227029,3.08043229045393,3.17200765142821,3.05450739849636,3.19889691064898,17345,554881,Aggregated from values for merged CCGs,,Higher 99.8,Not compared,20180000,New data,,1y
253,COPD: QOF prevalence,E54000053,NHS Sussex Integrated Care Board - QNX,E38000235,Sussex ICB - 97R ,ICB sub-locations,Persons,All ages,,,2018/19,2.30647398326697,2.2674422927872,2.34616143485511,2.24522880135508,2.36934931415139,12888,558775,Aggregated from values for merged CCGs,,Higher 99.8,Not compared,20180000,New data,,1y
253,COPD: QOF prevalence,E54000032,NHS Kent and Medway Integrated Care Board - QKS,E38000237,Kent and Medway ICB - 91Q ,ICB sub-locations,Persons,All ages,,,2018/19,2.05186313403976,2.03180245288338,2.07211769189058,2.02032153798678,2.08388668940578,38987,1900078,Aggregated from values for merged CCGs,,Higher 99.8,Similar,20180000,New data,,1y
253,COPD: QOF prevalence,E54000013,NHS Lincolnshire Integrated Care Board - QJM,E38000238,Lincolnshire ICB - 71E ,ICB sub-locations,Persons,All ages,,,2018/19,2.28651680354074,2.25358793191254,2.31991540413821,2.23481035834326,2.33939094595021,17844,780401,Aggregated from values for merged CCGs,,Higher 99.8,Similar,20180000,New data,,1y
253,COPD: QOF prevalence,E54000022,NHS Norfolk and Waveney Integrated Care Board - QMM,E38000239,Norfolk and Waveney ICB - 26A ,ICB sub-locations,Persons,All ages,,,2018/19,2.28647492113327,2.25819276153975,2.31510290357766,2.24203916420632,2.33177035924734,24237,1060016,Aggregated from values for merged CCGs,,Higher 99.8,Similar,20180000,New data,,1y
253,COPD: QOF prevalence,E54000028,NHS North Central London Integrated Care Board - QMJ,E38000240,North Central London ICB - 93C ,ICB sub-locations,Persons,All ages,,,2018/19,1.16938541692597,1.15308081393574,1.18591780157216,1.14378097840408,1.19555609905991,19260,1647019,Aggregated from values for merged CCGs,,Lower 99.8,Similar,20180000,New data,,1y
253,COPD: QOF prevalence,E54000051,NHS Humber and North Yorkshire Integrated Care Board - QOQ,E38000241,Humber and North Yorkshire ICB - 42D ,ICB sub-locations,Persons,All ages,,,2018/19,2.17948927029628,2.13623400925332,2.22360047946346,2.11167430896494,2.2494320166329,9355,429229,Aggregated from values for merged CCGs,,Higher 99.8,Not compared,20180000,New data,,1y
253,COPD: QOF prevalence,E54000060,NHS Nottingham and Nottinghamshire Integrated Care Board - QT1,E38000243,Nottingham and Nottinghamshire ICB - 52R ,ICB sub-locations,Persons,All ages,,,2018/19,1.96916761207031,1.94292895431067,1.99575340285435,1.92795428112492,2.01124388117699,20933,1063038,Aggregated from values for merged CCGs,,Higher 99.8,Not compared,20180000,New data,,1y
253,COPD: QOF prevalence,E54000030,NHS South East London Integrated Care Board - QKK,E38000244,South East London ICB - 72Q ,ICB sub-locations,Persons,All ages,,,2018/19,1.33155042578647,1.31571581615038,1.34757300228851,1.3066691823224,1.35689893734609,26488,1989260,Aggregated from values for merged CCGs,,Lower 99.8,Similar,20180000,New data,,1y
253,COPD: QOF prevalence,E54000031,NHS South West London Integrated Care Board - QWE,E38000245,South West London ICB - 36L ,ICB sub-locations,Persons,All ages,,,2018/19,1.1210976391484,1.10531789153791,1.13710007147868,1.0963184206428,1.1464304308105,18906,1686383,Aggregated from values for merged CCGs,,Lower 99.8,Similar,20180000,New data,,1y
253,COPD: QOF prevalence,E54000050,NHS North East and North Cumbria Integrated Care Board - QHM,E38000247,North East and North Cumbria ICB - 16C ,ICB sub-locations,Persons,All ages,,,2018/19,3.0253942811184,2.98570086363645,3.06559872780063,2.96304119683712,3.08901772970127,21366,706222,Aggregated from values for merged CCGs,,Higher 99.8,Not compared,20180000,New data,,1y
253,COPD: QOF prevalence,E54000053,NHS Sussex Integrated Care Board - QNX,E38000248,Sussex ICB - 70F ,ICB sub-locations,Persons,All ages,,,2018/19,1.82119112970954,1.79371896433613,1.84907612989617,1.77806238254021,1.86534614212747,16329,896611,Aggregated from values for merged CCGs,,Lower 99.8,Not compared,20180000,New data,,1y
253,COPD: QOF prevalence,,,E92000001,England,England,Persons,All ages,,,2019/20,1.93814081767908,1.93466679890244,1.94161955620959,1.93266687084481,1.94362905049655,1170786,60407685,,,Not compared,Not compared,20190000,New data,,1y
253,COPD: QOF prevalence,,,E92000001,England,England,Persons,All ages,"County & UA deprivation deciles in England (IMD2019, 4/23 geography)",Most deprived decile (IMD2019),2019/20,2.27138865014987,2.25953120372928,2.28330686781059,2.25272081947903,2.29020755274555,137056,6034018,Aggregated from all known lower geography values,,Higher 99.8,Not compared,20190000,New data,,1y
253,COPD: QOF prevalence,,,E92000001,England,England,Persons,All ages,"County & UA deprivation deciles in England (IMD2019, 4/23 geography)",Second most deprived decile (IMD2019),2019/20,2.45248029670839,2.43696949050484,2.46808732854847,2.42806833802014,2.47713146367989,93104,3796320,Aggregated from all known lower geography values,,Higher 99.8,Not compared,20190000,New data,,1y
253,COPD: QOF prevalence,,,E92000001,England,England,Persons,All ages,"County & UA deprivation deciles in England (IMD2019, 4/23 geography)",Third more deprived decile (IMD2019),2019/20,2.02862979634999,2.01663176458764,2.04069772419706,2.00974442962664,2.04768891853058,106969,5272968,Aggregated from all known lower geography values,,Higher 99.8,Not compared,20190000,New data,,1y
253,COPD: QOF prevalence,,,E92000001,England,England,Persons,All ages,"County & UA deprivation deciles in England (IMD2019, 4/23 geography)",Fourth more deprived decile (IMD2019),2019/20,1.82400471185879,1.81278646391948,1.83529108516715,1.80634800538601,1.84183077195234,99100,5433100,Aggregated from all known lower geography values,,Lower 99.8,Not compared,20190000,New data,,1y
253,COPD: QOF prevalence,,,E92000001,England,England,Persons,All ages,"County & UA deprivation deciles in England (IMD2019, 4/23 geography)",Fifth more deprived decile (IMD2019),2019/20,1.97283938706698,1.9613303203779,1.98441462185689,1.95472327293027,1.99111998923386,110016,5576531,Aggregated from all known lower geography values,,Higher 99.8,Not compared,20190000,New data,,1y
253,COPD: QOF prevalence,,,E92000001,England,England,Persons,All ages,"County & UA deprivation deciles in England (IMD2019, 4/23 geography)",Fifth less deprived decile (IMD2019),2019/20,1.98609278128551,1.97459505090924,1.99765609662797,1.96799427751347,2.00435432346813,111709,5624561,Aggregated from all known lower geography values,,Higher 99.8,Not compared,20190000,New data,,1y
253,COPD: QOF prevalence,,,E92000001,England,England,Persons,All ages,"County & UA deprivation deciles in England (IMD2019, 4/23 geography)",Fourth less deprived decile (IMD2019),2019/20,2.06258722502679,2.05276325520962,2.07245721492338,2.04711885095211,2.07817000097284,165069,8003007,Aggregated from all known lower geography values,,Higher 99.8,Not compared,20190000,New data,,1y
253,COPD: QOF prevalence,,,E92000001,England,England,Persons,All ages,"County & UA deprivation deciles in England (IMD2019, 4/23 geography)",Third less deprived decile (IMD2019),2019/20,1.79984829147598,1.79024306595014,1.80950410257428,1.78472686783867,1.81509546639061,131760,7320617,Aggregated from all known lower geography values,,Lower 99.8,Not compared,20190000,New data,,1y
253,COPD: QOF prevalence,,,E92000001,England,England,Persons,All ages,"County & UA deprivation deciles in England (IMD2019, 4/23 geography)",Second least deprived decile (IMD2019),2019/20,1.75376559270209,1.74502702780071,1.76254713268988,1.74000716877046,1.76763084892568,151267,8625269,Aggregated from all known lower geography values,,Lower 99.8,Not compared,20190000,New data,,1y
253,COPD: QOF prevalence,,,E92000001,England,England,Persons,All ages,"County & UA deprivation deciles in England (IMD2019, 4/23 geography)",Least deprived decile (IMD2019),2019/20,1.37114951960204,1.36069934255773,1.38167882985632,1.35470876466877,1.38778699264042,64736,4721294,Aggregated from all known lower geography values,,Lower 99.8,Not compared,20190000,New data,,1y
253,COPD: QOF prevalence,,,E92000001,England,England,Persons,All ages,"District & UA deprivation deciles in England (IMD2019, 4/23 geography)",Most deprived decile (IMD2019),2019/20,2.32747167933697,2.31741943879907,2.33756647990844,2.31164183287857,2.34340732630225,200298,8605819,Aggregated from all known lower geography values,,Higher 99.8,Not compared,20190000,New data,,1y
253,COPD: QOF prevalence,,,E92000001,England,England,Persons,All ages,"District & UA deprivation deciles in England (IMD2019, 4/23 geography)",Second most deprived decile (IMD2019),2019/20,2.21628558370821,2.20635729634773,2.22625752988072,2.2006516676496,2.23202803173879,186363,8408799,Aggregated from all known lower geography values,,Higher 99.8,Not compared,20190000,New data,,1y
253,COPD: QOF prevalence,,,E92000001,England,England,Persons,All ages,"District & UA deprivation deciles in England (IMD2019, 4/23 geography)",Third more deprived decile (IMD2019),2019/20,1.89744952105737,1.88803534535233,1.90690972564146,1.88262726138059,1.91238620448089,152347,8029041,Aggregated from all known lower geography values,,Lower 99.8,Not compared,20190000,New data,,1y
253,COPD: QOF prevalence,,,E92000001,England,England,Persons,All ages,"District & UA deprivation deciles in England (IMD2019, 4/23 geography)",Fourth more deprived decile (IMD2019),2019/20,1.95375739081653,1.94259407590754,1.964983571321,1.93618492153784,1.97148613839801,114721,5871814,Aggregated from all known lower geography values,,Similar,Not compared,20190000,New data,,1y
253,COPD: QOF prevalence,,,E92000001,England,England,Persons,All ages,"District & UA deprivation deciles in England (IMD2019, 4/23 geography)",Fifth more deprived decile (IMD2019),2019/20,1.98732543869687,1.97521146714917,1.9995121897587,1.96825857485475,2.00657322593766,100726,5068420,Aggregated from all known lower geography values,,Higher 99.8,Not compared,20190000,New data,,1y
253,COPD: QOF prevalence,,,E92000001,England,England,Persons,All ages,"District & UA deprivation deciles in England (IMD2019, 4/23 geography)",Fifth less deprived decile (IMD2019),2019/20,1.77019482162951,1.760122178152,1.78032406316688,1.75433914967584,1.78619119136161,115894,6546963,Aggregated from all known lower geography values,,Lower 99.8,Not compared,20190000,New data,,1y
253,COPD: QOF prevalence,,,E92000001,England,England,Persons,All ages,"District & UA deprivation deciles in England (IMD2019, 4/23 geography)",Fourth less deprived decile (IMD2019),2019/20,1.87040129848691,1.85910052331583,1.88176944969995,1.85261413595149,1.88835595188425,102652,5488234,Aggregated from all known lower geography values,,Lower 99.8,Not compared,20190000,New data,,1y
253,COPD: QOF prevalence,,,E92000001,England,England,Persons,All ages,"District & UA deprivation deciles in England (IMD2019, 4/23 geography)",Third less deprived decile (IMD2019),2019/20,1.77799114645678,1.76546059193748,1.79060901685716,1.75827402646333,1.79792532591665,75441,4243047,Aggregated from all known lower geography values,,Lower 99.8,Not compared,20190000,New data,,1y
253,COPD: QOF prevalence,,,E92000001,England,England,Persons,All ages,"District & UA deprivation deciles in England (IMD2019, 4/23 geography)",Second least deprived decile (IMD2019),2019/20,1.64167004969588,1.62921441079344,1.65421931288144,1.62207388849276,1.66149895246667,65147,3968337,Aggregated from all known lower geography values,,Lower 99.8,Not compared,20190000,New data,,1y
253,COPD: QOF prevalence,,,E92000001,England,England,Persons,All ages,"District & UA deprivation deciles in England (IMD2019, 4/23 geography)",Least deprived decile (IMD2019),2019/20,1.36926288856369,1.35816318355788,1.38045203736456,1.35180269106067,1.38694543533215,57197,4177211,Aggregated from all known lower geography values,,Lower 99.8,Not compared,20190000,New data,,1y
253,COPD: QOF prevalence,,,E92000001,England,England,Persons,All ages,"County & UA deprivation deciles in England (IMD2025, 4/23 geography)",Most deprived decile (IMD2025),2019/20,2.53749568418676,2.52203438617306,2.55304928495572,2.51316001318883,2.56206081155119,100246,3950588,Aggregated from all known lower geography values,,Higher 99.8,Not compared,20190000,New data,,1y
253,COPD: QOF prevalence,,,E92000001,England,England,Persons,All ages,"County & UA deprivation deciles in England (IMD2025, 4/23 geography)",Second most deprived decile (IMD2025),2019/20,1.74362138383604,1.73276797374299,1.7545415618285,1.72653929245502,1.76086945429255,96820,5552811,Aggregated from all known lower geography values,,Lower 99.8,Not compared,20190000,New data,,1y
253,COPD: QOF prevalence,,,E92000001,England,England,Persons,All ages,"County & UA deprivation deciles in England (IMD2025, 4/23 geography)",Third more deprived decile (IMD2025),2019/20,2.00059235840766,1.98802202753484,2.01324053927634,1.98080825602406,2.02056998894129,94768,4736997,Aggregated from all known lower geography values,,Higher 99.8,Not compared,20190000,New data,,1y
253,COPD: QOF prevalence,,,E92000001,England,England,Persons,All ages,"County & UA deprivation deciles in England (IMD2025, 4/23 geography)",Fourth more deprived decile (IMD2025),2019/20,2.29787349219762,2.28440778824996,2.31141669370118,2.2766775258538,2.31926211055677,108668,4729068,Aggregated from all known lower geography values,,Higher 99.8,Not compared,20190000,New data,,1y
253,COPD: QOF prevalence,,,E92000001,England,England,Persons,All ages,"County & UA deprivation deciles in England (IMD2025, 4/23 geography)",Fifth more deprived decile (IMD2025),2019/20,1.75792838157695,1.74702531205354,1.76889827138195,1.74076801748025,1.77525485496642,97509,5546813,Aggregated from all known lower geography values,,Lower 99.8,Not compared,20190000,New data,,1y
253,COPD: QOF prevalence,,,E92000001,England,England,Persons,All ages,"County & UA deprivation deciles in England (IMD2025, 4/23 geography)",Fifth less deprived decile (IMD2025),2019/20,1.96931579528525,1.95930472641255,1.97937698300504,1.95355427987726,1.98520190173296,144997,7362811,Aggregated from all known lower geography values,,Higher 99.8,Not compared,20190000,New data,,1y
253,COPD: QOF prevalence,,,E92000001,England,England,Persons,All ages,"County & UA deprivation deciles in England (IMD2025, 4/23 geography)",Fourth less deprived decile (IMD2025),2019/20,1.78754952894862,1.77804157001895,1.79710740080904,1.77258115877098,1.80264197827684,132657,7421165,Aggregated from all known lower geography values,,Lower 99.8,Not compared,20190000,New data,,1y
253,COPD: QOF prevalence,,,E92000001,England,England,Persons,All ages,"County & UA deprivation deciles in England (IMD2025, 4/23 geography)",Third less deprived decile (IMD2025),2019/20,2.02347316136952,2.01206657724543,2.03494306751704,2.00551734333365,2.04158639234631,117787,5821031,Aggregated from all known lower geography values,,Higher 99.8,Not compared,20190000,New data,,1y
253,COPD: QOF prevalence,,,E92000001,England,England,Persons,All ages,"County & UA deprivation deciles in England (IMD2025, 4/23 geography)",Second least deprived decile (IMD2025),2019/20,1.85404125055887,1.84549240793063,1.86262894236144,1.84058009151061,1.86759898524991,176532,9521471,Aggregated from all known lower geography values,,Lower 99.8,Not compared,20190000,New data,,1y
253,COPD: QOF prevalence,,,E92000001,England,England,Persons,All ages,"County & UA deprivation deciles in England (IMD2025, 4/23 geography)",Least deprived decile (IMD2025),2019/20,1.74853814356809,1.73787088283367,1.75926970894466,1.73174843623687,1.7654877065418,100802,5764930,Aggregated from all known lower geography values,,Lower 99.8,Not compared,20190000,New data,,1y
253,COPD: QOF prevalence,,,E92000001,England,England,Persons,All ages,"District & UA deprivation deciles in England (IMD2025, 4/23 geography)",Most deprived decile (IMD2025),2019/20,2.22065371307173,2.21113015860322,2.23021735092817,2.20565631121989,2.23575075871082,203368,9158024,Aggregated from all known lower geography values,,Higher 99.8,Not compared,20190000,New data,,1y
253,COPD: QOF prevalence,,,E92000001,England,England,Persons,All ages,"District & UA deprivation deciles in England (IMD2025, 4/23 geography)",Second most deprived decile (IMD2025),2019/20,2.23592121108097,2.22573538639811,2.24615257916909,2.21988209530533,2.25207354375851,180160,8057529,Aggregated from all known lower geography values,,Higher 99.8,Not compared,20190000,New data,,1y
253,COPD: QOF prevalence,,,E92000001,England,England,Persons,All ages,"District & UA deprivation deciles in England (IMD2025, 4/23 geography)",Third more deprived decile (IMD2025),2019/20,2.08527777923702,2.07460621910457,2.09600305782983,2.0684765133584,2.1022125844692,142901,6852852,Aggregated from all known lower geography values,,Higher 99.8,Not compared,20190000,New data,,1y
253,COPD: QOF prevalence,,,E92000001,England,England,Persons,All ages,"District & UA deprivation deciles in England (IMD2025, 4/23 geography)",Fourth more deprived decile (IMD2025),2019/20,1.84066353740014,1.8305597358934,1.85082205557383,1.82475789008279,1.85670520552308,124469,6762181,Aggregated from all known lower geography values,,Lower 99.8,Not compared,20190000,New data,,1y
253,COPD: QOF prevalence,,,E92000001,England,England,Persons,All ages,"District & UA deprivation deciles in England (IMD2025, 4/23 geography)",Fifth more deprived decile (IMD2025),2019/20,1.81184357227936,1.80063771254275,1.82311787443544,1.79420654092188,1.82965074541606,98008,5409297,Aggregated from all known lower geography values,,Lower 99.8,Not compared,20190000,New data,,1y
253,COPD: QOF prevalence,,,E92000001,England,England,Persons,All ages,"District & UA deprivation deciles in England (IMD2025, 4/23 geography)",Fifth less deprived decile (IMD2025),2019/20,1.94291868982685,1.93215114366068,1.95374504622065,1.92596838556158,1.9600151911188,121979,6278132,Aggregated from all known lower geography values,,Similar,Not compared,20190000,New data,,1y
253,COPD: QOF prevalence,,,E92000001,England,England,Persons,All ages,"District & UA deprivation deciles in England (IMD2025, 4/23 geography)",Fourth less deprived decile (IMD2025),2019/20,1.96230907034714,1.95007957872191,1.97461371197631,1.9430611394839,1.98174381742912,96371,4911102,Aggregated from all known lower geography values,,Higher 99.8,Not compared,20190000,New data,,1y
253,COPD: QOF prevalence,,,E92000001,England,England,Persons,All ages,"District & UA deprivation deciles in England (IMD2025, 4/23 geography)",Third less deprived decile (IMD2025),2019/20,1.73187835784669,1.72011716221384,1.74371854315469,1.71337050464995,1.75058257233244,81308,4694787,Aggregated from all known lower geography values,,Lower 99.8,Not compared,20190000,New data,,1y
253,COPD: QOF prevalence,,,E92000001,England,England,Persons,All ages,"District & UA deprivation deciles in England (IMD2025, 4/23 geography)",Second least deprived decile (IMD2025),2019/20,1.55179312759466,1.54067996316976,1.56298518049502,1.53430695575719,1.56947540914891,73219,4718348,Aggregated from all known lower geography values,,Lower 99.8,Not compared,20190000,New data,,1y
253,COPD: QOF prevalence,,,E92000001,England,England,Persons,All ages,"District & UA deprivation deciles in England (IMD2025, 4/23 geography)",Least deprived decile (IMD2025),2019/20,1.37439127309362,1.36235868574672,1.38652864046156,1.35546713992135,1.39357587995478,49003,3565433,Aggregated from all known lower geography values,,Lower 99.8,Not compared,20190000,New data,,1y
253,COPD: QOF prevalence,E92000001,England,E54000008,NHS Cheshire and Merseyside Integrated Care Board - QYG,ICBs,Persons,All ages,,,2019/20,2.57779533645125,2.55886544459107,2.59686153513471,2.54801070311773,2.60791881608173,68903,2672943,,,Higher 99.8,Not compared,20190000,New data,,1y
253,COPD: QOF prevalence,E92000001,England,E54000010,NHS Staffordshire and Stoke-on-Trent Integrated Care Board - QNC,ICBs,Persons,All ages,,,2019/20,2.31796615605598,2.2907389997148,2.34550915925507,2.27518032187806,2.36153715444998,26885,1159853,,,Higher 99.8,Not compared,20190000,New data,,1y
253,COPD: QOF prevalence,E92000001,England,E54000011,"NHS Shropshire, Telford and Wrekin Integrated Care Board - QOC",ICBs,Persons,All ages,,,2019/20,1.9779917198517,1.94007929090501,2.01662978548887,1.91854221066314,2.03924507909203,10057,508445,,,Similar,Not compared,20190000,New data,,1y
253,COPD: QOF prevalence,E92000001,England,E54000013,NHS Lincolnshire Integrated Care Board - QJM,ICBs,Persons,All ages,,,2019/20,2.32941320822988,2.29656206130489,2.36272291016836,2.27782431225063,2.38214202432384,18605,798699,,,Higher 99.8,Not compared,20190000,New data,,1y
253,COPD: QOF prevalence,E92000001,England,E54000015,"NHS Leicester, Leicestershire and Rutland Integrated Care Board - QK1",ICBs,Persons,All ages,,,2019/20,1.68109759404205,1.65787880274531,1.7046359306765,1.6446331147108,1.71835643165268,19530,1161741,,,Lower 99.8,Not compared,20190000,New data,,1y
253,COPD: QOF prevalence,E92000001,England,E54000018,NHS Coventry and Warwickshire Integrated Care Board - QWU,ICBs,Persons,All ages,,,2019/20,1.63432722100879,1.60994697786873,1.65907044097294,1.5960509757526,1.67350579034991,16731,1023724,,,Lower 99.8,Not compared,20190000,New data,,1y
253,COPD: QOF prevalence,E92000001,England,E54000019,NHS Herefordshire and Worcestershire Integrated Care Board - QGH,ICBs,Persons,All ages,,,2019/20,2.18145131156117,2.14972637262157,2.21363384486775,2.13163758151312,2.23240257369865,17514,802860,,,Higher 99.8,Not compared,20190000,New data,,1y
253,COPD: QOF prevalence,E92000001,England,E54000022,NHS Norfolk and Waveney Integrated Care Board - QMM,ICBs,Persons,All ages,,,2019/20,2.31402077276485,2.28566401906187,2.34272089578331,2.26946630959307,2.35942881790892,24690,1066974,,,Higher 99.8,Not compared,20190000,New data,,1y
253,COPD: QOF prevalence,E92000001,England,E54000023,NHS Suffolk and North East Essex Integrated Care Board - QJG,ICBs,Persons,All ages,,,2019/20,2.08649641870018,2.05908156976698,2.11426839266895,2.04343314645311,2.13044746810497,21507,1030771,,,Higher 99.8,Not compared,20190000,New data,,1y
253,COPD: QOF prevalence,E92000001,England,E54000024,"NHS Bedfordshire, Luton and Milton Keynes Integrated Care Board - QHG",ICBs,Persons,All ages,,,2019/20,1.56739510102381,1.54368619965465,1.59146225262779,1.53017518993411,1.60550558644162,16280,1038666,,,Lower 99.8,Not compared,20190000,New data,,1y
253,COPD: QOF prevalence,E92000001,England,E54000025,NHS Hertfordshire and West Essex Integrated Care Board - QM7,ICBs,Persons,All ages,,,2019/20,1.54895451074424,1.52987533673949,1.56826783288544,1.51897845961971,1.57951263187541,24625,1589782,,,Lower 99.8,Not compared,20190000,New data,,1y
253,COPD: QOF prevalence,E92000001,England,E54000026,NHS Mid and South Essex Integrated Care Board - QH8,ICBs,Persons,All ages,,,2019/20,1.92157397273422,1.89755814030391,1.94588772489882,1.88384318553557,1.96004535931853,23825,1239869,,,Similar,Not compared,20190000,New data,,1y
253,COPD: QOF prevalence,E92000001,England,E54000027,NHS North West London Integrated Care Board - QRV,ICBs,Persons,All ages,,,2019/20,0.980283854299981,0.968375944339727,0.992336725981162,0.961574322243634,0.999353747915092,25468,2598023,,,Lower 99.8,Not compared,20190000,New data,,1y
253,COPD: QOF prevalence,E92000001,England,E54000028,NHS North Central London Integrated Care Board - QMJ,ICBs,Persons,All ages,,,2019/20,1.22369915407758,1.20718983027787,1.24043142174313,1.19776978675076,1.25018273876735,20569,1680887,,,Lower 99.8,Not compared,20190000,New data,,1y
253,COPD: QOF prevalence,E92000001,England,E54000029,NHS North East London Integrated Care Board - QMF,ICBs,Persons,All ages,,,2019/20,1.12840885022041,1.11472528566685,1.14225844407926,1.10690919393204,1.15032124001741,25519,2261503,,,Lower 99.8,Not compared,20190000,New data,,1y
253,COPD: QOF prevalence,E92000001,England,E54000030,NHS South East London Integrated Care Board - QKK,ICBs,Persons,All ages,,,2019/20,1.31745358384642,1.30181366169387,1.33327886497963,1.29287812338578,1.34248982946175,26584,2017832,,,Lower 99.8,Not compared,20190000,New data,,1y
253,COPD: QOF prevalence,E92000001,England,E54000031,NHS South West London Integrated Care Board - QWE,ICBs,Persons,All ages,,,2019/20,1.11123108575431,1.09564379569564,1.12703760307167,1.08675375508541,1.13625339468738,19039,1713325,,,Lower 99.8,Not compared,20190000,New data,,1y
253,COPD: QOF prevalence,E92000001,England,E54000032,NHS Kent and Medway Integrated Care Board - QKS,ICBs,Persons,All ages,,,2019/20,2.05428897531061,2.03429141226905,2.07447895639237,2.02284623905794,2.08621004480915,39327,1914385,,,Higher 99.8,Not compared,20190000,New data,,1y
253,COPD: QOF prevalence,E92000001,England,E54000034,NHS Frimley Integrated Care Board - QNQ,ICBs,Persons,All ages,,,2019/20,1.28834990287536,1.26390992764843,1.31325618327249,1.25002547313758,1.32783351885213,10340,802577,,,Lower 99.8,Not compared,20190000,New data,,1y
253,COPD: QOF prevalence,E92000001,England,E54000036,NHS Cornwall and the Isles of Scilly Integrated Care Board - QT6,ICBs,Persons,All ages,,,2019/20,2.34939450356124,2.31090785281103,2.3885064524062,2.28899505515085,2.41134837401409,13755,585470,,,Higher 99.8,Not compared,20190000,New data,,1y
253,COPD: QOF prevalence,E92000001,England,E54000037,NHS Devon Integrated Care Board - QJK,ICBs,Persons,All ages,,,2019/20,2.30850023250966,2.2822917539184,2.33500248203593,2.26731058608434,2.3504201648304,28793,1247260,,,Higher 99.8,Not compared,20190000,New data,,1y
253,COPD: QOF prevalence,E92000001,England,E54000038,NHS Somerset Integrated Care Board - QSL,ICBs,Persons,All ages,,,2019/20,2.33815875777716,2.2997123538787,2.37723226635572,2.27782356735977,2.40005286116844,13653,583921,,,Higher 99.8,Not compared,20190000,New data,,1y
253,COPD: QOF prevalence,E92000001,England,E54000039,"NHS Bristol, North Somerset and South Gloucestershire Integrated Care Board - QUY",ICBs,Persons,All ages,,,2019/20,1.80707125716584,1.78163913583953,1.83285963635449,1.76713360661227,1.84789452921139,18781,1039306,,,Lower 99.8,Not compared,20190000,New data,,1y
253,COPD: QOF prevalence,E92000001,England,E54000040,"NHS Bath and North East Somerset, Swindon and Wiltshire Integrated Care Board - QOX",ICBs,Persons,All ages,,,2019/20,1.73869302773161,1.71274162292387,1.76503058606853,1.69795001766007,1.78039597650507,16695,960204,,,Lower 99.8,Not compared,20190000,New data,,1y
253,COPD: QOF prevalence,E92000001,England,E54000041,NHS Dorset Integrated Care Board - QVV,ICBs,Persons,All ages,,,2019/20,2.19268815609804,2.16100744800537,2.22482274705043,2.14294250321326,2.24356211471371,17744,809235,,,Higher 99.8,Not compared,20190000,New data,,1y
253,COPD: QOF prevalence,E92000001,England,E54000042,NHS Hampshire and Isle of Wight Integrated Care Board - QRL,ICBs,Persons,All ages,,,2019/20,1.97248876447128,1.95280093536212,1.99237104973571,1.9415352850754,2.00392564366363,37429,1897552,,,Higher 99.8,Not compared,20190000,New data,,1y
253,COPD: QOF prevalence,E92000001,England,E54000043,NHS Gloucestershire Integrated Care Board - QR1,ICBs,Persons,All ages,,,2019/20,1.8569192908321,1.8246469343188,1.88975145829892,1.80628806937338,1.90894214207394,12269,660718,,,Lower 99.8,Not compared,20190000,New data,,1y
253,COPD: QOF prevalence,E92000001,England,E54000044,"NHS Buckinghamshire, Oxfordshire and Berkshire West Integrated Care Board - QU9",ICBs,Persons,All ages,,,2019/20,1.33466154317085,1.31844823608426,1.35107149984038,1.30918712085467,1.36062481794223,25376,1901306,,,Lower 99.8,Not compared,20190000,New data,,1y
253,COPD: QOF prevalence,E92000001,England,E54000048,NHS Lancashire and South Cumbria Integrated Care Board - QE1,ICBs,Persons,All ages,,,2019/20,2.5490182869115,2.52597514404113,2.5722660929602,2.51277923923787,2.58576610798539,45405,1781274,,,Higher 99.8,Not compared,20190000,New data,,1y
253,COPD: QOF prevalence,E92000001,England,E54000050,NHS North East and North Cumbria Integrated Care Board - QHM,ICBs,Persons,All ages,,,2019/20,2.92035225293424,2.90173136956992,2.93908901257598,2.89104560936441,2.94994695442082,91159,3121507,,,Higher 99.8,Not compared,20190000,New data,,1y
253,COPD: QOF prevalence,E92000001,England,E54000051,NHS Humber and North Yorkshire Integrated Care Board - QOQ,ICBs,Persons,All ages,,,2019/20,2.36529295322501,2.34292985167133,2.3878642897371,2.33012769941008,2.40097585952694,41570,1757499,,,Higher 99.8,Not compared,20190000,New data,,1y
253,COPD: QOF prevalence,E92000001,England,E54000052,NHS Surrey Heartlands Integrated Care Board - QXU,ICBs,Persons,All ages,,,2019/20,1.29514616947359,1.27422030856407,1.31641110267513,1.26230545887243,1.32882978022364,14293,1103582,,,Lower 99.8,Not compared,20190000,New data,,1y
253,COPD: QOF prevalence,E92000001,England,E54000053,NHS Sussex Integrated Care Board - QNX,ICBs,Persons,All ages,,,2019/20,1.93461351265667,1.91454754843765,1.9548855924524,1.9030690829847,1.96667032626409,34661,1791624,,,Similar,Not compared,20190000,New data,,1y
253,COPD: QOF prevalence,E92000001,England,E54000054,NHS West Yorkshire Integrated Care Board - QWO,ICBs,Persons,All ages,,,2019/20,2.21801242571458,2.2001559500445,2.23601051122342,2.18992259296309,2.24645428755115,57499,2592366,,,Higher 99.8,Not compared,20190000,New data,,1y
253,COPD: QOF prevalence,E54000061,NHS South Yorkshire Integrated Care Board - QF7,E38000006,South Yorkshire ICB - 02P ,ICB sub-locations,Persons,All ages,,,2019/20,3.2794088125116,3.21215058033311,3.34802662906901,3.17397547575659,3.38822188584043,8658,264011,,,Higher 99.8,Not compared,20190000,New data,,1y
253,COPD: QOF prevalence,E54000026,NHS Mid and South Essex Integrated Care Board - QH8,E38000007,Mid and South Essex ICB - 99E ,ICB sub-locations,Persons,All ages,,,2019/20,1.90791998000556,1.8582597628151,1.95888083009627,1.83020401232732,1.98886914406628,5420,284079,,,Similar,Similar,20190000,New data,,1y
253,COPD: QOF prevalence,E54000060,NHS Nottingham and Nottinghamshire Integrated Care Board - QT1,E38000008,Nottingham and Nottinghamshire ICB - 02Q ,ICB sub-locations,Persons,All ages,,,2019/20,2.70532776247373,2.61482593045801,2.79887193177762,2.56399244305725,2.85422570887067,3231,119431,,,Higher 99.8,Not compared,20190000,New data,,1y
253,COPD: QOF prevalence,E54000048,NHS Lancashire and South Cumbria Integrated Care Board - QE1,E38000014,Lancashire and South Cumbria ICB - 00Q ,ICB sub-locations,Persons,All ages,,,2019/20,2.16457489765173,2.0980983984364,2.23310960642969,2.060681800287,2.27358436312928,3865,178557,,,Higher 99.8,Lower 99.8,20190000,New data,,1y
253,COPD: QOF prevalence,E54000048,NHS Lancashire and South Cumbria Integrated Care Board - QE1,E38000015,Lancashire and South Cumbria ICB - 00R ,ICB sub-locations,Persons,All ages,,,2019/20,3.7641147147869,3.67588516232053,3.85437723653229,3.62591799064556,3.90736506033698,6577,174729,,,Higher 99.8,Higher 99.8,20190000,New data,,1y
253,COPD: QOF prevalence,E54000057,NHS Greater Manchester Integrated Care Board - QOP,E38000016,Greater Manchester ICB - 00T ,ICB sub-locations,Persons,All ages,,,2019/20,2.30072211753696,2.2490490850039,2.3535537793515,2.21977030632203,2.38455412935768,7277,316292,,,Higher 99.8,Not compared,20190000,New data,,1y
253,COPD: QOF prevalence,E54000053,NHS Sussex Integrated Care Board - QNX,E38000021,Sussex ICB - 09D ,ICB sub-locations,Persons,All ages,,,2019/20,1.48097726101994,1.44008947368648,1.52300801713047,1.41702131635422,1.54777447787674,4830,326136,,,Lower 99.8,Lower 99.8,20190000,New data,,1y
253,COPD: QOF prevalence,E54000057,NHS Greater Manchester Integrated Care Board - QOP,E38000024,Greater Manchester ICB - 00V ,ICB sub-locations,Persons,All ages,,,2019/20,2.15800582487696,2.09629748962298,2.22148944005531,2.06150527454378,2.25891944650677,4468,207043,,,Higher 99.8,Not compared,20190000,New data,,1y
253,COPD: QOF prevalence,E54000054,NHS West Yorkshire Integrated Care Board - QWO,E38000025,West Yorkshire ICB - 02T ,ICB sub-locations,Persons,All ages,,,2019/20,2.29661539569576,2.23514496893544,2.35973556312003,2.20043473732545,2.39689706186897,5102,222153,,,Higher 99.8,Similar,20190000,New data,,1y
253,COPD: QOF prevalence,E54000010,NHS Staffordshire and Stoke-on-Trent Integrated Care Board - QNC,E38000028,Staffordshire and Stoke-on-Trent ICB - 04Y ,ICB sub-locations,Persons,All ages,,,2019/20,2.67510917678112,2.5903348092547,2.7625792868431,2.54265084520472,2.81426860848142,3608,134873,,,Higher 99.8,Higher 99.8,20190000,New data,,1y
253,COPD: QOF prevalence,E54000026,NHS Mid and South Essex Integrated Care Board - QH8,E38000030,Mid and South Essex ICB - 99F ,ICB sub-locations,Persons,All ages,,,2019/20,2.32668183015814,2.25914613581001,2.39618696421886,2.22108012978564,2.43717923773787,4327,185973,,,Higher 99.8,Higher 99.8,20190000,New data,,1y
253,COPD: QOF prevalence,E54000048,NHS Lancashire and South Cumbria Integrated Care Board - QE1,E38000034,Lancashire and South Cumbria ICB - 00X ,ICB sub-locations,Persons,All ages,,,2019/20,2.39027148091371,2.32145800848733,2.46107335253111,2.28266379414466,2.50282200340861,4397,183954,,,Higher 99.8,Lower 99.8,20190000,New data,,1y
253,COPD: QOF prevalence,E54000061,NHS South Yorkshire Integrated Care Board - QF7,E38000044,South Yorkshire ICB - 02X ,ICB sub-locations,Persons,All ages,,,2019/20,2.86892798348854,2.8121426856099,2.92682540903757,2.7798958926422,2.96072467945257,9341,325592,,,Higher 99.8,Not compared,20190000,New data,,1y
253,COPD: QOF prevalence,E54000041,NHS Dorset Integrated Care Board - QVV,E38000045,Dorset ICB - 11J ,ICB sub-locations,Persons,All ages,,,2019/20,2.19268815609804,2.16100744800537,2.22482274705043,2.14294250321326,2.24356211471371,17744,809235,,,Higher 99.8,Similar,20190000,New data,,1y
253,COPD: QOF prevalence,E54000025,NHS Hertfordshire and West Essex Integrated Care Board - QM7,E38000049,Hertfordshire and West Essex ICB - 06K ,ICB sub-locations,Persons,All ages,,,2019/20,1.58947067952373,1.55837782220769,1.62117368715111,1.54072138987917,1.63973673607792,9689,609574,,,Lower 99.8,Similar,20190000,New data,,1y
253,COPD: QOF prevalence,E54000048,NHS Lancashire and South Cumbria Integrated Care Board - QE1,E38000050,Lancashire and South Cumbria ICB - 01A ,ICB sub-locations,Persons,All ages,,,2019/20,2.62584219973466,2.57576530407128,2.67686591810174,2.54731287825859,2.70672520593881,10094,384410,,,Higher 99.8,Similar,20190000,New data,,1y
253,COPD: QOF prevalence,E54000015,"NHS Leicester, Leicestershire and Rutland Integrated Care Board - QK1",E38000051,"Leicester, Leicestershire and Rutland ICB - 03W ",ICB sub-locations,Persons,All ages,,,2019/20,1.82214293982684,1.77752558073834,1.86785893412633,1.75228794064243,1.89472900523367,6139,336911,,,Lower 99.8,Higher 99.8,20190000,New data,,1y
253,COPD: QOF prevalence,E54000051,NHS Humber and North Yorkshire Integrated Care Board - QOQ,E38000052,Humber and North Yorkshire ICB - 02Y ,ICB sub-locations,Persons,All ages,,,2019/20,2.55487761201805,2.49966663757523,2.61127538981551,2.46836061854002,2.64434484156997,7847,307138,,,Higher 99.8,Higher 99.8,20190000,New data,,1y
253,COPD: QOF prevalence,E54000010,NHS Staffordshire and Stoke-on-Trent Integrated Care Board - QNC,E38000053,Staffordshire and Stoke-on-Trent ICB - 05D ,ICB sub-locations,Persons,All ages,,,2019/20,1.8310662661782,1.76343472401723,1.90124142455451,1.72556398194664,1.94289151313458,2664,145489,,,Similar,Lower 99.8,20190000,New data,,1y
253,COPD: QOF prevalence,E54000043,NHS Gloucestershire Integrated Care Board - QR1,E38000062,Gloucestershire ICB - 11M ,ICB sub-locations,Persons,All ages,,,2019/20,1.8569192908321,1.8246469343188,1.88975145829892,1.80628806937338,1.90894214207394,12269,660718,,,Lower 99.8,Similar,20190000,New data,,1y
253,COPD: QOF prevalence,E54000008,NHS Cheshire and Merseyside Integrated Care Board - QYG,E38000068,Cheshire and Merseyside ICB - 01F ,ICB sub-locations,Persons,All ages,,,2019/20,2.89014308306913,2.8015965396606,2.98140236401819,2.75174586644606,3.03528364303666,3856,133419,,,Higher 99.8,Higher 99.8,20190000,New data,,1y
253,COPD: QOF prevalence,E54000025,NHS Hertfordshire and West Essex Integrated Care Board - QM7,E38000079,Hertfordshire and West Essex ICB - 06N ,ICB sub-locations,Persons,All ages,,,2019/20,1.44873772971532,1.42020119113211,1.47783906581861,1.40399851001474,1.49488097526161,9568,660437,,,Lower 99.8,Lower 99.8,20190000,New data,,1y
253,COPD: QOF prevalence,E54000057,NHS Greater Manchester Integrated Care Board - QOP,E38000080,Greater Manchester ICB - 01D ,ICB sub-locations,Persons,All ages,,,2019/20,2.54214184153241,2.47972169621821,2.60609125205841,2.44441090511539,2.6436743085159,6061,238421,,,Higher 99.8,Not compared,20190000,New data,,1y
253,COPD: QOF prevalence,E54000051,NHS Humber and North Yorkshire Integrated Care Board - QOQ,E38000085,Humber and North Yorkshire ICB - 03F ,ICB sub-locations,Persons,All ages,,,2019/20,2.87706400221744,2.81814387319865,2.93717876795582,2.78470286199563,2.97239485047761,8719,303052,,,Higher 99.8,Higher 99.8,20190000,New data,,1y
253,COPD: QOF prevalence,E54000023,NHS Suffolk and North East Essex Integrated Care Board - QJG,E38000086,Suffolk and North East Essex ICB - 06L ,ICB sub-locations,Persons,All ages,,,2019/20,1.85165486062423,1.81101664052645,1.8931873977077,1.78798277230667,1.91755011324807,7659,413630,,,Lower 99.8,Lower 99.8,20190000,New data,,1y
253,COPD: QOF prevalence,E54000036,NHS Cornwall and the Isles of Scilly Integrated Care Board - QT6,E38000089,Cornwall and The Isles Of Scilly ICB - 11N ,ICB sub-locations,Persons,All ages,,,2019/20,2.34939450356124,2.31090785281103,2.3885064524062,2.28899505515085,2.41134837401409,13755,585470,,,Higher 99.8,Similar,20190000,New data,,1y
253,COPD: QOF prevalence,E54000008,NHS Cheshire and Merseyside Integrated Care Board - QYG,E38000091,Cheshire and Merseyside ICB - 01J ,ICB sub-locations,Persons,All ages,,,2019/20,3.5944365719185,3.50646611565576,3.68452976397508,3.45668798898177,3.73746191384422,6037,167954,,,Higher 99.8,Higher 99.8,20190000,New data,,1y
253,COPD: QOF prevalence,E54000015,"NHS Leicester, Leicestershire and Rutland Integrated Care Board - QK1",E38000097,"Leicester, Leicestershire and Rutland ICB - 04C ",ICB sub-locations,Persons,All ages,,,2019/20,1.37790439474256,1.34322673645108,1.41346448863005,1.32362392677088,1.43437849201008,5833,423324,,,Lower 99.8,Lower 99.8,20190000,New data,,1y
253,COPD: QOF prevalence,E54000008,NHS Cheshire and Merseyside Integrated Care Board - QYG,E38000101,Cheshire and Merseyside ICB - 99A ,ICB sub-locations,Persons,All ages,,,2019/20,3.1179095103773,3.07234100782955,3.16413181502217,3.04635751916244,3.19108678044431,17177,550914,,,Higher 99.8,Higher 99.8,20190000,New data,,1y
253,COPD: QOF prevalence,E54000026,NHS Mid and South Essex Integrated Care Board - QH8,E38000106,Mid and South Essex ICB - 06Q ,ICB sub-locations,Persons,All ages,,,2019/20,1.60957200359804,1.5709396428512,1.64913848919231,1.54907976636845,1.67238636142442,6406,397994,,,Lower 99.8,Lower 99.8,20190000,New data,,1y
253,COPD: QOF prevalence,E54000023,NHS Suffolk and North East Essex Integrated Care Board - QJG,E38000117,Suffolk and North East Essex ICB - 06T ,ICB sub-locations,Persons,All ages,,,2019/20,2.22083211699126,2.17318200328399,2.26950278894084,2.14616143942642,2.29803977417001,7988,359685,,,Higher 99.8,Higher 99.8,20190000,New data,,1y
253,COPD: QOF prevalence,E54000051,NHS Humber and North Yorkshire Integrated Care Board - QOQ,E38000119,Humber and North Yorkshire ICB - 03H ,ICB sub-locations,Persons,All ages,,,2019/20,2.7489169865812,2.67233433936903,2.82763054630376,2.62912439319333,2.8740066674205,4683,170358,,,Higher 99.8,Higher 99.8,20190000,New data,,1y
253,COPD: QOF prevalence,E54000051,NHS Humber and North Yorkshire Integrated Care Board - QOQ,E38000122,Humber and North Yorkshire ICB - 03K ,ICB sub-locations,Persons,All ages,,,2019/20,2.45681445353356,2.3866256814857,2.5290139416241,2.3470485175774,2.57157869930474,4463,181658,,,Higher 99.8,Similar,20190000,New data,,1y
253,COPD: QOF prevalence,E54000010,NHS Staffordshire and Stoke-on-Trent Integrated Care Board - QNC,E38000126,Staffordshire and Stoke-on-Trent ICB - 05G ,ICB sub-locations,Persons,All ages,,,2019/20,2.61223291798708,2.54611673394776,2.68001875682178,2.50873716774119,2.7198791775731,5696,218051,,,Higher 99.8,Higher 99.8,20190000,New data,,1y
253,COPD: QOF prevalence,E54000050,NHS North East and North Cumbria Integrated Care Board - QHM,E38000127,North East and North Cumbria ICB - 99C ,ICB sub-locations,Persons,All ages,,,2019/20,2.65221776008932,2.58620920629108,2.71986402940664,2.54887760242296,2.75962903283496,5891,222116,,,Higher 99.8,Lower 99.8,20190000,New data,,1y
253,COPD: QOF prevalence,E54000050,NHS North East and North Cumbria Integrated Care Board - QHM,E38000130,North East and North Cumbria ICB - 00L,ICB sub-locations,Persons,All ages,,,2019/20,2.82330902522245,2.76724428934678,2.88047599017779,2.73540854377614,2.91394950564758,9284,328834,,,Higher 99.8,Lower 99.8,20190000,New data,,1y
253,COPD: QOF prevalence,E54000057,NHS Greater Manchester Integrated Care Board - QOP,E38000135,Greater Manchester ICB - 00Y ,ICB sub-locations,Persons,All ages,,,2019/20,2.3725197518121,2.31478686093123,2.43165671014477,2.28212297271728,2.46640684519216,6183,260609,,,Higher 99.8,Not compared,20190000,New data,,1y
253,COPD: QOF prevalence,E54000044,"NHS Buckinghamshire, Oxfordshire and Berkshire West Integrated Care Board - QU9",E38000136,"Buckinghamshire, Oxfordshire and Berkshire West ICB - 10Q ",ICB sub-locations,Persons,All ages,,,2019/20,1.39496167049531,1.36908796262132,1.42131730627259,1.35438379762192,1.43673756579532,10809,774860,,,Lower 99.8,Higher 99.8,20190000,New data,,1y
253,COPD: QOF prevalence,E54000042,NHS Hampshire and Isle of Wight Integrated Care Board - QRL,E38000137,Hampshire and Isle Of Wight ICB - 10R ,ICB sub-locations,Persons,All ages,,,2019/20,2.11693115789654,2.05926988785025,2.17617111705848,2.02672419138525,2.21106251342518,4933,233026,,,Higher 99.8,Higher 99.8,20190000,New data,,1y
253,COPD: QOF prevalence,E54000061,NHS South Yorkshire Integrated Care Board - QF7,E38000141,South Yorkshire ICB - 03L ,ICB sub-locations,Persons,All ages,,,2019/20,3.02130421329872,2.95681236634452,3.08715796102548,2.92023321102164,3.1257607106583,8007,265018,,,Higher 99.8,Not compared,20190000,New data,,1y
253,COPD: QOF prevalence,E54000057,NHS Greater Manchester Integrated Care Board - QOP,E38000143,Greater Manchester ICB - 01G ,ICB sub-locations,Persons,All ages,,,2019/20,2.49271290605795,2.43608802330026,2.55061957863184,2.40400888934464,2.5846032779621,7098,284750,,,Higher 99.8,Not compared,20190000,New data,,1y
253,COPD: QOF prevalence,E54000061,NHS South Yorkshire Integrated Care Board - QF7,E38000146,South Yorkshire ICB - 03N ,ICB sub-locations,Persons,All ages,,,2019/20,2.09030534996004,2.05486504960982,2.12634362018,2.03469657662068,2.14740061109935,12867,615556,,,Higher 99.8,Not compared,20190000,New data,,1y
253,COPD: QOF prevalence,E54000038,NHS Somerset Integrated Care Board - QSL,E38000150,Somerset ICB - 11X ,ICB sub-locations,Persons,All ages,,,2019/20,2.33815875777716,2.2997123538787,2.37723226635572,2.27782356735977,2.40005286116844,13653,583921,,,Higher 99.8,Similar,20190000,New data,,1y
253,COPD: QOF prevalence,E54000010,NHS Staffordshire and Stoke-on-Trent Integrated Care Board - QNC,E38000153,Staffordshire and Stoke-on-Trent ICB - 05Q ,ICB sub-locations,Persons,All ages,,,2019/20,1.88959235603604,1.83288841906323,1.94801572759409,1.80095629523491,1.98250266960217,4062,214967,,,Similar,Lower 99.8,20190000,New data,,1y
253,COPD: QOF prevalence,E54000008,NHS Cheshire and Merseyside Integrated Care Board - QYG,E38000161,Cheshire and Merseyside ICB - 01T ,ICB sub-locations,Persons,All ages,,,2019/20,2.99763864956283,2.91435189056981,3.08322999990318,2.86735385157868,3.1336522544174,4697,156690,,,Higher 99.8,Higher 99.8,20190000,New data,,1y
253,COPD: QOF prevalence,E54000050,NHS North East and North Cumbria Integrated Care Board - QHM,E38000163,North East and North Cumbria ICB - 00N ,ICB sub-locations,Persons,All ages,,,2019/20,3.74114694029427,3.64885649712396,3.83567875648885,3.59664039002016,3.8912251502531,5932,158561,,,Higher 99.8,Higher 99.8,20190000,New data,,1y
253,COPD: QOF prevalence,E54000026,NHS Mid and South Essex Integrated Care Board - QH8,E38000168,Mid and South Essex ICB - 99G ,ICB sub-locations,Persons,All ages,,,2019/20,2.19013072342756,2.12527044135962,2.25692480594869,2.08873092990207,2.29633763383434,4160,189943,,,Higher 99.8,Higher 99.8,20190000,New data,,1y
253,COPD: QOF prevalence,E54000008,NHS Cheshire and Merseyside Integrated Care Board - QYG,E38000170,Cheshire and Merseyside ICB - 01V ,ICB sub-locations,Persons,All ages,,,2019/20,2.05557942988111,1.97857951074273,2.1355106528292,1.93547854846187,2.18296694906536,2583,125658,,,Similar,Lower 99.8,20190000,New data,,1y
253,COPD: QOF prevalence,E54000008,NHS Cheshire and Merseyside Integrated Care Board - QYG,E38000172,Cheshire and Merseyside ICB - 01X ,ICB sub-locations,Persons,All ages,,,2019/20,3.04646769928221,2.97177171375389,3.12298075138376,2.92951110617734,3.16794123348655,6048,198525,,,Higher 99.8,Higher 99.8,20190000,New data,,1y
253,COPD: QOF prevalence,E54000010,NHS Staffordshire and Stoke-on-Trent Integrated Care Board - QNC,E38000173,Staffordshire and Stoke-on-Trent ICB - 05V ,ICB sub-locations,Persons,All ages,,,2019/20,1.89238516465949,1.82468153695682,1.9625506741263,1.78673375943003,2.00415636319882,2841,150128,,,Similar,Lower 99.8,20190000,New data,,1y
253,COPD: QOF prevalence,E54000057,NHS Greater Manchester Integrated Care Board - QOP,E38000174,Greater Manchester ICB - 01W ,ICB sub-locations,Persons,All ages,,,2019/20,2.32024276029316,2.26838589798954,2.37325631857056,2.23900028275469,2.40436063255313,7348,316691,,,Higher 99.8,Not compared,20190000,New data,,1y
253,COPD: QOF prevalence,E54000010,NHS Staffordshire and Stoke-on-Trent Integrated Care Board - QNC,E38000175,Staffordshire and Stoke-on-Trent ICB - 05W ,ICB sub-locations,Persons,All ages,,,2019/20,2.70428048389546,2.64648948730518,2.76329763381249,2.61371343542123,2.79789558520351,8014,296345,,,Higher 99.8,Higher 99.8,20190000,New data,,1y
253,COPD: QOF prevalence,E54000050,NHS North East and North Cumbria Integrated Care Board - QHM,E38000176,North East and North Cumbria ICB - 00P ,ICB sub-locations,Persons,All ages,,,2019/20,3.51156633368846,3.44454159397121,3.57984690398034,3.40645502960217,3.61979946174448,9987,284403,,,Higher 99.8,Higher 99.8,20190000,New data,,1y
253,COPD: QOF prevalence,E54000026,NHS Mid and South Essex Integrated Care Board - QH8,E38000185,Mid and South Essex ICB - 07G ,ICB sub-locations,Persons,All ages,,,2019/20,1.93094347921707,1.8687091193715,1.9952083141141,1.83372541642739,2.03320896966573,3512,181880,,,Similar,Similar,20190000,New data,,1y
253,COPD: QOF prevalence,E54000057,NHS Greater Manchester Integrated Care Board - QOP,E38000187,Greater Manchester ICB - 02A ,ICB sub-locations,Persons,All ages,,,2019/20,1.99257868199693,1.9378095224347,2.04886346389364,1.90690324510756,2.08202173707495,4849,243353,,,Similar,Not compared,20190000,New data,,1y
253,COPD: QOF prevalence,E54000051,NHS Humber and North Yorkshire Integrated Care Board - QOQ,E38000188,Humber and North Yorkshire ICB - 03Q ,ICB sub-locations,Persons,All ages,,,2019/20,1.73142946531241,1.68958290631331,1.77429374900773,1.66590693015612,1.79948193676034,6309,364381,,,Lower 99.8,Lower 99.8,20190000,New data,,1y
253,COPD: QOF prevalence,E54000054,NHS West Yorkshire Integrated Care Board - QWO,E38000190,West Yorkshire ICB - 03R ,ICB sub-locations,Persons,All ages,,,2019/20,2.83445911490817,2.78233176594757,2.88753406946066,2.75269746586394,2.91857639466043,10839,382401,,,Higher 99.8,Higher 99.8,20190000,New data,,1y
253,COPD: QOF prevalence,E54000008,NHS Cheshire and Merseyside Integrated Care Board - QYG,E38000194,Cheshire and Merseyside ICB - 02E ,ICB sub-locations,Persons,All ages,,,2019/20,1.81841244529813,1.76350510659794,1.8749967132966,1.73258992014306,1.90840356443768,4014,220742,,,Lower 99.8,Lower 99.8,20190000,New data,,1y
253,COPD: QOF prevalence,E54000025,NHS Hertfordshire and West Essex Integrated Care Board - QM7,E38000197,Hertfordshire and West Essex ICB - 07H ,ICB sub-locations,Persons,All ages,,,2019/20,1.67870132063258,1.63474968563105,1.72381392425936,1.60992327513114,1.75036538260858,5368,319771,,,Lower 99.8,Higher 99.8,20190000,New data,,1y
253,COPD: QOF prevalence,E54000048,NHS Lancashire and South Cumbria Integrated Care Board - QE1,E38000200,Lancashire and South Cumbria ICB - 02G ,ICB sub-locations,Persons,All ages,,,2019/20,2.36016897162188,2.27367781552312,2.44986778907752,2.22522759831964,2.50308391586043,2693,114102,,,Higher 99.8,Lower 99.8,20190000,New data,,1y
253,COPD: QOF prevalence,E54000015,"NHS Leicester, Leicestershire and Rutland Integrated Care Board - QK1",E38000201,"Leicester, Leicestershire and Rutland ICB - 04V ",ICB sub-locations,Persons,All ages,,,2019/20,1.88241271612379,1.84083364589122,1.92491251960381,1.81726903795878,1.94984522528621,7558,401506,,,Similar,Higher 99.8,20190000,New data,,1y
253,COPD: QOF prevalence,E54000023,NHS Suffolk and North East Essex Integrated Care Board - QJG,E38000204,Suffolk and North East Essex ICB - 07K ,ICB sub-locations,Persons,All ages,,,2019/20,2.27611708408427,2.2192156653004,2.33444264210435,2.18703996148054,2.36873441565779,5860,257456,,,Higher 99.8,Higher 99.8,20190000,New data,,1y
253,COPD: QOF prevalence,E54000057,NHS Greater Manchester Integrated Care Board - QOP,E38000205,Greater Manchester ICB - 02H ,ICB sub-locations,Persons,All ages,,,2019/20,2.65394565458791,2.59991336128119,2.70906963294609,2.56924473971751,2.7413603579638,8843,333202,,,Higher 99.8,Not compared,20190000,New data,,1y
253,COPD: QOF prevalence,E54000008,NHS Cheshire and Merseyside Integrated Care Board - QYG,E38000208,Cheshire and Merseyside ICB - 12F ,ICB sub-locations,Persons,All ages,,,2019/20,2.60653213915294,2.55338713696338,2.66075307377292,2.52322309239266,2.69251581613691,8821,338419,,,Higher 99.8,Similar,20190000,New data,,1y
253,COPD: QOF prevalence,E54000050,NHS North East and North Cumbria Integrated Care Board - QHM,E38000212,North East and North Cumbria ICB - 13T ,ICB sub-locations,Persons,All ages,,,2019/20,2.43024673211487,2.38928901519948,2.47188877510494,2.3659777217742,2.49621689994403,12979,534061,,,Higher 99.8,Lower 99.8,20190000,New data,,1y
253,COPD: QOF prevalence,E54000050,NHS North East and North Cumbria Integrated Care Board - QHM,E38000215,North East and North Cumbria ICB - 01H ,ICB sub-locations,Persons,All ages,,,2019/20,2.48542939615495,2.4325730693807,2.53940432315737,2.40259437122016,2.57104511625841,8111,326342,,,Higher 99.8,Lower 99.8,20190000,New data,,1y
253,COPD: QOF prevalence,E54000057,NHS Greater Manchester Integrated Care Board - QOP,E38000217,Greater Manchester ICB - 14L ,ICB sub-locations,Persons,All ages,,,2019/20,1.96780787449732,1.93491353431841,2.00125002007444,1.91619069692476,2.02078683756022,13256,673643,,,Similar,Not compared,20190000,New data,,1y
253,COPD: QOF prevalence,E54000044,"NHS Buckinghamshire, Oxfordshire and Berkshire West Integrated Care Board - QU9",E38000221,"Buckinghamshire, Oxfordshire and Berkshire West ICB - 15A ",ICB sub-locations,Persons,All ages,,,2019/20,1.24713392977566,1.21830046334996,1.27664097740401,1.20197472935346,1.29396757785406,6935,556075,,,Lower 99.8,Lower 99.8,20190000,New data,,1y
253,COPD: QOF prevalence,E54000039,"NHS Bristol, North Somerset and South Gloucestershire Integrated Care Board - QUY",E38000222,"Bristol, North Somerset and South Gloucestershire ICB - 15C ",ICB sub-locations,Persons,All ages,,,2019/20,1.80707125716584,1.78163913583953,1.83285963635449,1.76713360661227,1.84789452921139,18781,1039306,,,Lower 99.8,Similar,20190000,New data,,1y
253,COPD: QOF prevalence,E54000044,"NHS Buckinghamshire, Oxfordshire and Berkshire West Integrated Care Board - QU9",E38000223,"Buckinghamshire, Oxfordshire and Berkshire West ICB - 14Y ",ICB sub-locations,Persons,All ages,,,2019/20,1.33807644498055,1.3085840612443,1.36822430214193,1.29187044715599,1.38591187696759,7632,570371,,,Lower 99.8,Similar,20190000,New data,,1y
253,COPD: QOF prevalence,E54000054,NHS West Yorkshire Integrated Care Board - QWO,E38000225,West Yorkshire ICB - 15F ,ICB sub-locations,Persons,All ages,,,2019/20,2.02861939724464,1.99965001136612,2.05799965584974,1.98312923943888,2.07513094275459,18197,897014,,,Higher 99.8,Lower 99.8,20190000,New data,,1y
253,COPD: QOF prevalence,E54000048,NHS Lancashire and South Cumbria Integrated Care Board - QE1,E38000226,Lancashire and South Cumbria ICB - 02M ,ICB sub-locations,Persons,All ages,,,2019/20,2.97502871864649,2.89739581796152,3.05467628113288,2.8535293055609,3.10153624800898,5335,179326,,,Higher 99.8,Higher 99.8,20190000,New data,,1y
253,COPD: QOF prevalence,E54000048,NHS Lancashire and South Cumbria Integrated Care Board - QE1,E38000227,Lancashire and South Cumbria ICB - 01E ,ICB sub-locations,Persons,All ages,,,2019/20,2.07815855822206,2.01859845714732,2.13943764779991,1.98501982562673,2.17557043427318,4451,214180,,,Higher 99.8,Lower 99.8,20190000,New data,,1y
253,COPD: QOF prevalence,E54000048,NHS Lancashire and South Cumbria Integrated Care Board - QE1,E38000228,Lancashire and South Cumbria ICB - 01K ,ICB sub-locations,Persons,All ages,,,2019/20,2.27063542566247,2.2219438167111,2.32036873946656,2.1943321605806,2.34952823728056,7993,352016,,,Higher 99.8,Lower 99.8,20190000,New data,,1y
253,COPD: QOF prevalence,E54000037,NHS Devon Integrated Care Board - QJK,E38000230,Devon ICB - 15N ,ICB sub-locations,Persons,All ages,,,2019/20,2.30850023250966,2.2822917539184,2.33500248203593,2.26731058608434,2.3504201648304,28793,1247260,,,Higher 99.8,Similar,20190000,New data,,1y
253,COPD: QOF prevalence,E54000040,"NHS Bath and North East Somerset, Swindon and Wiltshire Integrated Care Board - QOX",E38000231,"Bath and North East Somerset, Swindon and Wiltshire ICB - 92G ",ICB sub-locations,Persons,All ages,,,2019/20,1.73869302773161,1.71274162292387,1.76503058606853,1.69795001766007,1.78039597650507,16695,960204,,,Lower 99.8,Similar,20190000,New data,,1y
253,COPD: QOF prevalence,E54000054,NHS West Yorkshire Integrated Care Board - QWO,E38000232,West Yorkshire ICB - 36J ,ICB sub-locations,Persons,All ages,,,2019/20,2.14669246320732,2.11157931278822,2.18237648759451,2.09158740219303,2.20321665515031,13825,644014,,,Higher 99.8,Lower 99.8,20190000,New data,,1y
253,COPD: QOF prevalence,E54000008,NHS Cheshire and Merseyside Integrated Care Board - QYG,E38000233,Cheshire and Merseyside ICB - 27D ,ICB sub-locations,Persons,All ages,,,2019/20,2.00737360720041,1.97649620173432,2.03872335597925,1.95890268886589,2.05701872173451,15670,780622,,,Higher 99.8,Lower 99.8,20190000,New data,,1y
253,COPD: QOF prevalence,E54000050,NHS North East and North Cumbria Integrated Care Board - QHM,E38000234,North East and North Cumbria ICB - 84H ,ICB sub-locations,Persons,All ages,,,2019/20,3.13165128484668,3.08626135426724,3.17768688102147,3.0603771961547,3.20453042616004,17465,557693,,,Higher 99.8,Higher 99.8,20190000,New data,,1y
253,COPD: QOF prevalence,E54000053,NHS Sussex Integrated Care Board - QNX,E38000235,Sussex ICB - 97R ,ICB sub-locations,Persons,All ages,,,2019/20,2.35181579525032,2.31246242654585,2.39182248004598,2.29006236997888,2.41519329150039,13178,560333,,,Higher 99.8,Higher 99.8,20190000,New data,,1y
253,COPD: QOF prevalence,E54000019,NHS Herefordshire and Worcestershire Integrated Care Board - QGH,E38000236,Herefordshire and Worcestershire ICB - 18C ,ICB sub-locations,Persons,All ages,,,2019/20,2.18145131156117,2.14972637262157,2.21363384486775,2.13163758151312,2.23240257369865,17514,802860,,,Higher 99.8,Similar,20190000,New data,,1y
253,COPD: QOF prevalence,E54000032,NHS Kent and Medway Integrated Care Board - QKS,E38000237,Kent and Medway ICB - 91Q ,ICB sub-locations,Persons,All ages,,,2019/20,2.05428897531061,2.03429141226905,2.07447895639237,2.02284623905794,2.08621004480915,39327,1914385,,,Higher 99.8,Similar,20190000,New data,,1y
253,COPD: QOF prevalence,E54000013,NHS Lincolnshire Integrated Care Board - QJM,E38000238,Lincolnshire ICB - 71E ,ICB sub-locations,Persons,All ages,,,2019/20,2.32941320822988,2.29656206130489,2.36272291016836,2.27782431225063,2.38214202432384,18605,798699,,,Higher 99.8,Similar,20190000,New data,,1y
253,COPD: QOF prevalence,E54000022,NHS Norfolk and Waveney Integrated Care Board - QMM,E38000239,Norfolk and Waveney ICB - 26A ,ICB sub-locations,Persons,All ages,,,2019/20,2.31402077276485,2.28566401906187,2.34272089578331,2.26946630959307,2.35942881790892,24690,1066974,,,Higher 99.8,Similar,20190000,New data,,1y
253,COPD: QOF prevalence,E54000028,NHS North Central London Integrated Care Board - QMJ,E38000240,North Central London ICB - 93C ,ICB sub-locations,Persons,All ages,,,2019/20,1.22369915407758,1.20718983027787,1.24043142174313,1.19776978675076,1.25018273876735,20569,1680887,,,Lower 99.8,Similar,20190000,New data,,1y
253,COPD: QOF prevalence,E54000051,NHS Humber and North Yorkshire Integrated Care Board - QOQ,E38000241,Humber and North Yorkshire ICB - 42D ,ICB sub-locations,Persons,All ages,,,2019/20,2.21599769790584,2.17247044305228,2.26037690694381,2.14775215093419,2.28636110153448,9549,430912,,,Higher 99.8,Lower 99.8,20190000,New data,,1y
253,COPD: QOF prevalence,E54000060,NHS Nottingham and Nottinghamshire Integrated Care Board - QT1,E38000243,Nottingham and Nottinghamshire ICB - 52R ,ICB sub-locations,Persons,All ages,,,2019/20,2.0135671576109,1.98756284671969,2.03990461526368,1.972717046774,2.05524543832647,22283,1106643,,,Higher 99.8,Not compared,20190000,New data,,1y
253,COPD: QOF prevalence,E54000030,NHS South East London Integrated Care Board - QKK,E38000244,South East London ICB - 72Q ,ICB sub-locations,Persons,All ages,,,2019/20,1.31745358384642,1.30181366169387,1.33327886497963,1.29287812338578,1.34248982946175,26584,2017832,,,Lower 99.8,Similar,20190000,New data,,1y
253,COPD: QOF prevalence,E54000031,NHS South West London Integrated Care Board - QWE,E38000245,South West London ICB - 36L ,ICB sub-locations,Persons,All ages,,,2019/20,1.11123108575431,1.09564379569564,1.12703760307167,1.08675375508541,1.13625339468738,19039,1713325,,,Lower 99.8,Similar,20190000,New data,,1y
253,COPD: QOF prevalence,E54000052,NHS Surrey Heartlands Integrated Care Board - QXU,E38000246,Surrey Heartlands  ICB - 92A ,ICB sub-locations,Persons,All ages,,,2019/20,1.29514616947359,1.27422030856407,1.31641110267513,1.26230545887243,1.32882978022364,14293,1103582,,,Lower 99.8,Similar,20190000,New data,,1y
253,COPD: QOF prevalence,E54000050,NHS North East and North Cumbria Integrated Care Board - QHM,E38000247,North East and North Cumbria ICB - 16C ,ICB sub-locations,Persons,All ages,,,2019/20,3.03172529270737,2.9920825960899,3.07187659109844,2.96945108956944,3.09526382586921,21510,709497,,,Higher 99.8,Higher 99.8,20190000,New data,,1y
253,COPD: QOF prevalence,E54000053,NHS Sussex Integrated Care Board - QNX,E38000248,Sussex ICB - 70F ,ICB sub-locations,Persons,All ages,,,2019/20,1.83979539415901,1.81231443416307,1.86768513421502,1.79665097180071,1.88395600212408,16653,905155,,,Lower 99.8,Lower 99.8,20190000,New data,,1y
253,COPD: QOF prevalence,,,E92000001,England,England,Persons,All ages,,,2020/21,1.92771641144337,1.92426087173691,1.93117664823708,1.92227110825899,1.93317593128895,1170437,60716244,,,Not compared,Not compared,20200000,New data,,1y
253,COPD: QOF prevalence,,,E92000001,England,England,Persons,All ages,"County & UA deprivation deciles in England (IMD2019, 4/23 geography)",Most deprived decile (IMD2019),2020/21,2.26820604230436,2.25637504551551,2.28009762622883,2.24957983079293,2.28698286807356,137289,6052757,Aggregated from all known lower geography values,,Higher 99.8,Not compared,20200000,New data,,1y
253,COPD: QOF prevalence,,,E92000001,England,England,Persons,All ages,"County & UA deprivation deciles in England (IMD2019, 4/23 geography)",Second most deprived decile (IMD2019),2020/21,2.4291341603248,2.41371518764121,2.44464916295424,2.40486690409456,2.45364013836977,92451,3805924,Aggregated from all known lower geography values,,Higher 99.8,Not compared,20200000,New data,,1y
253,COPD: QOF prevalence,,,E92000001,England,England,Persons,All ages,"County & UA deprivation deciles in England (IMD2019, 4/23 geography)",Third more deprived decile (IMD2019),2020/21,2.0197055024639,2.00776338581694,2.03171717773892,2.00090814296076,2.03867577853794,107035,5299535,Aggregated from all known lower geography values,,Higher 99.8,Not compared,20200000,New data,,1y
253,COPD: QOF prevalence,,,E92000001,England,England,Persons,All ages,"County & UA deprivation deciles in England (IMD2019, 4/23 geography)",Fourth more deprived decile (IMD2019),2020/21,1.81122307010328,1.80005532419012,1.8224588161155,1.79364593195906,1.82896925045857,98613,5444553,Aggregated from all known lower geography values,,Lower 99.8,Not compared,20200000,New data,,1y
253,COPD: QOF prevalence,,,E92000001,England,England,Persons,All ages,"County & UA deprivation deciles in England (IMD2019, 4/23 geography)",Fifth more deprived decile (IMD2019),2020/21,1.96454121992855,1.95309873434775,1.97604939173656,1.94652986455214,1.98271586544129,110376,5618411,Aggregated from all known lower geography values,,Higher 99.8,Not compared,20200000,New data,,1y
253,COPD: QOF prevalence,,,E92000001,England,England,Persons,All ages,"County & UA deprivation deciles in England (IMD2019, 4/23 geography)",Fifth less deprived decile (IMD2019),2020/21,1.96323678747867,1.95186696379565,1.97467150767385,1.94533963928361,1.98129526265043,111648,5686935,Aggregated from all known lower geography values,,Higher 99.8,Not compared,20200000,New data,,1y
253,COPD: QOF prevalence,,,E92000001,England,England,Persons,All ages,"County & UA deprivation deciles in England (IMD2019, 4/23 geography)",Fourth less deprived decile (IMD2019),2020/21,2.05635561892133,2.04657095056793,2.06618608106623,2.04094910804728,2.07187596913528,165405,8043599,Aggregated from all known lower geography values,,Higher 99.8,Not compared,20200000,New data,,1y
253,COPD: QOF prevalence,,,E92000001,England,England,Persons,All ages,"County & UA deprivation deciles in England (IMD2019, 4/23 geography)",Third less deprived decile (IMD2019),2020/21,1.79140642683882,1.7818405216481,1.8010227454021,1.77634692059427,1.80659125628726,131613,7346909,Aggregated from all known lower geography values,,Lower 99.8,Not compared,20200000,New data,,1y
253,COPD: QOF prevalence,,,E92000001,England,England,Persons,All ages,"County & UA deprivation deciles in England (IMD2019, 4/23 geography)",Second least deprived decile (IMD2019),2020/21,1.74451667069347,1.73582381339255,1.75325228435335,1.73083021375541,1.75830941618662,151268,8671055,Aggregated from all known lower geography values,,Lower 99.8,Not compared,20200000,New data,,1y
253,COPD: QOF prevalence,,,E92000001,England,England,Persons,All ages,"County & UA deprivation deciles in England (IMD2019, 4/23 geography)",Least deprived decile (IMD2019),2020/21,1.36391235263557,1.35351719640803,1.37438623246109,1.34755816238771,1.38046224273091,64739,4746566,Aggregated from all known lower geography values,,Lower 99.8,Not compared,20200000,New data,,1y
253,COPD: QOF prevalence,,,E92000001,England,England,Persons,All ages,"District & UA deprivation deciles in England (IMD2019, 4/23 geography)",Most deprived decile (IMD2019),2020/21,2.31568422203821,2.30567727977774,2.32573356180361,2.29992572261388,2.33154811793779,200097,8640945,Aggregated from all known lower geography values,,Higher 99.8,Not compared,20200000,New data,,1y
253,COPD: QOF prevalence,,,E92000001,England,England,Persons,All ages,"District & UA deprivation deciles in England (IMD2019, 4/23 geography)",Second most deprived decile (IMD2019),2020/21,2.20566272310567,2.19577606264294,2.21559289063706,2.19009437039334,2.22133923056958,186158,8440003,Aggregated from all known lower geography values,,Higher 99.8,Not compared,20200000,New data,,1y
253,COPD: QOF prevalence,,,E92000001,England,England,Persons,All ages,"District & UA deprivation deciles in England (IMD2019, 4/23 geography)",Third more deprived decile (IMD2019),2020/21,1.88299662286761,1.87363632554718,1.89240278046213,1.86825923546415,1.89784801488105,151788,8060981,Aggregated from all known lower geography values,,Lower 99.8,Not compared,20200000,New data,,1y
253,COPD: QOF prevalence,,,E92000001,England,England,Persons,All ages,"District & UA deprivation deciles in England (IMD2019, 4/23 geography)",Fourth more deprived decile (IMD2019),2020/21,1.94481356332604,1.93372655031587,1.9559628758077,1.92736114122933,1.96242085639286,115255,5926275,Aggregated from all known lower geography values,,Similar,Not compared,20200000,New data,,1y
253,COPD: QOF prevalence,,,E92000001,England,England,Persons,All ages,"District & UA deprivation deciles in England (IMD2019, 4/23 geography)",Fifth more deprived decile (IMD2019),2020/21,1.97412539803684,1.96208470815058,1.98623848080608,1.95517390047685,1.99325685786598,100619,5096890,Aggregated from all known lower geography values,,Higher 99.8,Not compared,20200000,New data,,1y
253,COPD: QOF prevalence,,,E92000001,England,England,Persons,All ages,"District & UA deprivation deciles in England (IMD2019, 4/23 geography)",Fifth less deprived decile (IMD2019),2020/21,1.77107573121592,1.76102037431987,1.78118746278977,1.75524721361728,1.78704439128541,116409,6572785,Aggregated from all known lower geography values,,Lower 99.8,Not compared,20200000,New data,,1y
253,COPD: QOF prevalence,,,E92000001,England,England,Persons,All ages,"District & UA deprivation deciles in England (IMD2019, 4/23 geography)",Fourth less deprived decile (IMD2019),2020/21,1.8563823308214,1.84514426749778,1.8676875384599,1.83869393940641,1.87423763704598,102264,5508779,Aggregated from all known lower geography values,,Lower 99.8,Not compared,20200000,New data,,1y
253,COPD: QOF prevalence,,,E92000001,England,England,Persons,All ages,"District & UA deprivation deciles in England (IMD2019, 4/23 geography)",Third less deprived decile (IMD2019),2020/21,1.77107842172679,1.75860964914006,1.78363399449079,1.75145847858253,1.79091414234571,75605,4268868,Aggregated from all known lower geography values,,Lower 99.8,Not compared,20200000,New data,,1y
253,COPD: QOF prevalence,,,E92000001,England,England,Persons,All ages,"District & UA deprivation deciles in England (IMD2019, 4/23 geography)",Second least deprived decile (IMD2019),2020/21,1.62828245597518,1.61591630289731,1.64074166553181,1.6088271278055,1.64796911420395,65028,3993656,Aggregated from all known lower geography values,,Lower 99.8,Not compared,20200000,New data,,1y
253,COPD: QOF prevalence,,,E92000001,England,England,Persons,All ages,"District & UA deprivation deciles in England (IMD2019, 4/23 geography)",Least deprived decile (IMD2019),2020/21,1.35995143404114,1.34892832822874,1.37106336600969,1.34261172930696,1.37751195264788,57214,4207062,Aggregated from all known lower geography values,,Lower 99.8,Not compared,20200000,New data,,1y
253,COPD: QOF prevalence,,,E92000001,England,England,Persons,All ages,"County & UA deprivation deciles in England (IMD2025, 4/23 geography)",Most deprived decile (IMD2025),2020/21,2.53322383740207,2.5178053220681,2.54873430384686,2.50895546171846,2.55772079529694,100469,3966053,Aggregated from all known lower geography values,,Higher 99.8,Not compared,20200000,New data,,1y
253,COPD: QOF prevalence,,,E92000001,England,England,Persons,All ages,"County & UA deprivation deciles in England (IMD2025, 4/23 geography)",Second most deprived decile (IMD2025),2020/21,1.72836183635918,1.71758976525846,1.73920027029253,1.71140780667175,1.74548083816312,96589,5588471,Aggregated from all known lower geography values,,Lower 99.8,Not compared,20200000,New data,,1y
253,COPD: QOF prevalence,,,E92000001,England,England,Persons,All ages,"County & UA deprivation deciles in England (IMD2025, 4/23 geography)",Third more deprived decile (IMD2025),2020/21,1.99009185800505,1.97757089381842,2.00269047882243,1.9703855031557,2.00999126031662,94526,4749831,Aggregated from all known lower geography values,,Higher 99.8,Not compared,20200000,New data,,1y
253,COPD: QOF prevalence,,,E92000001,England,England,Persons,All ages,"County & UA deprivation deciles in England (IMD2025, 4/23 geography)",Fourth more deprived decile (IMD2025),2020/21,2.27140633370733,2.25804443954956,2.28484544804841,2.25037391566485,2.29263071424253,107862,4748688,Aggregated from all known lower geography values,,Higher 99.8,Not compared,20200000,New data,,1y
253,COPD: QOF prevalence,,,E92000001,England,England,Persons,All ages,"County & UA deprivation deciles in England (IMD2025, 4/23 geography)",Fifth more deprived decile (IMD2025),2020/21,1.74932426986603,1.7384588643976,1.76025636783188,1.73222323176308,1.76659109960198,97235,5558432,Aggregated from all known lower geography values,,Lower 99.8,Not compared,20200000,New data,,1y
253,COPD: QOF prevalence,,,E92000001,England,England,Persons,All ages,"County & UA deprivation deciles in England (IMD2025, 4/23 geography)",Fifth less deprived decile (IMD2025),2020/21,1.95860850177366,1.94864714300512,1.96861975998739,1.94292526367433,1.97441578549932,144875,7396833,Aggregated from all known lower geography values,,Higher 99.8,Not compared,20200000,New data,,1y
253,COPD: QOF prevalence,,,E92000001,England,England,Persons,All ages,"County & UA deprivation deciles in England (IMD2025, 4/23 geography)",Fourth less deprived decile (IMD2025),2020/21,1.77978198510777,1.77032499043881,1.78928857838873,1.76489382675523,1.79479344124278,132939,7469398,Aggregated from all known lower geography values,,Lower 99.8,Not compared,20200000,New data,,1y
253,COPD: QOF prevalence,,,E92000001,England,England,Persons,All ages,"County & UA deprivation deciles in England (IMD2025, 4/23 geography)",Third less deprived decile (IMD2025),2020/21,2.0168820931227,2.00552741541843,2.02829972689784,1.99900794906147,2.0349127404001,118102,5855672,Aggregated from all known lower geography values,,Higher 99.8,Not compared,20200000,New data,,1y
253,COPD: QOF prevalence,,,E92000001,England,England,Persons,All ages,"County & UA deprivation deciles in England (IMD2025, 4/23 geography)",Second least deprived decile (IMD2025),2020/21,1.83975646562939,1.83127864786531,1.84827279211355,1.82640713555891,1.85320152500374,176773,9608500,Aggregated from all known lower geography values,,Lower 99.8,Not compared,20200000,New data,,1y
253,COPD: QOF prevalence,,,E92000001,England,England,Persons,All ages,"County & UA deprivation deciles in England (IMD2025, 4/23 geography)",Least deprived decile (IMD2025),2020/21,1.75027007293961,1.73960630528828,1.76099803784737,1.7334858245807,1.76721390998988,101067,5774366,Aggregated from all known lower geography values,,Lower 99.8,Not compared,20200000,New data,,1y
253,COPD: QOF prevalence,,,E92000001,England,England,Persons,All ages,"District & UA deprivation deciles in England (IMD2025, 4/23 geography)",Most deprived decile (IMD2025),2020/21,2.21108003236443,2.20159584130665,2.22060415240567,2.19614462388351,2.2261147007969,203315,9195280,Aggregated from all known lower geography values,,Higher 99.8,Not compared,20200000,New data,,1y
253,COPD: QOF prevalence,,,E92000001,England,England,Persons,All ages,"District & UA deprivation deciles in England (IMD2025, 4/23 geography)",Second most deprived decile (IMD2025),2020/21,2.21066099788063,2.20055444497598,2.2208129134345,2.19474678594673,2.22668797737314,178929,8093914,Aggregated from all known lower geography values,,Higher 99.8,Not compared,20200000,New data,,1y
253,COPD: QOF prevalence,,,E92000001,England,England,Persons,All ages,"District & UA deprivation deciles in England (IMD2025, 4/23 geography)",Third more deprived decile (IMD2025),2020/21,2.08429034703057,2.07363649591781,2.09499776407573,2.06751693351938,2.1011969207246,143243,6872507,Aggregated from all known lower geography values,,Higher 99.8,Not compared,20200000,New data,,1y
253,COPD: QOF prevalence,,,E92000001,England,England,Persons,All ages,"District & UA deprivation deciles in England (IMD2025, 4/23 geography)",Fourth more deprived decile (IMD2025),2020/21,1.83709639815765,1.82703859461571,1.84720852787048,1.82126309805966,1.85306474832331,125130,6811292,Aggregated from all known lower geography values,,Lower 99.8,Not compared,20200000,New data,,1y
253,COPD: QOF prevalence,,,E92000001,England,England,Persons,All ages,"District & UA deprivation deciles in England (IMD2025, 4/23 geography)",Fifth more deprived decile (IMD2025),2020/21,1.78860007221893,1.77751528342739,1.79975272041082,1.7711536662973,1.8062151705876,97629,5458403,Aggregated from all known lower geography values,,Lower 99.8,Not compared,20200000,New data,,1y
253,COPD: QOF prevalence,,,E92000001,England,England,Persons,All ages,"District & UA deprivation deciles in England (IMD2025, 4/23 geography)",Fifth less deprived decile (IMD2025),2020/21,1.94433389759829,1.93358286194156,1.95514351898425,1.92740952356143,1.96140391057916,122532,6302004,Aggregated from all known lower geography values,,Similar,Not compared,20200000,New data,,1y
253,COPD: QOF prevalence,,,E92000001,England,England,Persons,All ages,"District & UA deprivation deciles in England (IMD2025, 4/23 geography)",Fourth less deprived decile (IMD2025),2020/21,1.95612715273561,1.9439288017671,1.9684005129971,1.93692825680555,1.97551251508996,96260,4920948,Aggregated from all known lower geography values,,Higher 99.8,Not compared,20200000,New data,,1y
253,COPD: QOF prevalence,,,E92000001,England,England,Persons,All ages,"District & UA deprivation deciles in England (IMD2025, 4/23 geography)",Third less deprived decile (IMD2025),2020/21,1.7182489745176,1.70657280647495,1.73000362347011,1.6998749518869,1.73681809369377,81214,4726556,Aggregated from all known lower geography values,,Lower 99.8,Not compared,20200000,New data,,1y
253,COPD: QOF prevalence,,,E92000001,England,England,Persons,All ages,"District & UA deprivation deciles in England (IMD2025, 4/23 geography)",Second least deprived decile (IMD2025),2020/21,1.54473604439653,1.53367377976966,1.55587683945177,1.5273299630194,1.56233734541842,73229,4740551,Aggregated from all known lower geography values,,Lower 99.8,Not compared,20200000,New data,,1y
253,COPD: QOF prevalence,,,E92000001,England,England,Persons,All ages,"District & UA deprivation deciles in England (IMD2025, 4/23 geography)",Least deprived decile (IMD2025),2020/21,1.36186018150161,1.3499308571103,1.37389345703534,1.34309848562331,1.38088029055463,48956,3594789,Aggregated from all known lower geography values,,Lower 99.8,Not compared,20200000,New data,,1y
253,COPD: QOF prevalence,E92000001,England,E54000008,NHS Cheshire and Merseyside Integrated Care Board - QYG,ICBs,Persons,All ages,,,2020/21,2.58668925679809,2.56776769131942,2.60574652401261,2.55691747866519,2.61679837703897,69436,2684358,,,Higher 99.8,Not compared,20200000,New data,,1y
253,COPD: QOF prevalence,E92000001,England,E54000010,NHS Staffordshire and Stoke-on-Trent Integrated Care Board - QNC,ICBs,Persons,All ages,,,2020/21,2.30777240328275,2.280629948284,2.33523016914882,2.26511987196978,2.35120876639928,26818,1162073,,,Higher 99.8,Not compared,20200000,New data,,1y
253,COPD: QOF prevalence,E92000001,England,E54000011,"NHS Shropshire, Telford and Wrekin Integrated Care Board - QOC",ICBs,Persons,All ages,,,2020/21,1.99252971931863,1.9546461073625,2.03113235491031,1.93312270551551,2.05372414405008,10221,512966,,,Higher 99.8,Not compared,20200000,New data,,1y
253,COPD: QOF prevalence,E92000001,England,E54000013,NHS Lincolnshire Integrated Care Board - QJM,ICBs,Persons,All ages,,,2020/21,2.30397343812511,2.27137322048873,2.33703036607412,2.25277933678222,2.35630287388499,18486,802353,,,Higher 99.8,Not compared,20200000,New data,,1y
253,COPD: QOF prevalence,E92000001,England,E54000015,"NHS Leicester, Leicestershire and Rutland Integrated Care Board - QK1",ICBs,Persons,All ages,,,2020/21,1.66633650375485,1.64326173805348,1.6897297200168,1.63009860868453,1.70336603561078,19431,1166091,,,Lower 99.8,Not compared,20200000,New data,,1y
253,COPD: QOF prevalence,E92000001,England,E54000018,NHS Coventry and Warwickshire Integrated Care Board - QWU,ICBs,Persons,All ages,,,2020/21,1.64781262305363,1.62338956294863,1.67259686844607,1.60946807258385,1.68705504405071,16948,1028515,,,Lower 99.8,Not compared,20200000,New data,,1y
253,COPD: QOF prevalence,E92000001,England,E54000019,NHS Herefordshire and Worcestershire Integrated Care Board - QGH,ICBs,Persons,All ages,,,2020/21,2.15429049853111,2.12284918213977,2.1861870879388,2.10492289440331,2.20478986415705,17394,807412,,,Higher 99.8,Not compared,20200000,New data,,1y
253,COPD: QOF prevalence,E92000001,England,E54000022,NHS Norfolk and Waveney Integrated Care Board - QMM,ICBs,Persons,All ages,,,2020/21,2.31139599043933,2.28314712096751,2.33998600712347,2.26701062558464,2.35662941336846,24824,1073983,,,Higher 99.8,Not compared,20200000,New data,,1y
253,COPD: QOF prevalence,E92000001,England,E54000023,NHS Suffolk and North East Essex Integrated Care Board - QJG,ICBs,Persons,All ages,,,2020/21,2.07436527626199,2.04710186768748,2.10198398860901,2.03153995378571,2.11807384844415,21497,1036317,,,Higher 99.8,Not compared,20200000,New data,,1y
253,COPD: QOF prevalence,E92000001,England,E54000024,"NHS Bedfordshire, Luton and Milton Keynes Integrated Care Board - QHG",ICBs,Persons,All ages,,,2020/21,1.5760547109741,1.55240894035879,1.60005479230947,1.53893257464886,1.61405762843933,16549,1050027,,,Lower 99.8,Not compared,20200000,New data,,1y
253,COPD: QOF prevalence,E92000001,England,E54000025,NHS Hertfordshire and West Essex Integrated Care Board - QM7,ICBs,Persons,All ages,,,2020/21,1.52916621861348,1.51021073704834,1.54835588045784,1.4993851992442,1.55952938789384,24317,1590213,,,Lower 99.8,Not compared,20200000,New data,,1y
253,COPD: QOF prevalence,E92000001,England,E54000026,NHS Mid and South Essex Integrated Care Board - QH8,ICBs,Persons,All ages,,,2020/21,1.90229052622765,1.87841459997339,1.92646397339141,1.86478014068829,1.94054051971907,23627,1242029,,,Similar,Not compared,20200000,New data,,1y
253,COPD: QOF prevalence,E92000001,England,E54000027,NHS North West London Integrated Care Board - QRV,ICBs,Persons,All ages,,,2020/21,0.949761606855822,0.938155255211866,0.96151015234896,0.931526282569553,0.968350412040557,25171,2650244,,,Lower 99.8,Not compared,20200000,New data,,1y
253,COPD: QOF prevalence,E92000001,England,E54000028,NHS North Central London Integrated Care Board - QMJ,ICBs,Persons,All ages,,,2020/21,1.13648954804458,1.12065041553344,1.15254993943257,1.11161606534474,1.16191305940157,19283,1696716,,,Lower 99.8,Not compared,20200000,New data,,1y
253,COPD: QOF prevalence,E92000001,England,E54000029,NHS North East London Integrated Care Board - QMF,ICBs,Persons,All ages,,,2020/21,1.09841331543793,1.08497931991083,1.11201177801712,1.07730643850989,1.11992904226785,25092,2284386,,,Lower 99.8,Not compared,20200000,New data,,1y
253,COPD: QOF prevalence,E92000001,England,E54000030,NHS South East London Integrated Care Board - QKK,ICBs,Persons,All ages,,,2020/21,1.31422969953951,1.29860880262911,1.33003596733804,1.28968424027618,1.33923597355842,26519,2017836,,,Lower 99.8,Not compared,20200000,New data,,1y
253,COPD: QOF prevalence,E92000001,England,E54000031,NHS South West London Integrated Care Board - QWE,ICBs,Persons,All ages,,,2020/21,1.10219368646335,1.08665528864797,1.11795176107318,1.07779364095557,1.12713982773533,18849,1710135,,,Lower 99.8,Not compared,20200000,New data,,1y
253,COPD: QOF prevalence,E92000001,England,E54000032,NHS Kent and Medway Integrated Care Board - QKS,ICBs,Persons,All ages,,,2020/21,2.05097549102356,2.03111088516838,2.07103026906454,2.01974137258284,2.08268235974276,39730,1937127,,,Higher 99.8,Not compared,20200000,New data,,1y
253,COPD: QOF prevalence,E92000001,England,E54000034,NHS Frimley Integrated Care Board - QNQ,ICBs,Persons,All ages,,,2020/21,1.28179296792408,1.2574368952108,1.3066145657844,1.24360046993243,1.32114271311298,10306,804030,,,Lower 99.8,Not compared,20200000,New data,,1y
253,COPD: QOF prevalence,E92000001,England,E54000036,NHS Cornwall and the Isles of Scilly Integrated Care Board - QT6,ICBs,Persons,All ages,,,2020/21,2.37940092103664,2.3408977103348,2.41852175089962,2.31897194170962,2.44136523359927,14095,592376,,,Higher 99.8,Not compared,20200000,New data,,1y
253,COPD: QOF prevalence,E92000001,England,E54000037,NHS Devon Integrated Care Board - QJK,ICBs,Persons,All ages,,,2020/21,2.32464505697628,2.29844565804018,2.3511359095941,2.28346868675194,2.36654595265537,29215,1256751,,,Higher 99.8,Not compared,20200000,New data,,1y
253,COPD: QOF prevalence,E92000001,England,E54000038,NHS Somerset Integrated Care Board - QSL,ICBs,Persons,All ages,,,2020/21,2.30344726783247,2.26542669753552,2.34209064467746,2.2437815283662,2.36466123570573,13553,588379,,,Higher 99.8,Not compared,20200000,New data,,1y
253,COPD: QOF prevalence,E92000001,England,E54000039,"NHS Bristol, North Somerset and South Gloucestershire Integrated Care Board - QUY",ICBs,Persons,All ages,,,2020/21,1.81802136580378,1.79255208360551,1.84384573128648,1.77802460197522,1.85890083125575,18953,1042507,,,Lower 99.8,Not compared,20200000,New data,,1y
253,COPD: QOF prevalence,E92000001,England,E54000040,"NHS Bath and North East Somerset, Swindon and Wiltshire Integrated Care Board - QOX",ICBs,Persons,All ages,,,2020/21,1.72453340166306,1.69878846636186,1.7506615499235,1.68411460096847,1.76590483114422,16691,967856,,,Lower 99.8,Not compared,20200000,New data,,1y
253,COPD: QOF prevalence,E92000001,England,E54000041,NHS Dorset Integrated Care Board - QVV,ICBs,Persons,All ages,,,2020/21,2.18242134164075,2.15085731341402,2.21443809201545,2.13285912926462,2.23310897436073,17710,811484,,,Higher 99.8,Not compared,20200000,New data,,1y
253,COPD: QOF prevalence,E92000001,England,E54000042,NHS Hampshire and Isle of Wight Integrated Care Board - QRL,ICBs,Persons,All ages,,,2020/21,1.99502898706149,1.9752549091159,2.01499695211938,1.96393926808614,2.02660069124932,37950,1902228,,,Higher 99.8,Not compared,20200000,New data,,1y
253,COPD: QOF prevalence,E92000001,England,E54000043,NHS Gloucestershire Integrated Care Board - QR1,ICBs,Persons,All ages,,,2020/21,1.85581491675396,1.82368723873611,1.88849769695194,1.80540969790618,1.90760005998148,12366,666338,,,Lower 99.8,Not compared,20200000,New data,,1y
253,COPD: QOF prevalence,E92000001,England,E54000044,"NHS Buckinghamshire, Oxfordshire and Berkshire West Integrated Care Board - QU9",ICBs,Persons,All ages,,,2020/21,1.32633603269594,1.31021150683418,1.34265630029598,1.30100117929446,1.35215748174277,25339,1910451,,,Lower 99.8,Not compared,20200000,New data,,1y
253,COPD: QOF prevalence,E92000001,England,E54000048,NHS Lancashire and South Cumbria Integrated Care Board - QE1,ICBs,Persons,All ages,,,2020/21,2.53906826565697,2.51615932952681,2.56218029920394,2.50304011122047,2.57560130117071,45586,1795383,,,Higher 99.8,Not compared,20200000,New data,,1y
253,COPD: QOF prevalence,E92000001,England,E54000050,NHS North East and North Cumbria Integrated Care Board - QHM,ICBs,Persons,All ages,,,2020/21,2.92517546446665,2.90655379078234,2.94391282588513,2.89586748975456,2.95477102839489,91449,3126274,,,Higher 99.8,Not compared,20200000,New data,,1y
253,COPD: QOF prevalence,E92000001,England,E54000051,NHS Humber and North Yorkshire Integrated Care Board - QOQ,ICBs,Persons,All ages,,,2020/21,2.35111549896734,2.32884936734653,2.37358934356414,2.31610289820074,2.3866444546265,41437,1762440,,,Higher 99.8,Not compared,20200000,New data,,1y
253,COPD: QOF prevalence,E92000001,England,E54000052,NHS Surrey Heartlands Integrated Care Board - QXU,ICBs,Persons,All ages,,,2020/21,1.2869012764803,1.26613083334555,1.30800793767405,1.25430432576244,1.32033403204344,14325,1113139,,,Lower 99.8,Not compared,20200000,New data,,1y
253,COPD: QOF prevalence,E92000001,England,E54000053,NHS Sussex Integrated Care Board - QNX,ICBs,Persons,All ages,,,2020/21,1.93221240099525,1.91219493014436,1.95243525008816,1.90074409716752,1.96419125581964,34744,1798146,,,Similar,Not compared,20200000,New data,,1y
253,COPD: QOF prevalence,E92000001,England,E54000054,NHS West Yorkshire Integrated Care Board - QWO,ICBs,Persons,All ages,,,2020/21,2.20339230904216,2.18561492317277,2.22131100912635,2.17542704076012,2.23170887151705,57257,2598584,,,Higher 99.8,Not compared,20200000,New data,,1y
253,COPD: QOF prevalence,E54000061,NHS South Yorkshire Integrated Care Board - QF7,E38000006,South Yorkshire ICB - 02P ,ICB sub-locations,Persons,All ages,,,2020/21,3.23720726072857,3.17040597348712,3.30536802162749,3.13249426718807,3.34529971567676,8555,264271,,,Higher 99.8,Not compared,20200000,New data,,1y
253,COPD: QOF prevalence,E54000026,NHS Mid and South Essex Integrated Care Board - QH8,E38000007,Mid and South Essex ICB - 99E ,ICB sub-locations,Persons,All ages,,,2020/21,1.86538529235752,1.8162779639075,1.91579444528599,1.78854145769303,1.94546528550367,5299,284070,,,Similar,Similar,20200000,New data,,1y
253,COPD: QOF prevalence,E54000060,NHS Nottingham and Nottinghamshire Integrated Care Board - QT1,E38000008,Nottingham and Nottinghamshire ICB - 02Q ,ICB sub-locations,Persons,All ages,,,2020/21,2.69674693986163,2.60669269509365,2.78982319923583,2.55610829076769,2.84489770037659,3243,120256,,,Higher 99.8,Not compared,20200000,New data,,1y
253,COPD: QOF prevalence,E54000048,NHS Lancashire and South Cumbria Integrated Care Board - QE1,E38000014,Lancashire and South Cumbria ICB - 00Q ,ICB sub-locations,Persons,All ages,,,2020/21,2.16928800570308,2.1029214380137,2.23770117581985,2.06556312218179,2.27810040482243,3895,179552,,,Higher 99.8,Lower 99.8,20200000,New data,,1y
253,COPD: QOF prevalence,E54000048,NHS Lancashire and South Cumbria Integrated Care Board - QE1,E38000015,Lancashire and South Cumbria ICB - 00R ,ICB sub-locations,Persons,All ages,,,2020/21,3.81722581013888,3.72845307296163,3.90802638443506,3.67817048604569,3.96132199817648,6679,174970,,,Higher 99.8,Higher 99.8,20200000,New data,,1y
253,COPD: QOF prevalence,E54000057,NHS Greater Manchester Integrated Care Board - QOP,E38000016,Greater Manchester ICB - 00T ,ICB sub-locations,Persons,All ages,,,2020/21,2.28263713951516,2.23123631399578,2.33519379956488,2.20211323161639,2.3660343007792,7240,317177,,,Higher 99.8,Not compared,20200000,New data,,1y
253,COPD: QOF prevalence,E54000053,NHS Sussex Integrated Care Board - QNX,E38000021,Sussex ICB - 09D ,ICB sub-locations,Persons,All ages,,,2020/21,1.49820006410731,1.45697052089097,1.54057808638562,1.43370778057943,1.56554731742141,4861,324456,,,Lower 99.8,Lower 99.8,20200000,New data,,1y
253,COPD: QOF prevalence,E54000057,NHS Greater Manchester Integrated Care Board - QOP,E38000024,Greater Manchester ICB - 00V ,ICB sub-locations,Persons,All ages,,,2020/21,2.16291485179046,2.10121040931529,2.22639010711926,2.06641847784531,2.26381319287826,4489,207544,,,Higher 99.8,Not compared,20200000,New data,,1y
253,COPD: QOF prevalence,E54000054,NHS West Yorkshire Integrated Care Board - QWO,E38000025,West Yorkshire ICB - 02T ,ICB sub-locations,Persons,All ages,,,2020/21,2.30819465399599,2.24655475590334,2.37148476882656,2.21174704177317,2.40874445741415,5125,222035,,,Higher 99.8,Higher 99.8,20200000,New data,,1y
253,COPD: QOF prevalence,E54000010,NHS Staffordshire and Stoke-on-Trent Integrated Care Board - QNC,E38000028,Staffordshire and Stoke-on-Trent ICB - 04Y ,ICB sub-locations,Persons,All ages,,,2020/21,2.6726912967721,2.58813085197532,2.759936256959,2.54056527293131,2.81149051339201,3620,135444,,,Higher 99.8,Higher 99.8,20200000,New data,,1y
253,COPD: QOF prevalence,E54000026,NHS Mid and South Essex Integrated Care Board - QH8,E38000030,Mid and South Essex ICB - 99F ,ICB sub-locations,Persons,All ages,,,2020/21,2.33832348246257,2.2705231991693,2.40809846887933,2.23230699025494,2.44924876542239,4336,185432,,,Higher 99.8,Higher 99.8,20200000,New data,,1y
253,COPD: QOF prevalence,E54000048,NHS Lancashire and South Cumbria Integrated Care Board - QE1,E38000034,Lancashire and South Cumbria ICB - 00X ,ICB sub-locations,Persons,All ages,,,2020/21,2.32136554689255,2.25408959513391,2.39060031993131,2.21616864952789,2.43143175658853,4341,187002,,,Higher 99.8,Lower 99.8,20200000,New data,,1y
253,COPD: QOF prevalence,E54000061,NHS South Yorkshire Integrated Care Board - QF7,E38000044,South Yorkshire ICB - 02X ,ICB sub-locations,Persons,All ages,,,2020/21,2.82265854264346,2.76636887762232,2.88005965548259,2.73440754083047,2.91367245962635,9205,326111,,,Higher 99.8,Not compared,20200000,New data,,1y
253,COPD: QOF prevalence,E54000041,NHS Dorset Integrated Care Board - QVV,E38000045,Dorset ICB - 11J ,ICB sub-locations,Persons,All ages,,,2020/21,2.18242134164075,2.15085731341402,2.21443809201545,2.13285912926462,2.23310897436073,17710,811484,,,Higher 99.8,Similar,20200000,New data,,1y
253,COPD: QOF prevalence,E54000025,NHS Hertfordshire and West Essex Integrated Care Board - QM7,E38000049,Hertfordshire and West Essex ICB - 06K ,ICB sub-locations,Persons,All ages,,,2020/21,1.57701707459457,1.54596534134423,1.60868231157187,1.52833410704689,1.62722514520139,9563,606398,,,Lower 99.8,Similar,20200000,New data,,1y
253,COPD: QOF prevalence,E54000048,NHS Lancashire and South Cumbria Integrated Care Board - QE1,E38000050,Lancashire and South Cumbria ICB - 01A ,ICB sub-locations,Persons,All ages,,,2020/21,2.57111597374179,2.52198249808572,2.62118093222866,2.49406719806686,2.65048030170453,10058,391192,,,Higher 99.8,Similar,20200000,New data,,1y
253,COPD: QOF prevalence,E54000015,"NHS Leicester, Leicestershire and Rutland Integrated Care Board - QK1",E38000051,"Leicester, Leicestershire and Rutland ICB - 03W ",ICB sub-locations,Persons,All ages,,,2020/21,1.80092751884298,1.7567717351356,1.84617228531152,1.73179593263781,1.87276617694128,6124,340047,,,Lower 99.8,Higher 99.8,20200000,New data,,1y
253,COPD: QOF prevalence,E54000051,NHS Humber and North Yorkshire Integrated Care Board - QOQ,E38000052,Humber and North Yorkshire ICB - 02Y ,ICB sub-locations,Persons,All ages,,,2020/21,2.55011360603121,2.4949590595458,2.60645482776839,2.46368551615929,2.63949161354167,7834,307202,,,Higher 99.8,Higher 99.8,20200000,New data,,1y
253,COPD: QOF prevalence,E54000010,NHS Staffordshire and Stoke-on-Trent Integrated Care Board - QNC,E38000053,Staffordshire and Stoke-on-Trent ICB - 05D ,ICB sub-locations,Persons,All ages,,,2020/21,1.79816288034118,1.73132856996001,1.86752815809534,1.69391173976969,1.90870554233369,2631,146316,,,Lower 99.8,Lower 99.8,20200000,New data,,1y
253,COPD: QOF prevalence,E54000043,NHS Gloucestershire Integrated Care Board - QR1,E38000062,Gloucestershire ICB - 11M ,ICB sub-locations,Persons,All ages,,,2020/21,1.85581491675396,1.82368723873611,1.88849769695194,1.80540969790618,1.90760005998148,12366,666338,,,Lower 99.8,Similar,20200000,New data,,1y
253,COPD: QOF prevalence,E54000008,NHS Cheshire and Merseyside Integrated Care Board - QYG,E38000068,Cheshire and Merseyside ICB - 01F ,ICB sub-locations,Persons,All ages,,,2020/21,2.89100939317131,2.80268448794544,2.98203240582475,2.75295515233924,3.03577061124534,3878,134140,,,Higher 99.8,Higher 99.8,20200000,New data,,1y
253,COPD: QOF prevalence,E54000025,NHS Hertfordshire and West Essex Integrated Care Board - QM7,E38000079,Hertfordshire and West Essex ICB - 06N ,ICB sub-locations,Persons,All ages,,,2020/21,1.42482880461454,1.39656619560206,1.4536549380624,1.38052088608914,1.47053758426736,9436,662255,,,Lower 99.8,Lower 99.8,20200000,New data,,1y
253,COPD: QOF prevalence,E54000057,NHS Greater Manchester Integrated Care Board - QOP,E38000080,Greater Manchester ICB - 01D ,ICB sub-locations,Persons,All ages,,,2020/21,2.54643236820712,2.4841463097627,2.6102383483291,2.44890869511534,2.64773434574476,6108,239865,,,Higher 99.8,Not compared,20200000,New data,,1y
253,COPD: QOF prevalence,E54000051,NHS Humber and North Yorkshire Integrated Care Board - QOQ,E38000085,Humber and North Yorkshire ICB - 03F ,ICB sub-locations,Persons,All ages,,,2020/21,2.85095597662546,2.79233282748408,2.91077302582775,2.75906271122881,2.94581711889037,8650,303407,,,Higher 99.8,Higher 99.8,20200000,New data,,1y
253,COPD: QOF prevalence,E54000023,NHS Suffolk and North East Essex Integrated Care Board - QJG,E38000086,Suffolk and North East Essex ICB - 06L ,ICB sub-locations,Persons,All ages,,,2020/21,1.82004065382904,1.77984795032166,1.86112379463942,1.75706921819219,1.88522560950076,7566,415705,,,Lower 99.8,Lower 99.8,20200000,New data,,1y
253,COPD: QOF prevalence,E54000036,NHS Cornwall and the Isles of Scilly Integrated Care Board - QT6,E38000089,Cornwall and The Isles Of Scilly ICB - 11N ,ICB sub-locations,Persons,All ages,,,2020/21,2.37940092103664,2.3408977103348,2.41852175089962,2.31897194170962,2.44136523359927,14095,592376,,,Higher 99.8,Similar,20200000,New data,,1y
253,COPD: QOF prevalence,E54000008,NHS Cheshire and Merseyside Integrated Care Board - QYG,E38000091,Cheshire and Merseyside ICB - 01J ,ICB sub-locations,Persons,All ages,,,2020/21,3.61334321719792,3.5253208375865,3.70347902450439,3.47550866620999,3.75643138953987,6093,168625,,,Higher 99.8,Higher 99.8,20200000,New data,,1y
253,COPD: QOF prevalence,E54000015,"NHS Leicester, Leicestershire and Rutland Integrated Care Board - QK1",E38000097,"Leicester, Leicestershire and Rutland ICB - 04C ",ICB sub-locations,Persons,All ages,,,2020/21,1.37473660757669,1.3400410903688,1.41031759854117,1.32042932323364,1.43124507361893,5800,421899,,,Lower 99.8,Lower 99.8,20200000,New data,,1y
253,COPD: QOF prevalence,E54000008,NHS Cheshire and Merseyside Integrated Care Board - QYG,E38000101,Cheshire and Merseyside ICB - 99A ,ICB sub-locations,Persons,All ages,,,2020/21,3.06716042345718,3.02209625814072,3.11287499605558,2.99640205816739,3.13953562857347,17004,554389,,,Higher 99.8,Higher 99.8,20200000,New data,,1y
253,COPD: QOF prevalence,E54000026,NHS Mid and South Essex Integrated Care Board - QH8,E38000106,Mid and South Essex ICB - 06Q ,ICB sub-locations,Persons,All ages,,,2020/21,1.61469696628905,1.57610590650504,1.6542170497061,1.55426758951788,1.67743578283674,6461,400137,,,Lower 99.8,Lower 99.8,20200000,New data,,1y
253,COPD: QOF prevalence,E54000023,NHS Suffolk and North East Essex Integrated Care Board - QJG,E38000117,Suffolk and North East Essex ICB - 06T ,ICB sub-locations,Persons,All ages,,,2020/21,2.20565040537923,2.15827256866509,2.25404430825039,2.13140699236869,2.28241963143292,7971,361390,,,Higher 99.8,Higher 99.8,20200000,New data,,1y
253,COPD: QOF prevalence,E54000051,NHS Humber and North Yorkshire Integrated Care Board - QOQ,E38000119,Humber and North Yorkshire ICB - 03H ,ICB sub-locations,Persons,All ages,,,2020/21,2.77275926794932,2.69587685251049,2.85176999653424,2.65249296856954,2.89831619332816,4727,170480,,,Higher 99.8,Higher 99.8,20200000,New data,,1y
253,COPD: QOF prevalence,E54000051,NHS Humber and North Yorkshire Integrated Care Board - QOQ,E38000122,Humber and North Yorkshire ICB - 03K ,ICB sub-locations,Persons,All ages,,,2020/21,2.47888157246004,2.40854998723478,2.55121320784359,2.36888582046198,2.59384912139294,4525,182542,,,Higher 99.8,Higher 99.8,20200000,New data,,1y
253,COPD: QOF prevalence,E54000010,NHS Staffordshire and Stoke-on-Trent Integrated Care Board - QNC,E38000126,Staffordshire and Stoke-on-Trent ICB - 05G ,ICB sub-locations,Persons,All ages,,,2020/21,2.59596745601635,2.52992478453445,2.66368703055307,2.49259079128788,2.7035126477257,5638,217183,,,Higher 99.8,Higher 99.8,20200000,New data,,1y
253,COPD: QOF prevalence,E54000050,NHS North East and North Cumbria Integrated Care Board - QHM,E38000127,North East and North Cumbria ICB - 99C ,ICB sub-locations,Persons,All ages,,,2020/21,2.61643142226184,2.55102726578771,2.68346625826791,2.51404098114177,2.72287548857863,5841,223243,,,Higher 99.8,Lower 99.8,20200000,New data,,1y
253,COPD: QOF prevalence,E54000050,NHS North East and North Cumbria Integrated Care Board - QHM,E38000130,North East and North Cumbria ICB - 00L,ICB sub-locations,Persons,All ages,,,2020/21,2.81203093807854,2.75626725525561,2.86888952528136,2.72460183098087,2.90218183622358,9311,331113,,,Higher 99.8,Lower 99.8,20200000,New data,,1y
253,COPD: QOF prevalence,E54000057,NHS Greater Manchester Integrated Care Board - QOP,E38000135,Greater Manchester ICB - 00Y ,ICB sub-locations,Persons,All ages,,,2020/21,2.34155766488277,2.2842249142529,2.40029408692491,2.25179152778589,2.43481313183746,6108,260852,,,Higher 99.8,Not compared,20200000,New data,,1y
253,COPD: QOF prevalence,E54000044,"NHS Buckinghamshire, Oxfordshire and Berkshire West Integrated Care Board - QU9",E38000136,"Buckinghamshire, Oxfordshire and Berkshire West ICB - 10Q ",ICB sub-locations,Persons,All ages,,,2020/21,1.38490865195896,1.35920481535172,1.41109161860137,1.34459735074158,1.42641102044784,10796,779546,,,Lower 99.8,Higher 99.8,20200000,New data,,1y
253,COPD: QOF prevalence,E54000042,NHS Hampshire and Isle of Wight Integrated Care Board - QRL,E38000137,Hampshire and Isle Of Wight ICB - 10R ,ICB sub-locations,Persons,All ages,,,2020/21,2.16877314372142,2.11004853115241,2.22909490012165,2.07689798905679,2.26461856186934,4990,230084,,,Higher 99.8,Higher 99.8,20200000,New data,,1y
253,COPD: QOF prevalence,E54000061,NHS South Yorkshire Integrated Care Board - QF7,E38000141,South Yorkshire ICB - 03L ,ICB sub-locations,Persons,All ages,,,2020/21,2.99592391304348,2.93169127160805,3.06151948929823,2.89526201442565,3.09997387722364,7938,264960,,,Higher 99.8,Not compared,20200000,New data,,1y
253,COPD: QOF prevalence,E54000057,NHS Greater Manchester Integrated Care Board - QOP,E38000143,Greater Manchester ICB - 01G ,ICB sub-locations,Persons,All ages,,,2020/21,2.55760392531948,2.50073460505889,2.61573181732386,2.46850427791908,2.64983221199153,7407,289607,,,Higher 99.8,Not compared,20200000,New data,,1y
253,COPD: QOF prevalence,E54000061,NHS South Yorkshire Integrated Care Board - QF7,E38000146,South Yorkshire ICB - 03N ,ICB sub-locations,Persons,All ages,,,2020/21,2.07583446070794,2.04047857884294,2.11178975603574,2.02035942326376,2.1327995745376,12751,614259,,,Higher 99.8,Not compared,20200000,New data,,1y
253,COPD: QOF prevalence,E54000038,NHS Somerset Integrated Care Board - QSL,E38000150,Somerset ICB - 11X ,ICB sub-locations,Persons,All ages,,,2020/21,2.30344726783247,2.26542669753552,2.34209064467746,2.2437815283662,2.36466123570573,13553,588379,,,Higher 99.8,Similar,20200000,New data,,1y
253,COPD: QOF prevalence,E54000010,NHS Staffordshire and Stoke-on-Trent Integrated Care Board - QNC,E38000153,Staffordshire and Stoke-on-Trent ICB - 05Q ,ICB sub-locations,Persons,All ages,,,2020/21,1.90655122468151,1.84974120597263,1.96507108405337,1.81774373543309,1.99960911825405,4120,216097,,,Similar,Lower 99.8,20200000,New data,,1y
253,COPD: QOF prevalence,E54000008,NHS Cheshire and Merseyside Integrated Care Board - QYG,E38000161,Cheshire and Merseyside ICB - 01T ,ICB sub-locations,Persons,All ages,,,2020/21,2.99931703144847,2.91600182443973,3.08493705640123,2.86898748684313,3.13537594617561,4699,156669,,,Higher 99.8,Higher 99.8,20200000,New data,,1y
253,COPD: QOF prevalence,E54000050,NHS North East and North Cumbria Integrated Care Board - QHM,E38000163,North East and North Cumbria ICB - 00N ,ICB sub-locations,Persons,All ages,,,2020/21,3.67995557042151,3.58837330717471,3.77378370127,3.53656743313361,3.82892653998725,5831,158453,,,Higher 99.8,Higher 99.8,20200000,New data,,1y
253,COPD: QOF prevalence,E54000026,NHS Mid and South Essex Integrated Care Board - QH8,E38000168,Mid and South Essex ICB - 99G ,ICB sub-locations,Persons,All ages,,,2020/21,2.1610825964609,2.09662149154041,2.22748048153381,2.06031337057954,2.2666663461416,4101,189766,,,Higher 99.8,Higher 99.8,20200000,New data,,1y
253,COPD: QOF prevalence,E54000008,NHS Cheshire and Merseyside Integrated Care Board - QYG,E38000170,Cheshire and Merseyside ICB - 01V ,ICB sub-locations,Persons,All ages,,,2020/21,2.17806496792984,2.09880997125399,2.26024368662943,2.054406244293,2.30899148253146,2737,125662,,,Higher 99.8,Lower 99.8,20200000,New data,,1y
253,COPD: QOF prevalence,E54000008,NHS Cheshire and Merseyside Integrated Care Board - QYG,E38000172,Cheshire and Merseyside ICB - 01X ,ICB sub-locations,Persons,All ages,,,2020/21,2.98514198604961,2.91135253653886,3.06074270079393,2.86961197015483,3.10517452240945,5953,199421,,,Higher 99.8,Higher 99.8,20200000,New data,,1y
253,COPD: QOF prevalence,E54000010,NHS Staffordshire and Stoke-on-Trent Integrated Care Board - QNC,E38000173,Staffordshire and Stoke-on-Trent ICB - 05V ,ICB sub-locations,Persons,All ages,,,2020/21,1.87032418952618,1.80315846721783,1.93994233738281,1.76551655957582,1.98122810733821,2820,150776,,,Similar,Lower 99.8,20200000,New data,,1y
253,COPD: QOF prevalence,E54000057,NHS Greater Manchester Integrated Care Board - QOP,E38000174,Greater Manchester ICB - 01W ,ICB sub-locations,Persons,All ages,,,2020/21,2.33308060390797,2.28117709528949,2.38613623337763,2.25176256354376,2.41726266602831,7416,317863,,,Higher 99.8,Not compared,20200000,New data,,1y
253,COPD: QOF prevalence,E54000010,NHS Staffordshire and Stoke-on-Trent Integrated Care Board - QNC,E38000175,Staffordshire and Stoke-on-Trent ICB - 05W ,ICB sub-locations,Persons,All ages,,,2020/21,2.69664514256203,2.63892597451374,2.75559102615511,2.60619158315902,2.79014815238013,7989,296257,,,Higher 99.8,Higher 99.8,20200000,New data,,1y
253,COPD: QOF prevalence,E54000050,NHS North East and North Cumbria Integrated Care Board - QHM,E38000176,North East and North Cumbria ICB - 00P ,ICB sub-locations,Persons,All ages,,,2020/21,3.51149924557633,3.44446578845744,3.57978888843111,3.40637435587703,3.61974684211031,9984,284323,,,Higher 99.8,Higher 99.8,20200000,New data,,1y
253,COPD: QOF prevalence,E54000026,NHS Mid and South Essex Integrated Care Board - QH8,E38000185,Mid and South Essex ICB - 07G ,ICB sub-locations,Persons,All ages,,,2020/21,1.87817592430349,1.81691898754886,1.94145728410431,1.78249597670029,1.97888825591741,3430,182624,,,Similar,Similar,20200000,New data,,1y
253,COPD: QOF prevalence,E54000057,NHS Greater Manchester Integrated Care Board - QOP,E38000187,Greater Manchester ICB - 02A ,ICB sub-locations,Persons,All ages,,,2020/21,2.01407514948695,1.9590667143145,2.07059553992592,1.92802089728147,2.10388790425377,4911,243834,,,Higher 99.8,Not compared,20200000,New data,,1y
253,COPD: QOF prevalence,E54000051,NHS Humber and North Yorkshire Integrated Care Board - QOQ,E38000188,Humber and North Yorkshire ICB - 03Q ,ICB sub-locations,Persons,All ages,,,2020/21,1.70352905135205,1.66208750088566,1.7459855361714,1.63864377934796,1.7709373233346,6228,365594,,,Lower 99.8,Lower 99.8,20200000,New data,,1y
253,COPD: QOF prevalence,E54000054,NHS West Yorkshire Integrated Care Board - QWO,E38000190,West Yorkshire ICB - 03R ,ICB sub-locations,Persons,All ages,,,2020/21,2.80901646790122,2.75731261769022,2.86166131351858,2.72791955474915,2.89245257991709,10823,385295,,,Higher 99.8,Higher 99.8,20200000,New data,,1y
253,COPD: QOF prevalence,E54000008,NHS Cheshire and Merseyside Integrated Care Board - QYG,E38000194,Cheshire and Merseyside ICB - 02E ,ICB sub-locations,Persons,All ages,,,2020/21,1.84029901461094,1.78506105335594,1.89721327251055,1.75395502140012,1.93081002911609,4062,220725,,,Similar,Lower 99.8,20200000,New data,,1y
253,COPD: QOF prevalence,E54000025,NHS Hertfordshire and West Essex Integrated Care Board - QM7,E38000197,Hertfordshire and West Essex ICB - 07H ,ICB sub-locations,Persons,All ages,,,2020/21,1.65381266326658,1.61030695748189,1.69847347334999,1.58573502905748,1.72476173628504,5318,321560,,,Lower 99.8,Higher 99.8,20200000,New data,,1y
253,COPD: QOF prevalence,E54000048,NHS Lancashire and South Cumbria Integrated Care Board - QE1,E38000200,Lancashire and South Cumbria ICB - 02G ,ICB sub-locations,Persons,All ages,,,2020/21,2.34522316456029,2.25897426454305,2.4346830679253,2.21066509803183,2.4877631092203,2674,114019,,,Higher 99.8,Lower 99.8,20200000,New data,,1y
253,COPD: QOF prevalence,E54000015,"NHS Leicester, Leicestershire and Rutland Integrated Care Board - QK1",E38000201,"Leicester, Leicestershire and Rutland ICB - 04V ",ICB sub-locations,Persons,All ages,,,2020/21,1.85750163926314,1.81633015602674,1.89958831713085,1.79299808251571,1.92428025889235,7507,404145,,,Lower 99.8,Higher 99.8,20200000,New data,,1y
253,COPD: QOF prevalence,E54000023,NHS Suffolk and North East Essex Integrated Care Board - QJG,E38000204,Suffolk and North East Essex ICB - 07K ,ICB sub-locations,Persons,All ages,,,2020/21,2.29918756895634,2.24219417822248,2.35759471308482,2.2099608748668,2.39192865481135,5960,259222,,,Higher 99.8,Higher 99.8,20200000,New data,,1y
253,COPD: QOF prevalence,E54000057,NHS Greater Manchester Integrated Care Board - QOP,E38000205,Greater Manchester ICB - 02H ,ICB sub-locations,Persons,All ages,,,2020/21,2.6738127584611,2.61971943151656,2.728991731102,2.58901294211043,2.76131135049437,8955,334915,,,Higher 99.8,Not compared,20200000,New data,,1y
253,COPD: QOF prevalence,E54000008,NHS Cheshire and Merseyside Integrated Care Board - QYG,E38000208,Cheshire and Merseyside ICB - 12F ,ICB sub-locations,Persons,All ages,,,2020/21,2.69298440156724,2.63896044553812,2.74808310225848,2.60828911511991,2.78035136556592,9107,338175,,,Higher 99.8,Higher 99.8,20200000,New data,,1y
253,COPD: QOF prevalence,E54000050,NHS North East and North Cumbria Integrated Care Board - QHM,E38000212,North East and North Cumbria ICB - 13T ,ICB sub-locations,Persons,All ages,,,2020/21,2.44201666463134,2.40089284483819,2.48382694968546,2.3774867312386,2.50825307322703,12998,532265,,,Higher 99.8,Lower 99.8,20200000,New data,,1y
253,COPD: QOF prevalence,E54000050,NHS North East and North Cumbria Integrated Care Board - QHM,E38000215,North East and North Cumbria ICB - 01H ,ICB sub-locations,Persons,All ages,,,2020/21,2.51413128876742,2.46103689744464,2.56834097653108,2.43091948286182,2.60011557716876,8224,327111,,,Higher 99.8,Lower 99.8,20200000,New data,,1y
253,COPD: QOF prevalence,E54000057,NHS Greater Manchester Integrated Care Board - QOP,E38000217,Greater Manchester ICB - 14L ,ICB sub-locations,Persons,All ages,,,2020/21,1.96711152424584,1.93432179649727,2.00044574975475,1.91565780459801,2.01991880702027,13332,677745,,,Similar,Not compared,20200000,New data,,1y
253,COPD: QOF prevalence,E54000044,"NHS Buckinghamshire, Oxfordshire and Berkshire West Integrated Care Board - QU9",E38000221,"Buckinghamshire, Oxfordshire and Berkshire West ICB - 15A ",ICB sub-locations,Persons,All ages,,,2020/21,1.23670253313269,1.20802691973066,1.26605011242904,1.19179147694549,1.28328402154475,6895,557531,,,Lower 99.8,Lower 99.8,20200000,New data,,1y
253,COPD: QOF prevalence,E54000039,"NHS Bristol, North Somerset and South Gloucestershire Integrated Care Board - QUY",E38000222,"Bristol, North Somerset and South Gloucestershire ICB - 15C ",ICB sub-locations,Persons,All ages,,,2020/21,1.81802136580378,1.79255208360551,1.84384573128648,1.77802460197522,1.85890083125575,18953,1042507,,,Lower 99.8,Similar,20200000,New data,,1y
253,COPD: QOF prevalence,E54000044,"NHS Buckinghamshire, Oxfordshire and Berkshire West Integrated Care Board - QU9",E38000223,"Buckinghamshire, Oxfordshire and Berkshire West ICB - 14Y ",ICB sub-locations,Persons,All ages,,,2020/21,1.33385887745172,1.30448927626829,1.36388057560704,1.28784495692055,1.38149383874243,7648,573374,,,Lower 99.8,Similar,20200000,New data,,1y
253,COPD: QOF prevalence,E54000054,NHS West Yorkshire Integrated Care Board - QWO,E38000225,West Yorkshire ICB - 15F ,ICB sub-locations,Persons,All ages,,,2020/21,2.01562336421327,1.98675962925053,2.04489768407936,1.970299648592,2.06196775204582,18098,897886,,,Higher 99.8,Lower 99.8,20200000,New data,,1y
253,COPD: QOF prevalence,E54000048,NHS Lancashire and South Cumbria Integrated Care Board - QE1,E38000226,Lancashire and South Cumbria ICB - 02M ,ICB sub-locations,Persons,All ages,,,2020/21,2.93486874553203,2.85799068995975,3.01375061282964,2.81455453363322,3.06016410320017,5296,180451,,,Higher 99.8,Higher 99.8,20200000,New data,,1y
253,COPD: QOF prevalence,E54000048,NHS Lancashire and South Cumbria Integrated Care Board - QE1,E38000227,Lancashire and South Cumbria ICB - 01E ,ICB sub-locations,Persons,All ages,,,2020/21,2.1009895965491,2.0414570026126,2.16221994892331,2.00788491047689,2.19831465270593,4554,216755,,,Higher 99.8,Lower 99.8,20200000,New data,,1y
253,COPD: QOF prevalence,E54000048,NHS Lancashire and South Cumbria Integrated Care Board - QE1,E38000228,Lancashire and South Cumbria ICB - 01K ,ICB sub-locations,Persons,All ages,,,2020/21,2.30166001786924,2.25260131836077,2.35176144537298,2.22477847523546,2.38113365037362,8089,351442,,,Higher 99.8,Lower 99.8,20200000,New data,,1y
253,COPD: QOF prevalence,E54000037,NHS Devon Integrated Care Board - QJK,E38000230,Devon ICB - 15N ,ICB sub-locations,Persons,All ages,,,2020/21,2.32464505697628,2.29844565804018,2.3511359095941,2.28346868675194,2.36654595265537,29215,1256751,,,Higher 99.8,Similar,20200000,New data,,1y
253,COPD: QOF prevalence,E54000040,"NHS Bath and North East Somerset, Swindon and Wiltshire Integrated Care Board - QOX",E38000231,"Bath and North East Somerset, Swindon and Wiltshire ICB - 92G ",ICB sub-locations,Persons,All ages,,,2020/21,1.72453340166306,1.69878846636186,1.7506615499235,1.68411460096847,1.76590483114422,16691,967856,,,Lower 99.8,Similar,20200000,New data,,1y
253,COPD: QOF prevalence,E54000054,NHS West Yorkshire Integrated Care Board - QWO,E38000232,West Yorkshire ICB - 36J ,ICB sub-locations,Persons,All ages,,,2020/21,2.13746110081028,2.10246468024074,2.17302712131473,2.08253950769913,2.19379865777187,13799,645579,,,Higher 99.8,Lower 99.8,20200000,New data,,1y
253,COPD: QOF prevalence,E54000008,NHS Cheshire and Merseyside Integrated Care Board - QYG,E38000233,Cheshire and Merseyside ICB - 27D ,ICB sub-locations,Persons,All ages,,,2020/21,2.02186250877247,1.99099141175708,2.05320224648633,1.97339988447544,2.07149012502048,15903,786552,,,Higher 99.8,Lower 99.8,20200000,New data,,1y
253,COPD: QOF prevalence,E54000050,NHS North East and North Cumbria Integrated Care Board - QHM,E38000234,North East and North Cumbria ICB - 84H ,ICB sub-locations,Persons,All ages,,,2020/21,3.14538709977729,3.09993541600685,3.19148325339599,3.07401511595537,3.21836116375233,17569,558564,,,Higher 99.8,Higher 99.8,20200000,New data,,1y
253,COPD: QOF prevalence,E54000053,NHS Sussex Integrated Care Board - QNX,E38000235,Sussex ICB - 97R ,ICB sub-locations,Persons,All ages,,,2020/21,2.36192764574995,2.32257257940017,2.40193316971262,2.3001702705926,2.42530198609609,13290,562676,,,Higher 99.8,Higher 99.8,20200000,New data,,1y
253,COPD: QOF prevalence,E54000019,NHS Herefordshire and Worcestershire Integrated Care Board - QGH,E38000236,Herefordshire and Worcestershire ICB - 18C ,ICB sub-locations,Persons,All ages,,,2020/21,2.15429049853111,2.12284918213977,2.1861870879388,2.10492289440331,2.20478986415705,17394,807412,,,Higher 99.8,Similar,20200000,New data,,1y
253,COPD: QOF prevalence,E54000032,NHS Kent and Medway Integrated Care Board - QKS,E38000237,Kent and Medway ICB - 91Q ,ICB sub-locations,Persons,All ages,,,2020/21,2.05097549102356,2.03111088516838,2.07103026906454,2.01974137258284,2.08268235974276,39730,1937127,,,Higher 99.8,Similar,20200000,New data,,1y
253,COPD: QOF prevalence,E54000013,NHS Lincolnshire Integrated Care Board - QJM,E38000238,Lincolnshire ICB - 71E ,ICB sub-locations,Persons,All ages,,,2020/21,2.30397343812511,2.27137322048873,2.33703036607412,2.25277933678222,2.35630287388499,18486,802353,,,Higher 99.8,Similar,20200000,New data,,1y
253,COPD: QOF prevalence,E54000022,NHS Norfolk and Waveney Integrated Care Board - QMM,E38000239,Norfolk and Waveney ICB - 26A ,ICB sub-locations,Persons,All ages,,,2020/21,2.31139599043933,2.28314712096751,2.33998600712347,2.26701062558464,2.35662941336846,24824,1073983,,,Higher 99.8,Similar,20200000,New data,,1y
253,COPD: QOF prevalence,E54000028,NHS North Central London Integrated Care Board - QMJ,E38000240,North Central London ICB - 93C ,ICB sub-locations,Persons,All ages,,,2020/21,1.13648954804458,1.12065041553344,1.15254993943257,1.11161606534474,1.16191305940157,19283,1696716,,,Lower 99.8,Similar,20200000,New data,,1y
253,COPD: QOF prevalence,E54000051,NHS Humber and North Yorkshire Integrated Care Board - QOQ,E38000241,Humber and North Yorkshire ICB - 42D ,ICB sub-locations,Persons,All ages,,,2020/21,2.18667405329917,2.14354623269417,2.2306498191232,2.11905645779484,2.25639953979833,9473,433215,,,Higher 99.8,Lower 99.8,20200000,New data,,1y
253,COPD: QOF prevalence,E54000060,NHS Nottingham and Nottinghamshire Integrated Care Board - QT1,E38000243,Nottingham and Nottinghamshire ICB - 52R ,ICB sub-locations,Persons,All ages,,,2020/21,2.00720059778548,1.9812068804371,2.03352828107119,1.96636755556273,2.04886384626683,22161,1104075,,,Higher 99.8,Not compared,20200000,New data,,1y
253,COPD: QOF prevalence,E54000030,NHS South East London Integrated Care Board - QKK,E38000244,South East London ICB - 72Q ,ICB sub-locations,Persons,All ages,,,2020/21,1.31422969953951,1.29860880262911,1.33003596733804,1.28968424027618,1.33923597355842,26519,2017836,,,Lower 99.8,Similar,20200000,New data,,1y
253,COPD: QOF prevalence,E54000031,NHS South West London Integrated Care Board - QWE,E38000245,South West London ICB - 36L ,ICB sub-locations,Persons,All ages,,,2020/21,1.10219368646335,1.08665528864797,1.11795176107318,1.07779364095557,1.12713982773533,18849,1710135,,,Lower 99.8,Similar,20200000,New data,,1y
253,COPD: QOF prevalence,E54000052,NHS Surrey Heartlands Integrated Care Board - QXU,E38000246,Surrey Heartlands  ICB - 92A ,ICB sub-locations,Persons,All ages,,,2020/21,1.2869012764803,1.26613083334555,1.30800793767405,1.25430432576244,1.32033403204344,14325,1113139,,,Lower 99.8,Similar,20200000,New data,,1y
253,COPD: QOF prevalence,E54000050,NHS North East and North Cumbria Integrated Care Board - QHM,E38000247,North East and North Cumbria ICB - 16C ,ICB sub-locations,Persons,All ages,,,2020/21,3.04990705875405,3.01019594836937,3.09012535521103,2.98752435912567,3.1135505691475,21691,711202,,,Higher 99.8,Higher 99.8,20200000,New data,,1y
253,COPD: QOF prevalence,E54000053,NHS Sussex Integrated Care Board - QNX,E38000248,Sussex ICB - 70F ,ICB sub-locations,Persons,All ages,,,2020/21,1.82137705896946,1.79411993388269,1.84904049047009,1.7785844327059,1.86517972164816,16593,911014,,,Lower 99.8,Lower 99.8,20200000,New data,,1y
253,COPD: QOF prevalence,E54000024,"NHS Bedfordshire, Luton and Milton Keynes Integrated Care Board - QHG",E38000249,"Bedfordshire, Luton and Milton Keynes ICB - M1J4Y ",ICB sub-locations,Persons,All ages,,,2020/21,1.5760547109741,1.55240894035879,1.60005479230947,1.53893257464886,1.61405762843933,16549,1050027,,,Lower 99.8,Similar,20200000,New data,,1y
253,COPD: QOF prevalence,E54000018,NHS Coventry and Warwickshire Integrated Care Board - QWU,E38000251,Coventry and Warwickshire ICB - B2M3M ,ICB sub-locations,Persons,All ages,,,2020/21,1.64781262305363,1.62338956294863,1.67259686844607,1.60946807258385,1.68705504405071,16948,1028515,,,Lower 99.8,Similar,20200000,New data,,1y
253,COPD: QOF prevalence,E54000034,NHS Frimley Integrated Care Board - QNQ,E38000252,Frimley ICB - D4U1Y ,ICB sub-locations,Persons,All ages,,,2020/21,1.28179296792408,1.2574368952108,1.3066145657844,1.24360046993243,1.32114271311298,10306,804030,,,Lower 99.8,Similar,20200000,New data,,1y
253,COPD: QOF prevalence,E54000042,NHS Hampshire and Isle of Wight Integrated Care Board - QRL,E38000253,Hampshire and Isle Of Wight ICB - D9Y0V ,ICB sub-locations,Persons,All ages,,,2020/21,1.97112210431637,1.95016312344532,1.99230176059909,1.93817623991191,2.00461654691154,32960,1672144,,,Higher 99.8,Similar,20200000,New data,,1y
253,COPD: QOF prevalence,E54000054,NHS West Yorkshire Integrated Care Board - QWO,E38000254,West Yorkshire ICB - X2C4Y ,ICB sub-locations,Persons,All ages,,,2020/21,2.10188280641106,2.06027703041088,2.14431038494022,2.03665319868986,2.16915531838403,9412,447789,,,Higher 99.8,Lower 99.8,20200000,New data,,1y
253,COPD: QOF prevalence,E54000029,NHS North East London Integrated Care Board - QMF,E38000255,North East London ICB - A3A8R ,ICB sub-locations,Persons,All ages,,,2020/21,1.09841331543793,1.08497931991083,1.11201177801712,1.07730643850989,1.11992904226785,25092,2284386,,,Lower 99.8,Similar,20200000,New data,,1y
253,COPD: QOF prevalence,E54000027,NHS North West London Integrated Care Board - QRV,E38000256,North West London ICB - W2U3Z ,ICB sub-locations,Persons,All ages,,,2020/21,0.949761606855822,0.938155255211866,0.96151015234896,0.931526282569553,0.968350412040557,25171,2650244,,,Lower 99.8,Similar,20200000,New data,,1y
253,COPD: QOF prevalence,E54000011,"NHS Shropshire, Telford and Wrekin Integrated Care Board - QOC",E38000257,"Shropshire, Telford and Wrekin ICB - M2L0M ",ICB sub-locations,Persons,All ages,,,2020/21,1.99252971931863,1.9546461073625,2.03113235491031,1.93312270551551,2.05372414405008,10221,512966,,,Higher 99.8,Similar,20200000,New data,,1y
253,COPD: QOF prevalence,,,E92000001,England,England,Persons,All ages,,,2021/22,1.87044350359609,1.867062936552,1.87382870716592,1.86511646839809,1.87578456829127,1152272,61604213,,,Not compared,Not compared,20210000,New data,,1y
253,COPD: QOF prevalence,,,E92000001,England,England,Persons,All ages,"County & UA deprivation deciles in England (IMD2019, 4/23 geography)",Most deprived decile (IMD2019),2021/22,2.21250527444528,2.20093221171159,2.22413780735464,2.19428523512886,2.2308731513586,136592,6173635,Aggregated from all known lower geography values,,Higher 99.8,Not compared,20210000,New data,,1y
253,COPD: QOF prevalence,,,E92000001,England,England,Persons,All ages,"County & UA deprivation deciles in England (IMD2019, 4/23 geography)",Second most deprived decile (IMD2019),2021/22,2.35343059745425,2.33833733133763,2.36861892325803,2.32967643377421,2.37742107097724,90628,3850889,Aggregated from all known lower geography values,,Higher 99.8,Not compared,20210000,New data,,1y
253,COPD: QOF prevalence,,,E92000001,England,England,Persons,All ages,"County & UA deprivation deciles in England (IMD2019, 4/23 geography)",Third more deprived decile (IMD2019),2021/22,1.93293055448686,1.9213452316974,1.94458434938472,1.91469524976589,1.95133607479055,104250,5393365,Aggregated from all known lower geography values,,Higher 99.8,Not compared,20210000,New data,,1y
253,COPD: QOF prevalence,,,E92000001,England,England,Persons,All ages,"County & UA deprivation deciles in England (IMD2019, 4/23 geography)",Fourth more deprived decile (IMD2019),2021/22,1.74886543701436,1.73801203292776,1.75978540378808,1.73178326251948,1.76611308044569,97400,5569325,Aggregated from all known lower geography values,,Lower 99.8,Not compared,20210000,New data,,1y
253,COPD: QOF prevalence,,,E92000001,England,England,Persons,All ages,"County & UA deprivation deciles in England (IMD2019, 4/23 geography)",Fifth more deprived decile (IMD2019),2021/22,1.89631249211622,1.88513217460786,1.90755782853946,1.87871418741583,1.91407242807555,107789,5684137,Aggregated from all known lower geography values,,Higher 99.8,Not compared,20210000,New data,,1y
253,COPD: QOF prevalence,,,E92000001,England,England,Persons,All ages,"County & UA deprivation deciles in England (IMD2019, 4/23 geography)",Fifth less deprived decile (IMD2019),2021/22,1.90019678329766,1.88912862203616,1.911328528187,1.88277466385708,1.91777696600432,110439,5811977,Aggregated from all known lower geography values,,Higher 99.8,Not compared,20210000,New data,,1y
253,COPD: QOF prevalence,,,E92000001,England,England,Persons,All ages,"County & UA deprivation deciles in England (IMD2019, 4/23 geography)",Fourth less deprived decile (IMD2019),2021/22,2.0024906270156,1.99289511369537,2.0121313928711,1.98738210676913,2.01771164108762,163182,8148952,Aggregated from all known lower geography values,,Higher 99.8,Not compared,20210000,New data,,1y
253,COPD: QOF prevalence,,,E92000001,England,England,Persons,All ages,"County & UA deprivation deciles in England (IMD2019, 4/23 geography)",Third less deprived decile (IMD2019),2021/22,1.74481779063048,1.73542833593734,1.75425713961083,1.73003625402799,1.75972336003747,129649,7430518,Aggregated from all known lower geography values,,Lower 99.8,Not compared,20210000,New data,,1y
253,COPD: QOF prevalence,,,E92000001,England,England,Persons,All ages,"County & UA deprivation deciles in England (IMD2019, 4/23 geography)",Second least deprived decile (IMD2019),2021/22,1.69939417502671,1.69084404283812,1.70798679171632,1.68593262571886,1.7129613370752,148437,8734701,Aggregated from all known lower geography values,,Lower 99.8,Not compared,20210000,New data,,1y
253,COPD: QOF prevalence,,,E92000001,England,England,Persons,All ages,"County & UA deprivation deciles in England (IMD2019, 4/23 geography)",Least deprived decile (IMD2019),2021/22,1.32951534041759,1.31931500907767,1.33979346524107,1.31346790400067,1.34575616450337,63906,4806714,Aggregated from all known lower geography values,,Lower 99.8,Not compared,20210000,New data,,1y
253,COPD: QOF prevalence,,,E92000001,England,England,Persons,All ages,"District & UA deprivation deciles in England (IMD2019, 4/23 geography)",Most deprived decile (IMD2019),2021/22,2.25355525154901,2.24376981911026,2.26338237170777,2.23814567951852,2.269068455593,198302,8799518,Aggregated from all known lower geography values,,Higher 99.8,Not compared,20210000,New data,,1y
253,COPD: QOF prevalence,,,E92000001,England,England,Persons,All ages,"District & UA deprivation deciles in England (IMD2019, 4/23 geography)",Second most deprived decile (IMD2019),2021/22,2.12579930109686,2.11616735117896,2.13547413536094,2.11063226176056,2.14107294715251,182327,8576868,Aggregated from all known lower geography values,,Higher 99.8,Not compared,20210000,New data,,1y
253,COPD: QOF prevalence,,,E92000001,England,England,Persons,All ages,"District & UA deprivation deciles in England (IMD2019, 4/23 geography)",Third more deprived decile (IMD2019),2021/22,1.82189561521842,1.81276220865102,1.83107418129362,1.80751564311803,1.8363878498867,149331,8196463,Aggregated from all known lower geography values,,Lower 99.8,Not compared,20210000,New data,,1y
253,COPD: QOF prevalence,,,E92000001,England,England,Persons,All ages,"District & UA deprivation deciles in England (IMD2019, 4/23 geography)",Fourth more deprived decile (IMD2019),2021/22,1.88034818506029,1.86952761177908,1.89123017935276,1.86331545337868,1.8975336039399,113180,6019098,Aggregated from all known lower geography values,,Similar,Not compared,20210000,New data,,1y
253,COPD: QOF prevalence,,,E92000001,England,England,Persons,All ages,"District & UA deprivation deciles in England (IMD2019, 4/23 geography)",Fifth more deprived decile (IMD2019),2021/22,1.91353191057723,1.90179812610553,1.92533666970657,1.89506366056859,1.93217659727708,99605,5205296,Aggregated from all known lower geography values,,Higher 99.8,Not compared,20210000,New data,,1y
253,COPD: QOF prevalence,,,E92000001,England,England,Persons,All ages,"District & UA deprivation deciles in England (IMD2019, 4/23 geography)",Fifth less deprived decile (IMD2019),2021/22,1.72445026647129,1.71459327997518,1.73436291962427,1.70893419352903,1.74010472180849,114897,6662819,Aggregated from all known lower geography values,,Lower 99.8,Not compared,20210000,New data,,1y
253,COPD: QOF prevalence,,,E92000001,England,England,Persons,All ages,"District & UA deprivation deciles in England (IMD2019, 4/23 geography)",Fourth less deprived decile (IMD2019),2021/22,1.79794468111935,1.7869246543268,1.80903141699963,1.7805998642516,1.81545533086193,99812,5551450,Aggregated from all known lower geography values,,Lower 99.8,Not compared,20210000,New data,,1y
253,COPD: QOF prevalence,,,E92000001,England,England,Persons,All ages,"District & UA deprivation deciles in England (IMD2019, 4/23 geography)",Third less deprived decile (IMD2019),2021/22,1.72922021842513,1.71696415591841,1.74156221711618,1.7099352579563,1.74871880856255,74625,4315529,Aggregated from all known lower geography values,,Lower 99.8,Not compared,20210000,New data,,1y
253,COPD: QOF prevalence,,,E92000001,England,England,Persons,All ages,"District & UA deprivation deciles in England (IMD2019, 4/23 geography)",Second least deprived decile (IMD2019),2021/22,1.5871464422888,1.57500744738921,1.59937747530437,1.56804880677815,1.60647287630388,64141,4041278,Aggregated from all known lower geography values,,Lower 99.8,Not compared,20210000,New data,,1y
253,COPD: QOF prevalence,,,E92000001,England,England,Persons,All ages,"District & UA deprivation deciles in England (IMD2019, 4/23 geography)",Least deprived decile (IMD2019),2021/22,1.32326257455923,1.31242470332486,1.33418873389187,1.30621467924815,1.34052994618115,56052,4235894,Aggregated from all known lower geography values,,Lower 99.8,Not compared,20210000,New data,,1y
253,COPD: QOF prevalence,,,E92000001,England,England,Persons,All ages,"County & UA deprivation deciles in England (IMD2025, 4/23 geography)",Most deprived decile (IMD2025),2021/22,2.49052576745443,2.47535156772266,2.50579059679708,2.46664199958343,2.51463483241137,100306,4027503,Aggregated from all known lower geography values,,Higher 99.8,Not compared,20210000,New data,,1y
253,COPD: QOF prevalence,,,E92000001,England,England,Persons,All ages,"County & UA deprivation deciles in England (IMD2025, 4/23 geography)",Second most deprived decile (IMD2025),2021/22,1.66116381752795,1.65070723078769,1.6716855167857,1.64470663727967,1.6777828617235,94748,5703712,Aggregated from all known lower geography values,,Lower 99.8,Not compared,20210000,New data,,1y
253,COPD: QOF prevalence,,,E92000001,England,England,Persons,All ages,"County & UA deprivation deciles in England (IMD2025, 4/23 geography)",Third more deprived decile (IMD2025),2021/22,1.93461891307047,1.92233595109388,1.94697880028554,1.91528747821127,1.95414157721833,92872,4800532,Aggregated from all known lower geography values,,Higher 99.8,Not compared,20210000,New data,,1y
253,COPD: QOF prevalence,,,E92000001,England,England,Persons,All ages,"County & UA deprivation deciles in England (IMD2025, 4/23 geography)",Fourth more deprived decile (IMD2025),2021/22,2.19578193625311,2.18274293596851,2.20889706838827,2.17525812315332,2.21649500635099,105929,4824204,Aggregated from all known lower geography values,,Higher 99.8,Not compared,20210000,New data,,1y
253,COPD: QOF prevalence,,,E92000001,England,England,Persons,All ages,"County & UA deprivation deciles in England (IMD2025, 4/23 geography)",Fifth more deprived decile (IMD2025),2021/22,1.69163960346974,1.68103152903418,1.70231346064274,1.67494388006704,1.70849885692535,95443,5642041,Aggregated from all known lower geography values,,Lower 99.8,Not compared,20210000,New data,,1y
253,COPD: QOF prevalence,,,E92000001,England,England,Persons,All ages,"County & UA deprivation deciles in England (IMD2025, 4/23 geography)",Fifth less deprived decile (IMD2025),2021/22,1.89887119303263,1.88911997570047,1.90867176477899,1.88351903240436,1.91434604438936,142184,7487817,Aggregated from all known lower geography values,,Higher 99.8,Not compared,20210000,New data,,1y
253,COPD: QOF prevalence,,,E92000001,England,England,Persons,All ages,"County & UA deprivation deciles in England (IMD2025, 4/23 geography)",Fourth less deprived decile (IMD2025),2021/22,1.72874376502438,1.71946305122076,1.73807368513451,1.71413336612702,1.74347648646813,130294,7536918,Aggregated from all known lower geography values,,Lower 99.8,Not compared,20210000,New data,,1y
253,COPD: QOF prevalence,,,E92000001,England,England,Persons,All ages,"County & UA deprivation deciles in England (IMD2025, 4/23 geography)",Third less deprived decile (IMD2025),2021/22,1.97054563861486,1.95937966329314,1.98177395957082,1.95296873999796,1.98827752295816,116631,5918716,Aggregated from all known lower geography values,,Higher 99.8,Not compared,20210000,New data,,1y
253,COPD: QOF prevalence,,,E92000001,England,England,Persons,All ages,"County & UA deprivation deciles in England (IMD2025, 4/23 geography)",Second least deprived decile (IMD2025),2021/22,1.77662692816462,1.76837023404756,1.78492147309847,1.76362594004896,1.78972201009525,173902,9788324,Aggregated from all known lower geography values,,Lower 99.8,Not compared,20210000,New data,,1y
253,COPD: QOF prevalence,,,E92000001,England,England,Persons,All ages,"County & UA deprivation deciles in England (IMD2025, 4/23 geography)",Least deprived decile (IMD2025),2021/22,1.70165833510088,1.69123126577623,1.71214857156311,1.68524681629447,1.71822688181713,99963,5874446,Aggregated from all known lower geography values,,Lower 99.8,Not compared,20210000,New data,,1y
253,COPD: QOF prevalence,,,E92000001,England,England,Persons,All ages,"District & UA deprivation deciles in England (IMD2025, 4/23 geography)",Most deprived decile (IMD2025),2021/22,2.14560175362656,2.13634823653847,2.15489446943377,2.1310297121522,2.16027123968052,201245,9379420,Aggregated from all known lower geography values,,Higher 99.8,Not compared,20210000,New data,,1y
253,COPD: QOF prevalence,,,E92000001,England,England,Persons,All ages,"District & UA deprivation deciles in England (IMD2025, 4/23 geography)",Second most deprived decile (IMD2025),2021/22,2.13783269464545,2.12796535210806,2.14774478783752,2.1222953622147,2.15348127327135,175668,8217107,Aggregated from all known lower geography values,,Higher 99.8,Not compared,20210000,New data,,1y
253,COPD: QOF prevalence,,,E92000001,England,England,Persons,All ages,"District & UA deprivation deciles in England (IMD2025, 4/23 geography)",Third more deprived decile (IMD2025),2021/22,2.01762007240642,2.00720939545196,2.02808362829296,2.00122975390551,2.03414184326952,140658,6971481,Aggregated from all known lower geography values,,Higher 99.8,Not compared,20210000,New data,,1y
253,COPD: QOF prevalence,,,E92000001,England,England,Persons,All ages,"District & UA deprivation deciles in England (IMD2025, 4/23 geography)",Fourth more deprived decile (IMD2025),2021/22,1.77574318717458,1.76594156731285,1.78559822072771,1.76031339185375,1.79130576422155,123174,6936476,Aggregated from all known lower geography values,,Lower 99.8,Not compared,20210000,New data,,1y
253,COPD: QOF prevalence,,,E92000001,England,England,Persons,All ages,"District & UA deprivation deciles in England (IMD2025, 4/23 geography)",Fifth more deprived decile (IMD2025),2021/22,1.73384185937517,1.72302990456808,1.74472045438307,1.71682507153094,1.75102430884788,96481,5564579,Aggregated from all known lower geography values,,Lower 99.8,Not compared,20210000,New data,,1y
253,COPD: QOF prevalence,,,E92000001,England,England,Persons,All ages,"District & UA deprivation deciles in England (IMD2025, 4/23 geography)",Fifth less deprived decile (IMD2025),2021/22,1.89151001649603,1.88097570214086,1.90210218407996,1.87492700937551,1.90823684163092,120845,6388811,Aggregated from all known lower geography values,,Higher 99.8,Not compared,20210000,New data,,1y
253,COPD: QOF prevalence,,,E92000001,England,England,Persons,All ages,"District & UA deprivation deciles in England (IMD2025, 4/23 geography)",Fourth less deprived decile (IMD2025),2021/22,1.90464861951816,1.8926363479965,1.91673564156682,1.88574299198019,1.92374007021219,94152,4943274,Aggregated from all known lower geography values,,Higher 99.8,Not compared,20210000,New data,,1y
253,COPD: QOF prevalence,,,E92000001,England,England,Persons,All ages,"District & UA deprivation deciles in England (IMD2025, 4/23 geography)",Third less deprived decile (IMD2025),2021/22,1.66959268012737,1.65815403382572,1.68110888613197,1.65159273414104,1.68778543262386,79932,4787515,Aggregated from all known lower geography values,,Lower 99.8,Not compared,20210000,New data,,1y
253,COPD: QOF prevalence,,,E92000001,England,England,Persons,All ages,"District & UA deprivation deciles in England (IMD2025, 4/23 geography)",Second least deprived decile (IMD2025),2021/22,1.50391936517716,1.49305296171731,1.51486363786468,1.48682179279079,1.52121051352444,71960,4784831,Aggregated from all known lower geography values,,Lower 99.8,Not compared,20210000,New data,,1y
253,COPD: QOF prevalence,,,E92000001,England,England,Persons,All ages,"District & UA deprivation deciles in England (IMD2025, 4/23 geography)",Least deprived decile (IMD2025),2021/22,1.32637640092775,1.31466025266593,1.33819554670768,1.30795038135777,1.34505846305233,48157,3630719,Aggregated from all known lower geography values,,Lower 99.8,Not compared,20210000,New data,,1y
253,COPD: QOF prevalence,E92000001,England,E54000008,NHS Cheshire and Merseyside Integrated Care Board - QYG,ICBs,Persons,All ages,,,2021/22,2.53397,2.51535,2.55273,2.50468,2.5636,68858,2717393,,,Higher 99.8,Not compared,20210000,New data,,1y
253,COPD: QOF prevalence,E92000001,England,E54000010,NHS Staffordshire and Stoke-on-Trent Integrated Care Board - QNC,ICBs,Persons,All ages,,,2021/22,2.25281,2.22609,2.27985,2.21083,2.29558,26381,1171024,,,Higher 99.8,Not compared,20210000,New data,,1y
253,COPD: QOF prevalence,E92000001,England,E54000011,"NHS Shropshire, Telford and Wrekin Integrated Care Board - QOC",ICBs,Persons,All ages,,,2021/22,1.92305,1.88605,1.96076,1.86504,1.98284,9986,519279,,,Similar,Not compared,20210000,New data,,1y
253,COPD: QOF prevalence,E92000001,England,E54000013,NHS Lincolnshire Integrated Care Board - QJM,ICBs,Persons,All ages,,,2021/22,2.29462,2.26215,2.32755,2.24363,2.34674,18484,805536,,,Higher 99.8,Not compared,20210000,New data,,1y
253,COPD: QOF prevalence,E92000001,England,E54000015,"NHS Leicester, Leicestershire and Rutland Integrated Care Board - QK1",ICBs,Persons,All ages,,,2021/22,1.60547,1.58303,1.62822,1.57023,1.64149,19082,1188561,,,Lower 99.8,Not compared,20210000,New data,,1y
253,COPD: QOF prevalence,E92000001,England,E54000018,NHS Coventry and Warwickshire Integrated Care Board - QWU,ICBs,Persons,All ages,,,2021/22,1.59975,1.57595,1.62391,1.56239,1.638,16827,1051850,,,Lower 99.8,Not compared,20210000,New data,,1y
253,COPD: QOF prevalence,E92000001,England,E54000019,NHS Herefordshire and Worcestershire Integrated Care Board - QGH,ICBs,Persons,All ages,,,2021/22,2.08906,2.05824,2.12033,2.04067,2.13857,17034,815391,,,Higher 99.8,Not compared,20210000,New data,,1y
253,COPD: QOF prevalence,E92000001,England,E54000022,NHS Norfolk and Waveney Integrated Care Board - QMM,ICBs,Persons,All ages,,,2021/22,2.26021,2.23236,2.2884,2.21645,2.30482,24429,1080827,,,Higher 99.8,Not compared,20210000,New data,,1y
253,COPD: QOF prevalence,E92000001,England,E54000023,NHS Suffolk and North East Essex Integrated Care Board - QJG,ICBs,Persons,All ages,,,2021/22,2.03622,2.00934,2.06345,1.994,2.07931,21324,1047235,,,Higher 99.8,Not compared,20210000,New data,,1y
253,COPD: QOF prevalence,E92000001,England,E54000024,"NHS Bedfordshire, Luton and Milton Keynes Integrated Care Board - QHG",ICBs,Persons,All ages,,,2021/22,1.52369,1.50074,1.547,1.48765,1.56059,16416,1077382,,,Lower 99.8,Not compared,20210000,New data,,1y
253,COPD: QOF prevalence,E92000001,England,E54000025,NHS Hertfordshire and West Essex Integrated Care Board - QM7,ICBs,Persons,All ages,,,2021/22,1.48597,1.4674,1.50477,1.4568,1.51571,23940,1611073,,,Lower 99.8,Not compared,20210000,New data,,1y
253,COPD: QOF prevalence,E92000001,England,E54000026,NHS Mid and South Essex Integrated Care Board - QH8,ICBs,Persons,All ages,,,2021/22,1.87396,1.85036,1.89786,1.83688,1.91177,23471,1252481,,,Similar,Not compared,20210000,New data,,1y
253,COPD: QOF prevalence,E92000001,England,E54000027,NHS North West London Integrated Care Board - QRV,ICBs,Persons,All ages,,,2021/22,0.90201,0.89095,0.91321,0.88463,0.91973,24996,2771139,,,Lower 99.8,Not compared,20210000,New data,,1y
253,COPD: QOF prevalence,E92000001,England,E54000028,NHS North Central London Integrated Care Board - QMJ,ICBs,Persons,All ages,,,2021/22,1.07805,1.06279,1.09353,1.05409,1.10256,18694,1734053,,,Lower 99.8,Not compared,20210000,New data,,1y
253,COPD: QOF prevalence,E92000001,England,E54000029,NHS North East London Integrated Care Board - QMF,ICBs,Persons,All ages,,,2021/22,1.04047,1.0276,1.0535,1.02025,1.06108,24548,2359319,,,Lower 99.8,Not compared,20210000,New data,,1y
253,COPD: QOF prevalence,E92000001,England,E54000030,NHS South East London Integrated Care Board - QKK,ICBs,Persons,All ages,,,2021/22,1.26934,1.25412,1.28475,1.24542,1.29372,26054,2052559,,,Lower 99.8,Not compared,20210000,New data,,1y
253,COPD: QOF prevalence,E92000001,England,E54000031,NHS South West London Integrated Care Board - QWE,ICBs,Persons,All ages,,,2021/22,1.06222,1.04704,1.07761,1.03838,1.08659,18353,1727803,,,Lower 99.8,Not compared,20210000,New data,,1y
253,COPD: QOF prevalence,E92000001,England,E54000032,NHS Kent and Medway Integrated Care Board - QKS,ICBs,Persons,All ages,,,2021/22,2.00643,1.98692,2.02613,1.97575,2.03758,39419,1964631,,,Higher 99.8,Not compared,20210000,New data,,1y
253,COPD: QOF prevalence,E92000001,England,E54000034,NHS Frimley Integrated Care Board - QNQ,ICBs,Persons,All ages,,,2021/22,1.26054,1.23649,1.28506,1.22283,1.2994,10224,811078,,,Lower 99.8,Not compared,20210000,New data,,1y
253,COPD: QOF prevalence,E92000001,England,E54000036,NHS Cornwall and the Isles of Scilly Integrated Care Board - QT6,ICBs,Persons,All ages,,,2021/22,2.32425,2.28635,2.36276,2.26478,2.38525,13890,597612,,,Higher 99.8,Not compared,20210000,New data,,1y
253,COPD: QOF prevalence,E92000001,England,E54000037,NHS Devon Integrated Care Board - QJK,ICBs,Persons,All ages,,,2021/22,2.27956,2.25376,2.30565,2.23901,2.32083,28980,1271298,,,Higher 99.8,Not compared,20210000,New data,,1y
253,COPD: QOF prevalence,E92000001,England,E54000038,NHS Somerset Integrated Care Board - QSL,ICBs,Persons,All ages,,,2021/22,2.23623,2.19895,2.27413,2.17774,2.29626,13295,594527,,,Higher 99.8,Not compared,20210000,New data,,1y
253,COPD: QOF prevalence,E92000001,England,E54000039,"NHS Bristol, North Somerset and South Gloucestershire Integrated Care Board - QUY",ICBs,Persons,All ages,,,2021/22,1.75748,1.73265,1.78266,1.71848,1.79735,18639,1060553,,,Lower 99.8,Not compared,20210000,New data,,1y
253,COPD: QOF prevalence,E92000001,England,E54000040,"NHS Bath and North East Somerset, Swindon and Wiltshire Integrated Care Board - QOX",ICBs,Persons,All ages,,,2021/22,1.68992,1.6646,1.71562,1.65017,1.73062,16574,980755,,,Lower 99.8,Not compared,20210000,New data,,1y
253,COPD: QOF prevalence,E92000001,England,E54000041,NHS Dorset Integrated Care Board - QVV,ICBs,Persons,All ages,,,2021/22,2.14633,2.11519,2.17792,2.09743,2.19634,17601,820051,,,Higher 99.8,Not compared,20210000,New data,,1y
253,COPD: QOF prevalence,E92000001,England,E54000042,NHS Hampshire and Isle of Wight Integrated Care Board - QRL,ICBs,Persons,All ages,,,2021/22,1.94626,1.92681,1.96589,1.91569,1.97731,37365,1919839,,,Higher 99.8,Not compared,20210000,New data,,1y
253,COPD: QOF prevalence,E92000001,England,E54000043,NHS Gloucestershire Integrated Care Board - QR1,ICBs,Persons,All ages,,,2021/22,1.82015,1.78853,1.85231,1.77054,1.87112,12286,675000,,,Similar,Not compared,20210000,New data,,1y
253,COPD: QOF prevalence,E92000001,England,E54000044,"NHS Buckinghamshire, Oxfordshire and Berkshire West Integrated Care Board - QU9",ICBs,Persons,All ages,,,2021/22,1.28097,1.26525,1.29688,1.25627,1.30615,24881,1942356,,,Lower 99.8,Not compared,20210000,New data,,1y
253,COPD: QOF prevalence,E92000001,England,E54000048,NHS Lancashire and South Cumbria Integrated Care Board - QE1,ICBs,Persons,All ages,,,2021/22,2.44754,2.42516,2.47013,2.41235,2.48324,44412,1814554,,,Higher 99.8,Not compared,20210000,New data,,1y
253,COPD: QOF prevalence,E92000001,England,E54000050,NHS North East and North Cumbria Integrated Care Board - QHM,ICBs,Persons,All ages,,,2021/22,2.82338,2.80515,2.84174,2.79468,2.85237,88908,3148987,,,Higher 99.8,Not compared,20210000,New data,,1y
253,COPD: QOF prevalence,E92000001,England,E54000051,NHS Humber and North Yorkshire Integrated Care Board - QOQ,ICBs,Persons,All ages,,,2021/22,2.33666,2.31454,2.35897,2.30188,2.37194,41504,1776214,,,Higher 99.8,Not compared,20210000,New data,,1y
253,COPD: QOF prevalence,E92000001,England,E54000052,NHS Surrey Heartlands Integrated Care Board - QXU,ICBs,Persons,All ages,,,2021/22,1.26931,1.24878,1.29017,1.2371,1.30235,14273,1124470,,,Lower 99.8,Not compared,20210000,New data,,1y
253,COPD: QOF prevalence,E92000001,England,E54000053,NHS Sussex Integrated Care Board - QNX,ICBs,Persons,All ages,,,2021/22,1.8895,1.86982,1.90938,1.85856,1.92094,34381,1819584,,,Similar,Not compared,20210000,New data,,1y
253,COPD: QOF prevalence,E92000001,England,E54000054,NHS West Yorkshire Integrated Care Board - QWO,ICBs,Persons,All ages,,,2021/22,2.12458,2.1072,2.14211,2.09724,2.15228,55709,2622115,,,Higher 99.8,Not compared,20210000,New data,,1y
253,COPD: QOF prevalence,E92000001,England,E54000055,NHS Birmingham and Solihull Integrated Care Board - QHL,ICBs,Persons,All ages,,,2021/22,1.49526,1.47639,1.51436,1.46562,1.52549,23473,1569829,,,Lower 99.8,Not compared,20210000,New data,,1y
253,COPD: QOF prevalence,E92000001,England,E54000056,NHS Cambridgeshire and Peterborough Integrated Care Board - QUE,ICBs,Persons,All ages,,,2021/22,1.70715,1.68208,1.7326,1.66778,1.74744,17245,1010161,,,Lower 99.8,Not compared,20210000,New data,,1y
253,COPD: QOF prevalence,E92000001,England,E54000057,NHS Greater Manchester Integrated Care Board - QOP,ICBs,Persons,All ages,,,2021/22,2.2277,2.21149,2.24403,2.20219,2.2535,70411,3160705,,,Higher 99.8,Not compared,20210000,New data,,1y
253,COPD: QOF prevalence,E92000001,England,E54000058,NHS Derby and Derbyshire Integrated Care Board - QJ2,ICBs,Persons,All ages,,,2021/22,2.21128,2.18409,2.23881,2.16855,2.25483,24540,1109764,,,Higher 99.8,Not compared,20210000,New data,,1y
253,COPD: QOF prevalence,E92000001,England,E54000059,NHS Northamptonshire Integrated Care Board - QPM,ICBs,Persons,All ages,,,2021/22,1.90623,1.87672,1.93619,1.85991,1.95368,15487,812441,,,Similar,Not compared,20210000,New data,,1y
253,COPD: QOF prevalence,E92000001,England,E54000060,NHS Nottingham and Nottinghamshire Integrated Care Board - QT1,ICBs,Persons,All ages,,,2021/22,2.02677,2.00214,2.0517,1.98807,2.06621,25179,1242319,,,Higher 99.8,Not compared,20210000,New data,,1y
253,COPD: QOF prevalence,E92000001,England,E54000061,NHS South Yorkshire Integrated Care Board - QF7,ICBs,Persons,All ages,,,2021/22,2.57163,2.54625,2.59726,2.53172,2.61215,38053,1479724,,,Higher 99.8,Not compared,20210000,New data,,1y
253,COPD: QOF prevalence,E92000001,England,E54000062,NHS Black Country Integrated Care Board - QUA,ICBs,Persons,All ages,,,2021/22,2.06887,2.04444,2.09359,2.03048,2.10797,26666,1288917,,,Higher 99.8,Not compared,20210000,New data,,1y
253,COPD: QOF prevalence,E54000061,NHS South Yorkshire Integrated Care Board - QF7,E38000006,South Yorkshire ICB - 02P ,ICB sub-locations,Persons,All ages,,,2021/22,3.10155,3.03629,3.16816,2.99927,3.2072,8237,265577,,,Higher 99.8,Higher 99.8,20210000,New data,,1y
253,COPD: QOF prevalence,E54000026,NHS Mid and South Essex Integrated Care Board - QH8,E38000007,Mid and South Essex ICB - 99E ,ICB sub-locations,Persons,All ages,,,2021/22,1.81225,1.76399,1.8618,1.73675,1.89097,5181,285888,,,Similar,Similar,20210000,New data,,1y
253,COPD: QOF prevalence,E54000060,NHS Nottingham and Nottinghamshire Integrated Care Board - QT1,E38000008,Nottingham and Nottinghamshire ICB - 02Q ,ICB sub-locations,Persons,All ages,,,2021/22,2.74035,2.65026,2.83342,2.59963,2.88847,3346,122101,,,Higher 99.8,Higher 99.8,20210000,New data,,1y
253,COPD: QOF prevalence,E54000048,NHS Lancashire and South Cumbria Integrated Care Board - QE1,E38000014,Lancashire and South Cumbria ICB - 00Q ,ICB sub-locations,Persons,All ages,,,2021/22,2.10208,2.03706,2.16913,2.00048,2.20873,3812,181344,,,Higher 99.8,Lower 99.8,20210000,New data,,1y
253,COPD: QOF prevalence,E54000048,NHS Lancashire and South Cumbria Integrated Care Board - QE1,E38000015,Lancashire and South Cumbria ICB - 00R ,ICB sub-locations,Persons,All ages,,,2021/22,3.74766,3.66002,3.83732,3.61038,3.88995,6609,176350,,,Higher 99.8,Higher 99.8,20210000,New data,,1y
253,COPD: QOF prevalence,E54000057,NHS Greater Manchester Integrated Care Board - QOP,E38000016,Greater Manchester ICB - 00T ,ICB sub-locations,Persons,All ages,,,2021/22,2.1872,2.13712,2.23843,2.10875,2.2685,7006,320318,,,Higher 99.8,Similar,20210000,New data,,1y
253,COPD: QOF prevalence,E54000053,NHS Sussex Integrated Care Board - QNX,E38000021,Sussex ICB - 09D ,ICB sub-locations,Persons,All ages,,,2021/22,1.45,1.40976,1.49138,1.38705,1.51576,4780,329655,,,Lower 99.8,Lower 99.8,20210000,New data,,1y
253,COPD: QOF prevalence,E54000057,NHS Greater Manchester Integrated Care Board - QOP,E38000024,Greater Manchester ICB - 00V ,ICB sub-locations,Persons,All ages,,,2021/22,2.09072,2.03024,2.15297,1.99615,2.18968,4367,208875,,,Higher 99.8,Lower 99.8,20210000,New data,,1y
253,COPD: QOF prevalence,E54000054,NHS West Yorkshire Integrated Care Board - QWO,E38000025,West Yorkshire ICB - 02T ,ICB sub-locations,Persons,All ages,,,2021/22,2.24289,2.18219,2.30524,2.14793,2.34195,4992,222570,,,Higher 99.8,Higher 99.8,20210000,New data,,1y
253,COPD: QOF prevalence,E54000010,NHS Staffordshire and Stoke-on-Trent Integrated Care Board - QNC,E38000028,Staffordshire and Stoke-on-Trent ICB - 04Y ,ICB sub-locations,Persons,All ages,,,2021/22,2.60963,2.52627,2.69567,2.47939,2.74653,3552,136111,,,Higher 99.8,Higher 99.8,20210000,New data,,1y
253,COPD: QOF prevalence,E54000026,NHS Mid and South Essex Integrated Care Board - QH8,E38000030,Mid and South Essex ICB - 99F ,ICB sub-locations,Persons,All ages,,,2021/22,2.28377,2.2169,2.35261,2.17922,2.39322,4253,186227,,,Higher 99.8,Higher 99.8,20210000,New data,,1y
253,COPD: QOF prevalence,E54000048,NHS Lancashire and South Cumbria Integrated Care Board - QE1,E38000034,Lancashire and South Cumbria ICB - 00X ,ICB sub-locations,Persons,All ages,,,2021/22,2.22164,2.15598,2.28926,2.11898,2.32916,4175,187924,,,Higher 99.8,Lower 99.8,20210000,New data,,1y
253,COPD: QOF prevalence,E54000061,NHS South Yorkshire Integrated Care Board - QF7,E38000044,South Yorkshire ICB - 02X ,ICB sub-locations,Persons,All ages,,,2021/22,2.888,2.83126,2.94584,2.79903,2.97971,9480,328255,,,Higher 99.8,Higher 99.8,20210000,New data,,1y
253,COPD: QOF prevalence,E54000041,NHS Dorset Integrated Care Board - QVV,E38000045,Dorset ICB - 11J ,ICB sub-locations,Persons,All ages,,,2021/22,2.14633,2.11519,2.17792,2.09743,2.19634,17601,820051,,,Higher 99.8,Similar,20210000,New data,,1y
253,COPD: QOF prevalence,E54000025,NHS Hertfordshire and West Essex Integrated Care Board - QM7,E38000049,Hertfordshire and West Essex ICB - 06K ,ICB sub-locations,Persons,All ages,,,2021/22,1.53535,1.50496,1.56634,1.48771,1.58448,9470,616798,,,Lower 99.8,Higher 99.8,20210000,New data,,1y
253,COPD: QOF prevalence,E54000048,NHS Lancashire and South Cumbria Integrated Care Board - QE1,E38000050,Lancashire and South Cumbria ICB - 01A ,ICB sub-locations,Persons,All ages,,,2021/22,2.44253,2.3949,2.49109,2.36785,2.51951,9667,395778,,,Higher 99.8,Similar,20210000,New data,,1y
253,COPD: QOF prevalence,E54000015,"NHS Leicester, Leicestershire and Rutland Integrated Care Board - QK1",E38000051,"Leicester, Leicestershire and Rutland ICB - 03W ",ICB sub-locations,Persons,All ages,,,2021/22,1.7467,1.70395,1.79049,1.67978,1.81623,6152,352208,,,Lower 99.8,Higher 99.8,20210000,New data,,1y
253,COPD: QOF prevalence,E54000051,NHS Humber and North Yorkshire Integrated Care Board - QOQ,E38000052,Humber and North Yorkshire ICB - 02Y ,ICB sub-locations,Persons,All ages,,,2021/22,2.50229,2.44772,2.55804,2.41679,2.59073,7709,308078,,,Higher 99.8,Higher 99.8,20210000,New data,,1y
253,COPD: QOF prevalence,E54000010,NHS Staffordshire and Stoke-on-Trent Integrated Care Board - QNC,E38000053,Staffordshire and Stoke-on-Trent ICB - 05D ,ICB sub-locations,Persons,All ages,,,2021/22,1.73113,1.66595,1.79882,1.62947,1.83902,2564,148111,,,Lower 99.8,Lower 99.8,20210000,New data,,1y
253,COPD: QOF prevalence,E54000043,NHS Gloucestershire Integrated Care Board - QR1,E38000062,Gloucestershire ICB - 11M ,ICB sub-locations,Persons,All ages,,,2021/22,1.82015,1.78853,1.85231,1.77054,1.87112,12286,675000,,,Similar,Similar,20210000,New data,,1y
253,COPD: QOF prevalence,E54000008,NHS Cheshire and Merseyside Integrated Care Board - QYG,E38000068,Cheshire and Merseyside ICB - 01F ,ICB sub-locations,Persons,All ages,,,2021/22,2.92095,2.83253,3.01205,2.78273,3.06582,3950,135230,,,Higher 99.8,Higher 99.8,20210000,New data,,1y
253,COPD: QOF prevalence,E54000025,NHS Hertfordshire and West Essex Integrated Care Board - QM7,E38000079,Hertfordshire and West Essex ICB - 06N ,ICB sub-locations,Persons,All ages,,,2021/22,1.38081,1.35314,1.40903,1.33743,1.42557,9248,669754,,,Lower 99.8,Lower 99.8,20210000,New data,,1y
253,COPD: QOF prevalence,E54000057,NHS Greater Manchester Integrated Care Board - QOP,E38000080,Greater Manchester ICB - 01D ,ICB sub-locations,Persons,All ages,,,2021/22,2.43681,2.37622,2.49891,2.34195,2.53542,5914,242694,,,Higher 99.8,Higher 99.8,20210000,New data,,1y
253,COPD: QOF prevalence,E54000051,NHS Humber and North Yorkshire Integrated Care Board - QOQ,E38000085,Humber and North Yorkshire ICB - 03F ,ICB sub-locations,Persons,All ages,,,2021/22,2.98946,2.92982,3.05027,2.89595,3.08589,9182,307146,,,Higher 99.8,Higher 99.8,20210000,New data,,1y
253,COPD: QOF prevalence,E54000023,NHS Suffolk and North East Essex Integrated Care Board - QJG,E38000086,Suffolk and North East Essex ICB - 06L ,ICB sub-locations,Persons,All ages,,,2021/22,1.77727,1.73771,1.81771,1.71529,1.84144,7449,419127,,,Lower 99.8,Lower 99.8,20210000,New data,,1y
253,COPD: QOF prevalence,E54000036,NHS Cornwall and the Isles of Scilly Integrated Care Board - QT6,E38000089,Cornwall and The Isles Of Scilly ICB - 11N ,ICB sub-locations,Persons,All ages,,,2021/22,2.32425,2.28635,2.36276,2.26478,2.38525,13890,597612,,,Higher 99.8,Similar,20210000,New data,,1y
253,COPD: QOF prevalence,E54000008,NHS Cheshire and Merseyside Integrated Care Board - QYG,E38000091,Cheshire and Merseyside ICB - 01J ,ICB sub-locations,Persons,All ages,,,2021/22,3.56742,3.48035,3.65659,3.43108,3.70897,6072,170207,,,Higher 99.8,Higher 99.8,20210000,New data,,1y
253,COPD: QOF prevalence,E54000015,"NHS Leicester, Leicestershire and Rutland Integrated Care Board - QK1",E38000097,"Leicester, Leicestershire and Rutland ICB - 04C ",ICB sub-locations,Persons,All ages,,,2021/22,1.31621,1.28246,1.35082,1.2634,1.37119,5622,427137,,,Lower 99.8,Lower 99.8,20210000,New data,,1y
253,COPD: QOF prevalence,E54000008,NHS Cheshire and Merseyside Integrated Care Board - QYG,E38000101,Cheshire and Merseyside ICB - 99A ,ICB sub-locations,Persons,All ages,,,2021/22,3.06202,3.01752,3.10716,2.99214,3.13349,17379,567566,,,Higher 99.8,Higher 99.8,20210000,New data,,1y
253,COPD: QOF prevalence,E54000026,NHS Mid and South Essex Integrated Care Board - QH8,E38000106,Mid and South Essex ICB - 06Q ,ICB sub-locations,Persons,All ages,,,2021/22,1.58653,1.54851,1.62546,1.527,1.64833,6430,405288,,,Lower 99.8,Lower 99.8,20210000,New data,,1y
253,COPD: QOF prevalence,E54000023,NHS Suffolk and North East Essex Integrated Care Board - QJG,E38000117,Suffolk and North East Essex ICB - 06T ,ICB sub-locations,Persons,All ages,,,2021/22,2.17264,2.12589,2.22039,2.09938,2.24838,7947,365777,,,Higher 99.8,Higher 99.8,20210000,New data,,1y
253,COPD: QOF prevalence,E54000051,NHS Humber and North Yorkshire Integrated Care Board - QOQ,E38000119,Humber and North Yorkshire ICB - 03H ,ICB sub-locations,Persons,All ages,,,2021/22,2.71592,2.6401,2.79387,2.59731,2.83979,4664,171728,,,Higher 99.8,Higher 99.8,20210000,New data,,1y
253,COPD: QOF prevalence,E54000051,NHS Humber and North Yorkshire Integrated Care Board - QOQ,E38000122,Humber and North Yorkshire ICB - 03K ,ICB sub-locations,Persons,All ages,,,2021/22,2.4345,2.36503,2.50595,2.32586,2.54808,4475,183816,,,Higher 99.8,Similar,20210000,New data,,1y
253,COPD: QOF prevalence,E54000010,NHS Staffordshire and Stoke-on-Trent Integrated Care Board - QNC,E38000126,Staffordshire and Stoke-on-Trent ICB - 05G ,ICB sub-locations,Persons,All ages,,,2021/22,2.51044,2.44561,2.57695,2.40898,2.61607,5474,218049,,,Higher 99.8,Higher 99.8,20210000,New data,,1y
253,COPD: QOF prevalence,E54000050,NHS North East and North Cumbria Integrated Care Board - QHM,E38000127,North East and North Cumbria ICB - 99C ,ICB sub-locations,Persons,All ages,,,2021/22,2.5295,2.46533,2.5953,2.42905,2.63399,5674,224313,,,Higher 99.8,Lower 99.8,20210000,New data,,1y
253,COPD: QOF prevalence,E54000050,NHS North East and North Cumbria Integrated Care Board - QHM,E38000130,North East and North Cumbria ICB - 00L,ICB sub-locations,Persons,All ages,,,2021/22,2.73542,2.68045,2.79148,2.64924,2.82432,9071,331613,,,Higher 99.8,Similar,20210000,New data,,1y
253,COPD: QOF prevalence,E54000057,NHS Greater Manchester Integrated Care Board - QOP,E38000135,Greater Manchester ICB - 00Y ,ICB sub-locations,Persons,All ages,,,2021/22,2.23585,2.17998,2.29312,2.14838,2.32679,5867,262406,,,Higher 99.8,Similar,20210000,New data,,1y
253,COPD: QOF prevalence,E54000044,"NHS Buckinghamshire, Oxfordshire and Berkshire West Integrated Care Board - QU9",E38000136,"Buckinghamshire, Oxfordshire and Berkshire West ICB - 10Q ",ICB sub-locations,Persons,All ages,,,2021/22,1.3386,1.31357,1.3641,1.29934,1.37902,10639,794786,,,Lower 99.8,Higher 99.8,20210000,New data,,1y
253,COPD: QOF prevalence,E54000042,NHS Hampshire and Isle of Wight Integrated Care Board - QRL,E38000137,Hampshire and Isle Of Wight ICB - 10R ,ICB sub-locations,Persons,All ages,,,2021/22,2.10906,2.05126,2.16846,2.01864,2.20345,4872,231003,,,Higher 99.8,Higher 99.8,20210000,New data,,1y
253,COPD: QOF prevalence,E54000061,NHS South Yorkshire Integrated Care Board - QF7,E38000141,South Yorkshire ICB - 03L ,ICB sub-locations,Persons,All ages,,,2021/22,2.91082,2.84773,2.97526,2.81196,3.01305,7773,267038,,,Higher 99.8,Higher 99.8,20210000,New data,,1y
253,COPD: QOF prevalence,E54000057,NHS Greater Manchester Integrated Care Board - QOP,E38000143,Greater Manchester ICB - 01G ,ICB sub-locations,Persons,All ages,,,2021/22,2.47884,2.42398,2.53491,2.39288,2.5678,7483,301875,,,Higher 99.8,Higher 99.8,20210000,New data,,1y
253,COPD: QOF prevalence,E54000061,NHS South Yorkshire Integrated Care Board - QF7,E38000146,South Yorkshire ICB - 03N ,ICB sub-locations,Persons,All ages,,,2021/22,2.03004,1.9952,2.06548,1.97538,2.08619,12563,618854,,,Higher 99.8,Lower 99.8,20210000,New data,,1y
253,COPD: QOF prevalence,E54000038,NHS Somerset Integrated Care Board - QSL,E38000150,Somerset ICB - 11X ,ICB sub-locations,Persons,All ages,,,2021/22,2.23623,2.19895,2.27413,2.17774,2.29626,13295,594527,,,Higher 99.8,Similar,20210000,New data,,1y
253,COPD: QOF prevalence,E54000010,NHS Staffordshire and Stoke-on-Trent Integrated Care Board - QNC,E38000153,Staffordshire and Stoke-on-Trent ICB - 05Q ,ICB sub-locations,Persons,All ages,,,2021/22,1.86141,1.80556,1.91895,1.77411,1.95291,4065,218383,,,Similar,Lower 99.8,20210000,New data,,1y
253,COPD: QOF prevalence,E54000008,NHS Cheshire and Merseyside Integrated Care Board - QYG,E38000161,Cheshire and Merseyside ICB - 01T ,ICB sub-locations,Persons,All ages,,,2021/22,2.91939,2.8373,3.00378,2.79099,3.05351,4588,157156,,,Higher 99.8,Higher 99.8,20210000,New data,,1y
253,COPD: QOF prevalence,E54000050,NHS North East and North Cumbria Integrated Care Board - QHM,E38000163,North East and North Cumbria ICB - 00N ,ICB sub-locations,Persons,All ages,,,2021/22,3.51892,3.42942,3.61067,3.37882,3.66462,5589,158827,,,Higher 99.8,Higher 99.8,20210000,New data,,1y
253,COPD: QOF prevalence,E54000026,NHS Mid and South Essex Integrated Care Board - QH8,E38000168,Mid and South Essex ICB - 99G ,ICB sub-locations,Persons,All ages,,,2021/22,2.12452,2.06073,2.19024,2.02481,2.22903,4048,190537,,,Higher 99.8,Higher 99.8,20210000,New data,,1y
253,COPD: QOF prevalence,E54000008,NHS Cheshire and Merseyside Integrated Care Board - QYG,E38000170,Cheshire and Merseyside ICB - 01V ,ICB sub-locations,Persons,All ages,,,2021/22,2.07436,1.99729,2.15434,1.95414,2.20181,2626,126593,,,Higher 99.8,Lower 99.8,20210000,New data,,1y
253,COPD: QOF prevalence,E54000008,NHS Cheshire and Merseyside Integrated Care Board - QYG,E38000172,Cheshire and Merseyside ICB - 01X ,ICB sub-locations,Persons,All ages,,,2021/22,2.88397,2.81158,2.95816,2.77065,3.00177,5778,200349,,,Higher 99.8,Higher 99.8,20210000,New data,,1y
253,COPD: QOF prevalence,E54000010,NHS Staffordshire and Stoke-on-Trent Integrated Care Board - QNC,E38000173,Staffordshire and Stoke-on-Trent ICB - 05V ,ICB sub-locations,Persons,All ages,,,2021/22,1.83638,1.77015,1.90505,1.73303,1.94577,2796,152256,,,Similar,Lower 99.8,20210000,New data,,1y
253,COPD: QOF prevalence,E54000057,NHS Greater Manchester Integrated Care Board - QOP,E38000174,Greater Manchester ICB - 01W ,ICB sub-locations,Persons,All ages,,,2021/22,2.23596,2.18536,2.2877,2.1567,2.31807,7172,320757,,,Higher 99.8,Similar,20210000,New data,,1y
253,COPD: QOF prevalence,E54000010,NHS Staffordshire and Stoke-on-Trent Integrated Care Board - QNC,E38000175,Staffordshire and Stoke-on-Trent ICB - 05W ,ICB sub-locations,Persons,All ages,,,2021/22,2.66006,2.6029,2.71843,2.57049,2.75266,7930,298114,,,Higher 99.8,Higher 99.8,20210000,New data,,1y
253,COPD: QOF prevalence,E54000050,NHS North East and North Cumbria Integrated Care Board - QHM,E38000176,North East and North Cumbria ICB - 00P ,ICB sub-locations,Persons,All ages,,,2021/22,3.35326,3.28797,3.41979,3.25089,3.45873,9611,286617,,,Higher 99.8,Higher 99.8,20210000,New data,,1y
253,COPD: QOF prevalence,E54000026,NHS Mid and South Essex Integrated Care Board - QH8,E38000185,Mid and South Essex ICB - 07G ,ICB sub-locations,Persons,All ages,,,2021/22,1.92857,1.86682,1.99232,1.8321,2.03002,3559,184541,,,Similar,Similar,20210000,New data,,1y
253,COPD: QOF prevalence,E54000057,NHS Greater Manchester Integrated Care Board - QOP,E38000187,Greater Manchester ICB - 02A ,ICB sub-locations,Persons,All ages,,,2021/22,1.93316,1.87946,1.98836,1.84916,2.02089,4749,245660,,,Similar,Lower 99.8,20210000,New data,,1y
253,COPD: QOF prevalence,E54000051,NHS Humber and North Yorkshire Integrated Care Board - QOQ,E38000188,Humber and North Yorkshire ICB - 03Q ,ICB sub-locations,Persons,All ages,,,2021/22,1.67928,1.63832,1.72126,1.61514,1.74593,6194,368848,,,Lower 99.8,Lower 99.8,20210000,New data,,1y
253,COPD: QOF prevalence,E54000054,NHS West Yorkshire Integrated Care Board - QWO,E38000190,West Yorkshire ICB - 03R ,ICB sub-locations,Persons,All ages,,,2021/22,2.70787,2.6573,2.75937,2.62856,2.78951,10522,388571,,,Higher 99.8,Higher 99.8,20210000,New data,,1y
253,COPD: QOF prevalence,E54000008,NHS Cheshire and Merseyside Integrated Care Board - QYG,E38000194,Cheshire and Merseyside ICB - 02E ,ICB sub-locations,Persons,All ages,,,2021/22,1.78767,1.73358,1.84341,1.70313,1.87632,3999,223699,,,Similar,Lower 99.8,20210000,New data,,1y
253,COPD: QOF prevalence,E54000025,NHS Hertfordshire and West Essex Integrated Care Board - QM7,E38000197,Hertfordshire and West Essex ICB - 07H ,ICB sub-locations,Persons,All ages,,,2021/22,1.60914,1.56642,1.65301,1.54229,1.67884,5222,324521,,,Lower 99.8,Higher 99.8,20210000,New data,,1y
253,COPD: QOF prevalence,E54000048,NHS Lancashire and South Cumbria Integrated Care Board - QE1,E38000200,Lancashire and South Cumbria ICB - 02G ,ICB sub-locations,Persons,All ages,,,2021/22,2.27917,2.19464,2.36688,2.1473,2.41893,2630,115393,,,Higher 99.8,Lower 99.8,20210000,New data,,1y
253,COPD: QOF prevalence,E54000015,"NHS Leicester, Leicestershire and Rutland Integrated Care Board - QK1",E38000201,"Leicester, Leicestershire and Rutland ICB - 04V ",ICB sub-locations,Persons,All ages,,,2021/22,1.78585,1.74573,1.82689,1.72299,1.85097,7308,409216,,,Lower 99.8,Higher 99.8,20210000,New data,,1y
253,COPD: QOF prevalence,E54000023,NHS Suffolk and North East Essex Integrated Care Board - QJG,E38000204,Suffolk and North East Essex ICB - 07K ,ICB sub-locations,Persons,All ages,,,2021/22,2.25974,2.20356,2.31731,2.1718,2.35116,5928,262331,,,Higher 99.8,Higher 99.8,20210000,New data,,1y
253,COPD: QOF prevalence,E54000057,NHS Greater Manchester Integrated Care Board - QOP,E38000205,Greater Manchester ICB - 02H ,ICB sub-locations,Persons,All ages,,,2021/22,2.52987,2.4775,2.58331,2.44779,2.61462,8564,338516,,,Higher 99.8,Higher 99.8,20210000,New data,,1y
253,COPD: QOF prevalence,E54000008,NHS Cheshire and Merseyside Integrated Care Board - QYG,E38000208,Cheshire and Merseyside ICB - 12F ,ICB sub-locations,Persons,All ages,,,2021/22,2.6082,2.55513,2.66235,2.525,2.69407,8856,339544,,,Higher 99.8,Similar,20210000,New data,,1y
253,COPD: QOF prevalence,E54000050,NHS North East and North Cumbria Integrated Care Board - QHM,E38000212,North East and North Cumbria ICB - 13T ,ICB sub-locations,Persons,All ages,,,2021/22,2.33348,2.29353,2.3741,2.27079,2.39784,12587,539410,,,Higher 99.8,Lower 99.8,20210000,New data,,1y
253,COPD: QOF prevalence,E54000050,NHS North East and North Cumbria Integrated Care Board - QHM,E38000215,North East and North Cumbria ICB - 01H ,ICB sub-locations,Persons,All ages,,,2021/22,2.40179,2.35004,2.45465,2.3207,2.48565,7906,329171,,,Higher 99.8,Lower 99.8,20210000,New data,,1y
253,COPD: QOF prevalence,E54000057,NHS Greater Manchester Integrated Care Board - QOP,E38000217,Greater Manchester ICB - 14L ,ICB sub-locations,Persons,All ages,,,2021/22,1.85629,1.82492,1.8882,1.80706,1.90684,12976,699027,,,Similar,Lower 99.8,20210000,New data,,1y
253,COPD: QOF prevalence,E54000044,"NHS Buckinghamshire, Oxfordshire and Berkshire West Integrated Care Board - QU9",E38000221,"Buckinghamshire, Oxfordshire and Berkshire West ICB - 15A ",ICB sub-locations,Persons,All ages,,,2021/22,1.19929,1.17133,1.22791,1.1555,1.24472,6821,568752,,,Lower 99.8,Lower 99.8,20210000,New data,,1y
253,COPD: QOF prevalence,E54000039,"NHS Bristol, North Somerset and South Gloucestershire Integrated Care Board - QUY",E38000222,"Bristol, North Somerset and South Gloucestershire ICB - 15C ",ICB sub-locations,Persons,All ages,,,2021/22,1.75748,1.73265,1.78266,1.71848,1.79735,18639,1060553,,,Lower 99.8,Similar,20210000,New data,,1y
253,COPD: QOF prevalence,E54000044,"NHS Buckinghamshire, Oxfordshire and Berkshire West Integrated Care Board - QU9",E38000223,"Buckinghamshire, Oxfordshire and Berkshire West ICB - 14Y ",ICB sub-locations,Persons,All ages,,,2021/22,1.2821,1.25343,1.3114,1.2372,1.3286,7421,578818,,,Lower 99.8,Similar,20210000,New data,,1y
253,COPD: QOF prevalence,E54000054,NHS West Yorkshire Integrated Care Board - QWO,E38000225,West Yorkshire ICB - 15F ,ICB sub-locations,Persons,All ages,,,2021/22,1.93624,1.90813,1.96475,1.8921,1.98138,17622,910116,,,Higher 99.8,Lower 99.8,20210000,New data,,1y
253,COPD: QOF prevalence,E54000048,NHS Lancashire and South Cumbria Integrated Care Board - QE1,E38000226,Lancashire and South Cumbria ICB - 02M ,ICB sub-locations,Persons,All ages,,,2021/22,2.81473,2.73984,2.8916,2.69754,2.93684,5138,182540,,,Higher 99.8,Higher 99.8,20210000,New data,,1y
253,COPD: QOF prevalence,E54000048,NHS Lancashire and South Cumbria Integrated Care Board - QE1,E38000227,Lancashire and South Cumbria ICB - 01E ,ICB sub-locations,Persons,All ages,,,2021/22,2.00059,1.94311,2.05973,1.9107,2.09461,4432,221535,,,Higher 99.8,Lower 99.8,20210000,New data,,1y
253,COPD: QOF prevalence,E54000048,NHS Lancashire and South Cumbria Integrated Care Board - QE1,E38000228,Lancashire and South Cumbria ICB - 01K ,ICB sub-locations,Persons,All ages,,,2021/22,2.24745,2.19912,2.29682,2.17171,2.32576,7949,353690,,,Higher 99.8,Lower 99.8,20210000,New data,,1y
253,COPD: QOF prevalence,E54000037,NHS Devon Integrated Care Board - QJK,E38000230,Devon ICB - 15N ,ICB sub-locations,Persons,All ages,,,2021/22,2.27956,2.25376,2.30565,2.23901,2.32083,28980,1271298,,,Higher 99.8,Similar,20210000,New data,,1y
253,COPD: QOF prevalence,E54000040,"NHS Bath and North East Somerset, Swindon and Wiltshire Integrated Care Board - QOX",E38000231,"Bath and North East Somerset, Swindon and Wiltshire ICB - 92G ",ICB sub-locations,Persons,All ages,,,2021/22,1.68992,1.6646,1.71562,1.65017,1.73062,16574,980755,,,Lower 99.8,Similar,20210000,New data,,1y
253,COPD: QOF prevalence,E54000054,NHS West Yorkshire Integrated Care Board - QWO,E38000232,West Yorkshire ICB - 36J ,ICB sub-locations,Persons,All ages,,,2021/22,2.06255,2.02828,2.09738,2.00877,2.11773,13407,650021,,,Higher 99.8,Lower 99.8,20210000,New data,,1y
253,COPD: QOF prevalence,E54000008,NHS Cheshire and Merseyside Integrated Care Board - QYG,E38000233,Cheshire and Merseyside ICB - 27D ,ICB sub-locations,Persons,All ages,,,2021/22,1.95847,1.92828,1.98913,1.91108,2.00702,15610,797049,,,Higher 99.8,Lower 99.8,20210000,New data,,1y
253,COPD: QOF prevalence,E54000050,NHS North East and North Cumbria Integrated Care Board - QHM,E38000234,North East and North Cumbria ICB - 84H ,ICB sub-locations,Persons,All ages,,,2021/22,3.08942,3.04445,3.13503,3.01881,3.16163,17323,560720,,,Higher 99.8,Higher 99.8,20210000,New data,,1y
253,COPD: QOF prevalence,E54000053,NHS Sussex Integrated Care Board - QNX,E38000235,Sussex ICB - 97R ,ICB sub-locations,Persons,All ages,,,2021/22,2.3094,2.27063,2.34881,2.24857,2.37184,13099,567204,,,Higher 99.8,Higher 99.8,20210000,New data,,1y
253,COPD: QOF prevalence,E54000019,NHS Herefordshire and Worcestershire Integrated Care Board - QGH,E38000236,Herefordshire and Worcestershire ICB - 18C ,ICB sub-locations,Persons,All ages,,,2021/22,2.08906,2.05824,2.12033,2.04067,2.13857,17034,815391,,,Higher 99.8,Similar,20210000,New data,,1y
253,COPD: QOF prevalence,E54000032,NHS Kent and Medway Integrated Care Board - QKS,E38000237,Kent and Medway ICB - 91Q ,ICB sub-locations,Persons,All ages,,,2021/22,2.00643,1.98692,2.02613,1.97575,2.03758,39419,1964631,,,Higher 99.8,Similar,20210000,New data,,1y
253,COPD: QOF prevalence,E54000013,NHS Lincolnshire Integrated Care Board - QJM,E38000238,Lincolnshire ICB - 71E ,ICB sub-locations,Persons,All ages,,,2021/22,2.29462,2.26215,2.32755,2.24363,2.34674,18484,805536,,,Higher 99.8,Similar,20210000,New data,,1y
253,COPD: QOF prevalence,E54000022,NHS Norfolk and Waveney Integrated Care Board - QMM,E38000239,Norfolk and Waveney ICB - 26A ,ICB sub-locations,Persons,All ages,,,2021/22,2.26021,2.23236,2.2884,2.21645,2.30482,24429,1080827,,,Higher 99.8,Similar,20210000,New data,,1y
253,COPD: QOF prevalence,E54000028,NHS North Central London Integrated Care Board - QMJ,E38000240,North Central London ICB - 93C ,ICB sub-locations,Persons,All ages,,,2021/22,1.07805,1.06279,1.09353,1.05409,1.10256,18694,1734053,,,Lower 99.8,Similar,20210000,New data,,1y
253,COPD: QOF prevalence,E54000051,NHS Humber and North Yorkshire Integrated Care Board - QOQ,E38000241,Humber and North Yorkshire ICB - 42D ,ICB sub-locations,Persons,All ages,,,2021/22,2.12553,2.08316,2.16873,2.05911,2.19404,9280,436598,,,Higher 99.8,Lower 99.8,20210000,New data,,1y
253,COPD: QOF prevalence,E54000060,NHS Nottingham and Nottinghamshire Integrated Care Board - QT1,E38000243,Nottingham and Nottinghamshire ICB - 52R ,ICB sub-locations,Persons,All ages,,,2021/22,1.949,1.92356,1.97476,1.90904,1.98977,21833,1120218,,,Higher 99.8,Lower 99.8,20210000,New data,,1y
253,COPD: QOF prevalence,E54000030,NHS South East London Integrated Care Board - QKK,E38000244,South East London ICB - 72Q ,ICB sub-locations,Persons,All ages,,,2021/22,1.26934,1.25412,1.28475,1.24542,1.29372,26054,2052559,,,Lower 99.8,Similar,20210000,New data,,1y
253,COPD: QOF prevalence,E54000031,NHS South West London Integrated Care Board - QWE,E38000245,South West London ICB - 36L ,ICB sub-locations,Persons,All ages,,,2021/22,1.06222,1.04704,1.07761,1.03838,1.08659,18353,1727803,,,Lower 99.8,Similar,20210000,New data,,1y
253,COPD: QOF prevalence,E54000052,NHS Surrey Heartlands Integrated Care Board - QXU,E38000246,Surrey Heartlands  ICB - 92A ,ICB sub-locations,Persons,All ages,,,2021/22,1.26931,1.24878,1.29017,1.2371,1.30235,14273,1124470,,,Lower 99.8,Similar,20210000,New data,,1y
253,COPD: QOF prevalence,E54000050,NHS North East and North Cumbria Integrated Care Board - QHM,E38000247,North East and North Cumbria ICB - 16C ,ICB sub-locations,Persons,All ages,,,2021/22,2.94397,2.90513,2.98331,2.88296,3.00623,21147,718316,,,Higher 99.8,Higher 99.8,20210000,New data,,1y
253,COPD: QOF prevalence,E54000053,NHS Sussex Integrated Care Board - QNX,E38000248,Sussex ICB - 70F ,ICB sub-locations,Persons,All ages,,,2021/22,1.7884,1.76156,1.81564,1.74626,1.83154,16502,922725,,,Lower 99.8,Lower 99.8,20210000,New data,,1y
253,COPD: QOF prevalence,E54000024,"NHS Bedfordshire, Luton and Milton Keynes Integrated Care Board - QHG",E38000249,"Bedfordshire, Luton and Milton Keynes ICB - M1J4Y ",ICB sub-locations,Persons,All ages,,,2021/22,1.52369,1.50074,1.547,1.48765,1.56059,16416,1077382,,,Lower 99.8,Similar,20210000,New data,,1y
253,COPD: QOF prevalence,E54000018,NHS Coventry and Warwickshire Integrated Care Board - QWU,E38000251,Coventry and Warwickshire ICB - B2M3M ,ICB sub-locations,Persons,All ages,,,2021/22,1.59975,1.57595,1.62391,1.56239,1.638,16827,1051850,,,Lower 99.8,Similar,20210000,New data,,1y
253,COPD: QOF prevalence,E54000034,NHS Frimley Integrated Care Board - QNQ,E38000252,Frimley ICB - D4U1Y ,ICB sub-locations,Persons,All ages,,,2021/22,1.26054,1.23649,1.28506,1.22283,1.2994,10224,811078,,,Lower 99.8,Similar,20210000,New data,,1y
253,COPD: QOF prevalence,E54000042,NHS Hampshire and Isle of Wight Integrated Care Board - QRL,E38000253,Hampshire and Isle Of Wight ICB - D9Y0V ,ICB sub-locations,Persons,All ages,,,2021/22,1.92399,1.90338,1.94481,1.89159,1.95693,32493,1688836,,,Higher 99.8,Similar,20210000,New data,,1y
253,COPD: QOF prevalence,E54000054,NHS West Yorkshire Integrated Care Board - QWO,E38000254,West Yorkshire ICB - X2C4Y ,ICB sub-locations,Persons,All ages,,,2021/22,2.03311,1.99232,2.07471,1.96916,2.09908,9166,450837,,,Higher 99.8,Lower 99.8,20210000,New data,,1y
253,COPD: QOF prevalence,E54000029,NHS North East London Integrated Care Board - QMF,E38000255,North East London ICB - A3A8R ,ICB sub-locations,Persons,All ages,,,2021/22,1.04047,1.0276,1.0535,1.02025,1.06108,24548,2359319,,,Lower 99.8,Similar,20210000,New data,,1y
253,COPD: QOF prevalence,E54000027,NHS North West London Integrated Care Board - QRV,E38000256,North West London ICB - W2U3Z ,ICB sub-locations,Persons,All ages,,,2021/22,0.90201,0.89095,0.91321,0.88463,0.91973,24996,2771139,,,Lower 99.8,Similar,20210000,New data,,1y
253,COPD: QOF prevalence,E54000011,"NHS Shropshire, Telford and Wrekin Integrated Care Board - QOC",E38000257,"Shropshire, Telford and Wrekin ICB - M2L0M ",ICB sub-locations,Persons,All ages,,,2021/22,1.92305,1.88605,1.96076,1.86504,1.98284,9986,519279,,,Similar,Similar,20210000,New data,,1y
253,COPD: QOF prevalence,E54000055,NHS Birmingham and Solihull Integrated Care Board - QHL,E38000258,Birmingham and Solihull ICB - 15E ,ICB sub-locations,Persons,All ages,,,2021/22,1.49526,1.47639,1.51436,1.46562,1.52549,23473,1569829,,,Lower 99.8,Similar,20210000,New data,,1y
253,COPD: QOF prevalence,E54000062,NHS Black Country Integrated Care Board - QUA,E38000259,Black Country ICB - D2P2L ,ICB sub-locations,Persons,All ages,,,2021/22,2.06887,2.04444,2.09359,2.03048,2.10797,26666,1288917,,,Higher 99.8,Similar,20210000,New data,,1y
253,COPD: QOF prevalence,E54000056,NHS Cambridgeshire and Peterborough Integrated Care Board - QUE,E38000260,Cambridgeshire and Peterborough ICB - 06H ,ICB sub-locations,Persons,All ages,,,2021/22,1.70715,1.68208,1.7326,1.66778,1.74744,17245,1010161,,,Lower 99.8,Similar,20210000,New data,,1y
253,COPD: QOF prevalence,E54000058,NHS Derby and Derbyshire Integrated Care Board - QJ2,E38000261,Derby and Derbyshire ICB - 15M ,ICB sub-locations,Persons,All ages,,,2021/22,2.21128,2.18409,2.23881,2.16855,2.25483,24540,1109764,,,Higher 99.8,Similar,20210000,New data,,1y
253,COPD: QOF prevalence,E54000059,NHS Northamptonshire Integrated Care Board - QPM,E38000262,Northamptonshire ICB - 78H ,ICB sub-locations,Persons,All ages,,,2021/22,1.90623,1.87672,1.93619,1.85991,1.95368,15487,812441,,,Similar,Similar,20210000,New data,,1y
253,COPD: QOF prevalence,E54000057,NHS Greater Manchester Integrated Care Board - QOP,E38000263,Greater Manchester ICB - 01Y ,ICB sub-locations,Persons,All ages,,,2021/22,2.86204,2.79327,2.93245,2.75435,2.97381,6313,220577,,,Higher 99.8,Higher 99.8,20210000,New data,,1y
253,COPD: QOF prevalence,,,E92000001,England,England,Persons,All ages,,,2022/23,1.84596003046392,1.84262220481864,1.8493024381311,1.84070068777812,1.85123323609746,1151474,62378057,,,Not compared,Not compared,20220000,New data,,1y
253,COPD: QOF prevalence,,,E92000001,England,England,Persons,All ages,"County & UA deprivation deciles in England (IMD2019, 4/23 geography)",Most deprived decile (IMD2019),2022/23,2.18906611230221,2.17763817605163,2.20055267164311,2.17107450683015,2.2072034495939,137165,6265914,Aggregated from all known lower geography values,,Higher 99.8,Not compared,20220000,New data,,1y
253,COPD: QOF prevalence,,,E92000001,England,England,Persons,All ages,"County & UA deprivation deciles in England (IMD2019, 4/23 geography)",Second most deprived decile (IMD2019),2022/23,2.33022499433912,2.31527320161054,2.34527102598613,2.30669351657436,2.35399074159269,90560,3886320,Aggregated from all known lower geography values,,Higher 99.8,Not compared,20220000,New data,,1y
253,COPD: QOF prevalence,,,E92000001,England,England,Persons,All ages,"County & UA deprivation deciles in England (IMD2019, 4/23 geography)",Third more deprived decile (IMD2019),2022/23,1.903814502706,1.89241117057009,1.91528520782355,1.88586564061052,1.92193084805562,104418,5484673,Aggregated from all known lower geography values,,Higher 99.8,Not compared,20220000,New data,,1y
253,COPD: QOF prevalence,,,E92000001,England,England,Persons,All ages,"County & UA deprivation deciles in England (IMD2019, 4/23 geography)",Fourth more deprived decile (IMD2019),2022/23,1.72401427138986,1.7133503641276,1.73474337944235,1.70723025570921,1.74096037045558,98072,5688584,Aggregated from all known lower geography values,,Lower 99.8,Not compared,20220000,New data,,1y
253,COPD: QOF prevalence,,,E92000001,England,England,Persons,All ages,"County & UA deprivation deciles in England (IMD2019, 4/23 geography)",Fifth more deprived decile (IMD2019),2022/23,1.86768667856131,1.85664675235517,1.87879099331174,1.85030943973039,1.88522398160742,107265,5743201,Aggregated from all known lower geography values,,Higher 99.8,Not compared,20220000,New data,,1y
253,COPD: QOF prevalence,,,E92000001,England,England,Persons,All ages,"County & UA deprivation deciles in England (IMD2019, 4/23 geography)",Fifth less deprived decile (IMD2019),2022/23,1.88591045535582,1.87493981051473,1.89694405067435,1.86864180110138,1.90333559892209,110744,5872177,Aggregated from all known lower geography values,,Higher 99.8,Not compared,20220000,New data,,1y
253,COPD: QOF prevalence,,,E92000001,England,England,Persons,All ages,"County & UA deprivation deciles in England (IMD2019, 4/23 geography)",Fourth less deprived decile (IMD2019),2022/23,1.98108607405848,1.97159270707546,1.99062422407579,1.96613839277963,1.99614508202554,163203,8238057,Aggregated from all known lower geography values,,Higher 99.8,Not compared,20220000,New data,,1y
253,COPD: QOF prevalence,,,E92000001,England,England,Persons,All ages,"County & UA deprivation deciles in England (IMD2019, 4/23 geography)",Third less deprived decile (IMD2019),2022/23,1.70875518781535,1.69951361988123,1.71804613098482,1.69420658529704,1.723426532822,128400,7514242,Aggregated from all known lower geography values,,Lower 99.8,Not compared,20220000,New data,,1y
253,COPD: QOF prevalence,,,E92000001,England,England,Persons,All ages,"County & UA deprivation deciles in England (IMD2019, 4/23 geography)",Second least deprived decile (IMD2019),2022/23,1.67897908933512,1.67052312580231,1.68747712125778,1.66566582495001,1.69239693204571,148167,8824827,Aggregated from all known lower geography values,,Lower 99.8,Not compared,20220000,New data,,1y
253,COPD: QOF prevalence,,,E92000001,England,England,Persons,All ages,"County & UA deprivation deciles in England (IMD2019, 4/23 geography)",Least deprived decile (IMD2019),2022/23,1.30615617660845,1.29610044503882,1.31628888466443,1.29033635700703,1.32216735289895,63480,4860062,Aggregated from all known lower geography values,,Lower 99.8,Not compared,20220000,New data,,1y
253,COPD: QOF prevalence,,,E92000001,England,England,Persons,All ages,"District & UA deprivation deciles in England (IMD2019, 4/23 geography)",Most deprived decile (IMD2019),2022/23,2.23297376004724,2.22329832466728,2.24269033558218,2.21773736969517,2.24831242121504,199192,8920481,Aggregated from all known lower geography values,,Higher 99.8,Not compared,20220000,New data,,1y
253,COPD: QOF prevalence,,,E92000001,England,England,Persons,All ages,"District & UA deprivation deciles in England (IMD2019, 4/23 geography)",Second most deprived decile (IMD2019),2022/23,2.09776178525798,2.08826116013955,2.1073047035621,2.08280153474345,2.11282717291977,182544,8701846,Aggregated from all known lower geography values,,Higher 99.8,Not compared,20220000,New data,,1y
253,COPD: QOF prevalence,,,E92000001,England,England,Persons,All ages,"District & UA deprivation deciles in England (IMD2019, 4/23 geography)",Third more deprived decile (IMD2019),2022/23,1.79153803140327,1.78254684066144,1.80057374242377,1.77738199795733,1.80580473835077,149045,8319388,Aggregated from all known lower geography values,,Lower 99.8,Not compared,20220000,New data,,1y
253,COPD: QOF prevalence,,,E92000001,England,England,Persons,All ages,"District & UA deprivation deciles in England (IMD2019, 4/23 geography)",Fourth more deprived decile (IMD2019),2022/23,1.87116830269181,1.86042840579242,1.88196901003118,1.85426249524164,1.88822527951527,113780,6080693,Aggregated from all known lower geography values,,Higher 99.8,Not compared,20220000,New data,,1y
253,COPD: QOF prevalence,,,E92000001,England,England,Persons,All ages,"District & UA deprivation deciles in England (IMD2019, 4/23 geography)",Fifth more deprived decile (IMD2019),2022/23,1.88548362087405,1.87390517304676,1.89713222624327,1.86725991624978,1.90388173091481,99346,5268993,Aggregated from all known lower geography values,,Higher 99.8,Not compared,20220000,New data,,1y
253,COPD: QOF prevalence,,,E92000001,England,England,Persons,All ages,"District & UA deprivation deciles in England (IMD2019, 4/23 geography)",Fifth less deprived decile (IMD2019),2022/23,1.68901770531574,1.67932655827947,1.69876381225802,1.67376278710481,1.70440924900295,114067,6753452,Aggregated from all known lower geography values,,Lower 99.8,Not compared,20220000,New data,,1y
253,COPD: QOF prevalence,,,E92000001,England,England,Persons,All ages,"District & UA deprivation deciles in England (IMD2019, 4/23 geography)",Fourth less deprived decile (IMD2019),2022/23,1.76773824677294,1.75686761734968,1.77867492051562,1.75062867978906,1.78501199407836,99185,5610842,Aggregated from all known lower geography values,,Lower 99.8,Not compared,20220000,New data,,1y
253,COPD: QOF prevalence,,,E92000001,England,England,Persons,All ages,"District & UA deprivation deciles in England (IMD2019, 4/23 geography)",Third less deprived decile (IMD2019),2022/23,1.70966494505255,1.69753583893442,1.72187919713461,1.69057979585478,1.72896175950435,74496,4357345,Aggregated from all known lower geography values,,Lower 99.8,Not compared,20220000,New data,,1y
253,COPD: QOF prevalence,,,E92000001,England,England,Persons,All ages,"District & UA deprivation deciles in England (IMD2019, 4/23 geography)",Second least deprived decile (IMD2019),2022/23,1.57278774266027,1.56077010632406,1.58489642272319,1.55388100055429,1.59192081131162,64274,4086629,Aggregated from all known lower geography values,,Lower 99.8,Not compared,20220000,New data,,1y
253,COPD: QOF prevalence,,,E92000001,England,England,Persons,All ages,"District & UA deprivation deciles in England (IMD2019, 4/23 geography)",Least deprived decile (IMD2019),2022/23,1.29826934817506,1.28758662141888,1.30903953101279,1.28146568819088,1.31529041615389,55545,4278388,Aggregated from all known lower geography values,,Lower 99.8,Not compared,20220000,New data,,1y
253,COPD: QOF prevalence,,,E92000001,England,England,Persons,All ages,"County & UA deprivation deciles in England (IMD2025, 4/23 geography)",Most deprived decile (IMD2025),2022/23,2.48154036977532,2.46649836779999,2.49667175755964,2.45786447233445,2.50543847232652,101354,4084318,Aggregated from all known lower geography values,,Higher 99.8,Not compared,20220000,New data,,1y
253,COPD: QOF prevalence,,,E92000001,England,England,Persons,All ages,"County & UA deprivation deciles in England (IMD2025, 4/23 geography)",Second most deprived decile (IMD2025),2022/23,1.63234702957105,1.62202769588901,1.64273091855239,1.6161060001831,1.64874853771273,93964,5756374,Aggregated from all known lower geography values,,Lower 99.8,Not compared,20220000,New data,,1y
253,COPD: QOF prevalence,,,E92000001,England,England,Persons,All ages,"County & UA deprivation deciles in England (IMD2025, 4/23 geography)",Third more deprived decile (IMD2025),2022/23,1.90866997154594,1.89652295670096,1.92089326329537,1.88955258739476,1.92797697328717,92455,4843949,Aggregated from all known lower geography values,,Higher 99.8,Not compared,20220000,New data,,1y
253,COPD: QOF prevalence,,,E92000001,England,England,Persons,All ages,"County & UA deprivation deciles in England (IMD2025, 4/23 geography)",Fourth more deprived decile (IMD2025),2022/23,2.17807567840417,2.1651644592768,2.19106216491118,2.15775294346973,2.19858552134159,106321,4881419,Aggregated from all known lower geography values,,Higher 99.8,Not compared,20220000,New data,,1y
253,COPD: QOF prevalence,,,E92000001,England,England,Persons,All ages,"County & UA deprivation deciles in England (IMD2025, 4/23 geography)",Fifth more deprived decile (IMD2025),2022/23,1.65716196635156,1.64673310280283,1.66765575667227,1.64074841252493,1.67373692237909,94798,5720503,Aggregated from all known lower geography values,,Lower 99.8,Not compared,20220000,New data,,1y
253,COPD: QOF prevalence,,,E92000001,England,England,Persons,All ages,"County & UA deprivation deciles in England (IMD2025, 4/23 geography)",Fifth less deprived decile (IMD2025),2022/23,1.87370294288305,1.86408183882381,1.88337275144145,1.85855563433234,1.88897132653192,142246,7591705,Aggregated from all known lower geography values,,Higher 99.8,Not compared,20220000,New data,,1y
253,COPD: QOF prevalence,,,E92000001,England,England,Persons,All ages,"County & UA deprivation deciles in England (IMD2025, 4/23 geography)",Fourth less deprived decile (IMD2025),2022/23,1.70692306552457,1.69775402859488,1.7161407570521,1.69248849495494,1.72147858714251,130167,7625827,Aggregated from all known lower geography values,,Lower 99.8,Not compared,20220000,New data,,1y
253,COPD: QOF prevalence,,,E92000001,England,England,Persons,All ages,"County & UA deprivation deciles in England (IMD2025, 4/23 geography)",Third less deprived decile (IMD2025),2022/23,1.94890652086499,1.937856519993,1.96001827140341,1.93151220640296,1.9664543395317,116516,5978532,Aggregated from all known lower geography values,,Higher 99.8,Not compared,20220000,New data,,1y
253,COPD: QOF prevalence,,,E92000001,England,England,Persons,All ages,"County & UA deprivation deciles in England (IMD2025, 4/23 geography)",Second least deprived decile (IMD2025),2022/23,1.74463087147002,1.73650859963999,1.75279045640422,1.73184158007601,1.75751291997332,173346,9935970,Aggregated from all known lower geography values,,Lower 99.8,Not compared,20220000,New data,,1y
253,COPD: QOF prevalence,,,E92000001,England,England,Persons,All ages,"County & UA deprivation deciles in England (IMD2025, 4/23 geography)",Least deprived decile (IMD2025),2022/23,1.6831558564031,1.67285884978671,1.69351515290735,1.66694900730618,1.69951755264689,100307,5959460,Aggregated from all known lower geography values,,Lower 99.8,Not compared,20220000,New data,,1y
253,COPD: QOF prevalence,,,E92000001,England,England,Persons,All ages,"District & UA deprivation deciles in England (IMD2025, 4/23 geography)",Most deprived decile (IMD2025),2022/23,2.11689888419957,2.10777106180642,2.12606537664837,2.10252478298742,2.13136911578111,201388,9513350,Aggregated from all known lower geography values,,Higher 99.8,Not compared,20220000,New data,,1y
253,COPD: QOF prevalence,,,E92000001,England,England,Persons,All ages,"District & UA deprivation deciles in England (IMD2025, 4/23 geography)",Second most deprived decile (IMD2025),2022/23,2.10851825983362,2.09880554806895,2.11827494690508,2.09322437881599,2.12392145960103,176422,8367108,Aggregated from all known lower geography values,,Higher 99.8,Not compared,20220000,New data,,1y
253,COPD: QOF prevalence,,,E92000001,England,England,Persons,All ages,"District & UA deprivation deciles in England (IMD2025, 4/23 geography)",Third more deprived decile (IMD2025),2022/23,1.99795533700776,1.98766340410074,2.00829946862888,1.98175193136687,2.01428850405034,141160,7065223,Aggregated from all known lower geography values,,Higher 99.8,Not compared,20220000,New data,,1y
253,COPD: QOF prevalence,,,E92000001,England,England,Persons,All ages,"District & UA deprivation deciles in England (IMD2025, 4/23 geography)",Fourth more deprived decile (IMD2025),2022/23,1.75907866443913,1.74937060849504,1.76883962489673,1.74379615850461,1.77449268632956,123235,7005656,Aggregated from all known lower geography values,,Lower 99.8,Not compared,20220000,New data,,1y
253,COPD: QOF prevalence,,,E92000001,England,England,Persons,All ages,"District & UA deprivation deciles in England (IMD2025, 4/23 geography)",Fifth more deprived decile (IMD2025),2022/23,1.70814528322489,1.69746838732682,1.71888816138551,1.6913411413674,1.72511345113643,96050,5623058,Aggregated from all known lower geography values,,Lower 99.8,Not compared,20220000,New data,,1y
253,COPD: QOF prevalence,,,E92000001,England,England,Persons,All ages,"District & UA deprivation deciles in England (IMD2025, 4/23 geography)",Fifth less deprived decile (IMD2025),2022/23,1.8583427338915,1.84796481889261,1.86877782017951,1.8420060087996,1.87482158175765,120225,6469474,Aggregated from all known lower geography values,,Similar,Not compared,20220000,New data,,1y
253,COPD: QOF prevalence,,,E92000001,England,England,Persons,All ages,"District & UA deprivation deciles in England (IMD2025, 4/23 geography)",Fourth less deprived decile (IMD2025),2022/23,1.87192072826836,1.8600676475539,1.88384789157696,1.85326579011598,1.8907598291572,93432,4991237,Aggregated from all known lower geography values,,Higher 99.8,Not compared,20220000,New data,,1y
253,COPD: QOF prevalence,,,E92000001,England,England,Persons,All ages,"District & UA deprivation deciles in England (IMD2025, 4/23 geography)",Third less deprived decile (IMD2025),2022/23,1.6515777551055,1.64026178834082,1.66297046946109,1.63377086739795,1.66957543048751,79936,4839978,Aggregated from all known lower geography values,,Lower 99.8,Not compared,20220000,New data,,1y
253,COPD: QOF prevalence,,,E92000001,England,England,Persons,All ages,"District & UA deprivation deciles in England (IMD2025, 4/23 geography)",Second least deprived decile (IMD2025),2022/23,1.48379626608394,1.47304899696652,1.49462075709958,1.4668862366431,1.50089826228437,71622,4826943,Aggregated from all known lower geography values,,Lower 99.8,Not compared,20220000,New data,,1y
253,COPD: QOF prevalence,,,E92000001,England,England,Persons,All ages,"District & UA deprivation deciles in England (IMD2025, 4/23 geography)",Least deprived decile (IMD2025),2022/23,1.30586529489694,1.2943108534362,1.31752150719083,1.28769367949938,1.32428990342568,48004,3676030,Aggregated from all known lower geography values,,Lower 99.8,Not compared,20220000,New data,,1y
253,COPD: QOF prevalence,E92000001,England,E54000008,NHS Cheshire and Merseyside Integrated Care Board - QYG,ICBs,Persons,All ages,,,2022/23,2.53476,2.51623,2.55343,2.5056,2.56425,69545,2743652,,,Higher 99.8,Not compared,20220000,New data,,1y
253,COPD: QOF prevalence,E92000001,England,E54000010,NHS Staffordshire and Stoke-on-Trent Integrated Care Board - QNC,ICBs,Persons,All ages,,,2022/23,2.24445,2.21792,2.27129,2.20276,2.28691,26564,1183541,,,Higher 99.8,Not compared,20220000,New data,,1y
253,COPD: QOF prevalence,E92000001,England,E54000011,"NHS Shropshire, Telford and Wrekin Integrated Care Board - QOC",ICBs,Persons,All ages,,,2022/23,1.88722,1.85075,1.92439,1.83004,1.94615,9902,524687,,,Similar,Not compared,20220000,New data,,1y
253,COPD: QOF prevalence,E92000001,England,E54000013,NHS Lincolnshire Integrated Care Board - QJM,ICBs,Persons,All ages,,,2022/23,2.34268,2.31005,2.37576,2.29144,2.39505,19073,814152,,,Higher 99.8,Not compared,20220000,New data,,1y
253,COPD: QOF prevalence,E92000001,England,E54000015,"NHS Leicester, Leicestershire and Rutland Integrated Care Board - QK1",ICBs,Persons,All ages,,,2022/23,1.55802,1.53596,1.58039,1.52338,1.59343,18602,1193951,,,Lower 99.8,Not compared,20220000,New data,,1y
253,COPD: QOF prevalence,E92000001,England,E54000018,NHS Coventry and Warwickshire Integrated Care Board - QWU,ICBs,Persons,All ages,,,2022/23,1.59219,1.56871,1.61601,1.55533,1.6299,17136,1076256,,,Lower 99.8,Not compared,20220000,New data,,1y
253,COPD: QOF prevalence,E92000001,England,E54000019,NHS Herefordshire and Worcestershire Integrated Care Board - QGH,ICBs,Persons,All ages,,,2022/23,2.08084,2.05022,2.11192,2.03276,2.13004,17115,822503,,,Higher 99.8,Not compared,20220000,New data,,1y
253,COPD: QOF prevalence,E92000001,England,E54000022,NHS Norfolk and Waveney Integrated Care Board - QMM,ICBs,Persons,All ages,,,2022/23,2.28053,2.25265,2.30875,2.23672,2.32517,24816,1088169,,,Higher 99.8,Not compared,20220000,New data,,1y
253,COPD: QOF prevalence,E92000001,England,E54000023,NHS Suffolk and North East Essex Integrated Care Board - QJG,ICBs,Persons,All ages,,,2022/23,2.01585,1.98925,2.04279,1.97407,2.05849,21346,1058910,,,Higher 99.8,Not compared,20220000,New data,,1y
253,COPD: QOF prevalence,E92000001,England,E54000024,"NHS Bedfordshire, Luton and Milton Keynes Integrated Care Board - QHG",ICBs,Persons,All ages,,,2022/23,1.4815,1.45913,1.50422,1.44638,1.51747,16343,1103136,,,Lower 99.8,Not compared,20220000,New data,,1y
253,COPD: QOF prevalence,E92000001,England,E54000025,NHS Hertfordshire and West Essex Integrated Care Board - QM7,ICBs,Persons,All ages,,,2022/23,1.46207,1.44376,1.48062,1.4333,1.49142,23824,1629466,,,Lower 99.8,Not compared,20220000,New data,,1y
253,COPD: QOF prevalence,E92000001,England,E54000026,NHS Mid and South Essex Integrated Care Board - QH8,ICBs,Persons,All ages,,,2022/23,1.84167,1.81839,1.86525,1.80509,1.87898,23295,1264884,,,Similar,Not compared,20220000,New data,,1y
253,COPD: QOF prevalence,E92000001,England,E54000027,NHS North West London Integrated Care Board - QRV,ICBs,Persons,All ages,,,2022/23,0.86296,0.85226,0.8738,0.84614,0.88011,24453,2833623,,,Lower 99.8,Not compared,20220000,New data,,1y
253,COPD: QOF prevalence,E92000001,England,E54000028,NHS North Central London Integrated Care Board - QMJ,ICBs,Persons,All ages,,,2022/23,1.04191,1.02711,1.05693,1.01866,1.06569,18559,1781240,,,Lower 99.8,Not compared,20220000,New data,,1y
253,COPD: QOF prevalence,E92000001,England,E54000029,NHS North East London Integrated Care Board - QMF,ICBs,Persons,All ages,,,2022/23,0.99139,0.97892,1.00402,0.9718,1.01137,23744,2395014,,,Lower 99.8,Not compared,20220000,New data,,1y
253,COPD: QOF prevalence,E92000001,England,E54000030,NHS South East London Integrated Care Board - QKK,ICBs,Persons,All ages,,,2022/23,1.23955,1.22459,1.25469,1.21604,1.26351,25731,2075835,,,Lower 99.8,Not compared,20220000,New data,,1y
253,COPD: QOF prevalence,E92000001,England,E54000031,NHS South West London Integrated Care Board - QWE,ICBs,Persons,All ages,,,2022/23,1.03657,1.02165,1.05171,1.01315,1.06053,18093,1745465,,,Lower 99.8,Not compared,20220000,New data,,1y
253,COPD: QOF prevalence,E92000001,England,E54000032,NHS Kent and Medway Integrated Care Board - QKS,ICBs,Persons,All ages,,,2022/23,1.97654,1.95728,1.99598,1.94626,2.00727,39301,1988377,,,Higher 99.8,Not compared,20220000,New data,,1y
253,COPD: QOF prevalence,E92000001,England,E54000034,NHS Frimley Integrated Care Board - QNQ,ICBs,Persons,All ages,,,2022/23,1.22427,1.20079,1.24821,1.18745,1.26222,10118,826452,,,Lower 99.8,Not compared,20220000,New data,,1y
253,COPD: QOF prevalence,E92000001,England,E54000036,NHS Cornwall and the Isles of Scilly Integrated Care Board - QT6,ICBs,Persons,All ages,,,2022/23,2.39003,2.3517,2.42897,2.32987,2.45171,14348,600327,,,Higher 99.8,Not compared,20220000,New data,,1y
253,COPD: QOF prevalence,E92000001,England,E54000037,NHS Devon Integrated Care Board - QJK,ICBs,Persons,All ages,,,2022/23,2.28608,2.26037,2.31208,2.24567,2.32721,29339,1283375,,,Higher 99.8,Not compared,20220000,New data,,1y
253,COPD: QOF prevalence,E92000001,England,E54000038,NHS Somerset Integrated Care Board - QSL,ICBs,Persons,All ages,,,2022/23,2.18686,2.15017,2.22416,2.12928,2.24596,13128,600313,,,Higher 99.8,Not compared,20220000,New data,,1y
253,COPD: QOF prevalence,E92000001,England,E54000039,"NHS Bristol, North Somerset and South Gloucestershire Integrated Care Board - QUY",ICBs,Persons,All ages,,,2022/23,1.73476,1.71021,1.75965,1.69621,1.77416,18595,1071908,,,Lower 99.8,Not compared,20220000,New data,,1y
253,COPD: QOF prevalence,E92000001,England,E54000040,"NHS Bath and North East Somerset, Swindon and Wiltshire Integrated Care Board - QOX",ICBs,Persons,All ages,,,2022/23,1.70524,1.67996,1.73089,1.66554,1.74586,16927,992647,,,Lower 99.8,Not compared,20220000,New data,,1y
253,COPD: QOF prevalence,E92000001,England,E54000041,NHS Dorset Integrated Care Board - QVV,ICBs,Persons,All ages,,,2022/23,2.11924,2.08839,2.15053,2.0708,2.16878,17493,825438,,,Higher 99.8,Not compared,20220000,New data,,1y
253,COPD: QOF prevalence,E92000001,England,E54000042,NHS Hampshire and Isle of Wight Integrated Care Board - QRL,ICBs,Persons,All ages,,,2022/23,1.95795,1.93856,1.97753,1.92747,1.98891,38032,1942439,,,Higher 99.8,Not compared,20220000,New data,,1y
253,COPD: QOF prevalence,E92000001,England,E54000043,NHS Gloucestershire Integrated Care Board - QR1,ICBs,Persons,All ages,,,2022/23,1.82081,1.78937,1.8528,1.77148,1.87149,12431,682718,,,Similar,Not compared,20220000,New data,,1y
253,COPD: QOF prevalence,E92000001,England,E54000044,"NHS Buckinghamshire, Oxfordshire and Berkshire West Integrated Care Board - QU9",ICBs,Persons,All ages,,,2022/23,1.24789,1.23248,1.26349,1.22368,1.27257,24581,1969806,,,Lower 99.8,Not compared,20220000,New data,,1y
253,COPD: QOF prevalence,E92000001,England,E54000048,NHS Lancashire and South Cumbria Integrated Care Board - QE1,ICBs,Persons,All ages,,,2022/23,2.39512,2.37309,2.41736,2.36047,2.43027,43900,1832891,,,Higher 99.8,Not compared,20220000,New data,,1y
253,COPD: QOF prevalence,E92000001,England,E54000050,NHS North East and North Cumbria Integrated Care Board - QHM,ICBs,Persons,All ages,,,2022/23,2.78661,2.76858,2.80476,2.75824,2.81528,88622,3180275,,,Higher 99.8,Not compared,20220000,New data,,1y
253,COPD: QOF prevalence,E92000001,England,E54000051,NHS Humber and North Yorkshire Integrated Care Board - QOQ,ICBs,Persons,All ages,,,2022/23,2.35811,2.33599,2.38045,2.32332,2.39342,42205,1789778,,,Higher 99.8,Not compared,20220000,New data,,1y
253,COPD: QOF prevalence,E92000001,England,E54000052,NHS Surrey Heartlands Integrated Care Board - QXU,ICBs,Persons,All ages,,,2022/23,1.25102,1.23072,1.27165,1.21917,1.28369,14181,1133556,,,Lower 99.8,Not compared,20220000,New data,,1y
253,COPD: QOF prevalence,E92000001,England,E54000053,NHS Sussex Integrated Care Board - QNX,ICBs,Persons,All ages,,,2022/23,1.87942,1.85987,1.89918,1.84868,1.91067,34462,1833646,,,Higher 99.8,Not compared,20220000,New data,,1y
253,COPD: QOF prevalence,E92000001,England,E54000054,NHS West Yorkshire Integrated Care Board - QWO,ICBs,Persons,All ages,,,2022/23,2.09197,2.07481,2.10928,2.06497,2.11932,55417,2649031,,,Higher 99.8,Not compared,20220000,New data,,1y
253,COPD: QOF prevalence,E92000001,England,E54000055,NHS Birmingham and Solihull Integrated Care Board - QHL,ICBs,Persons,All ages,,,2022/23,1.44789,1.42947,1.46654,1.41895,1.47741,23094,1595014,,,Lower 99.8,Not compared,20220000,New data,,1y
253,COPD: QOF prevalence,E92000001,England,E54000056,NHS Cambridgeshire and Peterborough Integrated Care Board - QUE,ICBs,Persons,All ages,,,2022/23,1.68907,1.6644,1.71411,1.65034,1.7287,17446,1032874,,,Lower 99.8,Not compared,20220000,New data,,1y
253,COPD: QOF prevalence,E92000001,England,E54000057,NHS Greater Manchester Integrated Care Board - QOP,ICBs,Persons,All ages,,,2022/23,2.16272,2.14684,2.17871,2.13773,2.18799,69215,3200373,,,Higher 99.8,Not compared,20220000,New data,,1y
253,COPD: QOF prevalence,E92000001,England,E54000058,NHS Derby and Derbyshire Integrated Care Board - QJ2,ICBs,Persons,All ages,,,2022/23,2.18571,2.1588,2.21295,2.14343,2.22881,24488,1120369,,,Higher 99.8,Not compared,20220000,New data,,1y
253,COPD: QOF prevalence,E92000001,England,E54000059,NHS Northamptonshire Integrated Care Board - QPM,ICBs,Persons,All ages,,,2022/23,1.8975,1.86829,1.92716,1.85165,1.94446,15664,825507,,,Higher 99.8,Not compared,20220000,New data,,1y
253,COPD: QOF prevalence,E92000001,England,E54000060,NHS Nottingham and Nottinghamshire Integrated Care Board - QT1,ICBs,Persons,All ages,,,2022/23,2.01159,1.98723,2.03623,1.97332,2.05058,25375,1261442,,,Higher 99.8,Not compared,20220000,New data,,1y
253,COPD: QOF prevalence,E92000001,England,E54000061,NHS South Yorkshire Integrated Care Board - QF7,ICBs,Persons,All ages,,,2022/23,2.56336,2.53819,2.58878,2.52378,2.60355,38443,1499710,,,Higher 99.8,Not compared,20220000,New data,,1y
253,COPD: QOF prevalence,E92000001,England,E54000062,NHS Black Country Integrated Care Board - QUA,ICBs,Persons,All ages,,,2022/23,2.03232,2.00825,2.05667,1.9945,2.07084,26528,1305307,,,Higher 99.8,Not compared,20220000,New data,,1y
253,COPD: QOF prevalence,E54000061,NHS South Yorkshire Integrated Care Board - QF7,E38000006,South Yorkshire ICB - 02P ,ICB sub-locations,Persons,All ages,,,2022/23,3.02347,2.95926,3.08904,2.92284,3.12746,8089,267540,,,Higher 99.8,Higher 99.8,20220000,New data,,1y
253,COPD: QOF prevalence,E54000026,NHS Mid and South Essex Integrated Care Board - QH8,E38000007,Mid and South Essex ICB - 99E ,ICB sub-locations,Persons,All ages,,,2022/23,1.75459,1.70735,1.8031,1.68069,1.83167,5070,288957,,,Lower 99.8,Lower 99.8,20220000,New data,,1y
253,COPD: QOF prevalence,E54000060,NHS Nottingham and Nottinghamshire Integrated Care Board - QT1,E38000008,Nottingham and Nottinghamshire ICB - 02Q ,ICB sub-locations,Persons,All ages,,,2022/23,2.94655,2.85396,3.04204,2.80187,3.09846,3661,124247,,,Higher 99.8,Higher 99.8,20220000,New data,,1y
253,COPD: QOF prevalence,E54000048,NHS Lancashire and South Cumbria Integrated Care Board - QE1,E38000014,Lancashire and South Cumbria ICB - 00Q ,ICB sub-locations,Persons,All ages,,,2022/23,2.07098,2.00673,2.13724,1.97058,2.17638,3790,183005,,,Higher 99.8,Lower 99.8,20220000,New data,,1y
253,COPD: QOF prevalence,E54000048,NHS Lancashire and South Cumbria Integrated Care Board - QE1,E38000015,Lancashire and South Cumbria ICB - 00R ,ICB sub-locations,Persons,All ages,,,2022/23,3.74617,3.6588,3.83555,3.60932,3.88801,6645,177381,,,Higher 99.8,Higher 99.8,20220000,New data,,1y
253,COPD: QOF prevalence,E54000057,NHS Greater Manchester Integrated Care Board - QOP,E38000016,Greater Manchester ICB - 00T ,ICB sub-locations,Persons,All ages,,,2022/23,2.13279,2.08359,2.18312,2.05573,2.21267,6906,323801,,,Higher 99.8,Similar,20220000,New data,,1y
253,COPD: QOF prevalence,E54000053,NHS Sussex Integrated Care Board - QNX,E38000021,Sussex ICB - 09D ,ICB sub-locations,Persons,All ages,,,2022/23,1.45475,1.41453,1.49609,1.39184,1.52045,4818,331192,,,Lower 99.8,Lower 99.8,20220000,New data,,1y
253,COPD: QOF prevalence,E54000057,NHS Greater Manchester Integrated Care Board - QOP,E38000024,Greater Manchester ICB - 00V ,ICB sub-locations,Persons,All ages,,,2022/23,2.08138,2.02115,2.14336,1.9872,2.17992,4365,209717,,,Higher 99.8,Similar,20220000,New data,,1y
253,COPD: QOF prevalence,E54000054,NHS West Yorkshire Integrated Care Board - QWO,E38000025,West Yorkshire ICB - 02T ,ICB sub-locations,Persons,All ages,,,2022/23,2.2385,2.17799,2.30065,2.14383,2.33724,5004,223543,,,Higher 99.8,Higher 99.8,20220000,New data,,1y
253,COPD: QOF prevalence,E54000010,NHS Staffordshire and Stoke-on-Trent Integrated Care Board - QNC,E38000028,Staffordshire and Stoke-on-Trent ICB - 04Y ,ICB sub-locations,Persons,All ages,,,2022/23,2.57016,2.48774,2.65523,2.4414,2.70552,3526,137190,,,Higher 99.8,Higher 99.8,20220000,New data,,1y
253,COPD: QOF prevalence,E54000026,NHS Mid and South Essex Integrated Care Board - QH8,E38000030,Mid and South Essex ICB - 99F ,ICB sub-locations,Persons,All ages,,,2022/23,2.22003,2.15421,2.28782,2.11713,2.32782,4149,186889,,,Higher 99.8,Higher 99.8,20220000,New data,,1y
253,COPD: QOF prevalence,E54000048,NHS Lancashire and South Cumbria Integrated Care Board - QE1,E38000034,Lancashire and South Cumbria ICB - 00X ,ICB sub-locations,Persons,All ages,,,2022/23,2.15762,2.09321,2.22397,2.05693,2.26313,4094,189746,,,Higher 99.8,Lower 99.8,20220000,New data,,1y
253,COPD: QOF prevalence,E54000061,NHS South Yorkshire Integrated Care Board - QF7,E38000044,South Yorkshire ICB - 02X ,ICB sub-locations,Persons,All ages,,,2022/23,3.00333,2.94581,3.06195,2.91312,3.09625,9968,331898,,,Higher 99.8,Higher 99.8,20220000,New data,,1y
253,COPD: QOF prevalence,E54000041,NHS Dorset Integrated Care Board - QVV,E38000045,Dorset ICB - 11J ,ICB sub-locations,Persons,All ages,,,2022/23,2.11924,2.08839,2.15053,2.0708,2.16878,17493,825438,,,Higher 99.8,Similar,20220000,New data,,1y
253,COPD: QOF prevalence,E54000025,NHS Hertfordshire and West Essex Integrated Care Board - QM7,E38000049,Hertfordshire and West Essex ICB - 06K ,ICB sub-locations,Persons,All ages,,,2022/23,1.52424,1.49411,1.55496,1.477,1.57296,9494,622869,,,Lower 99.8,Higher 99.8,20220000,New data,,1y
253,COPD: QOF prevalence,E54000048,NHS Lancashire and South Cumbria Integrated Care Board - QE1,E38000050,Lancashire and South Cumbria ICB - 01A ,ICB sub-locations,Persons,All ages,,,2022/23,2.42114,2.37396,2.46925,2.34715,2.49741,9680,399811,,,Higher 99.8,Similar,20220000,New data,,1y
253,COPD: QOF prevalence,E54000015,"NHS Leicester, Leicestershire and Rutland Integrated Care Board - QK1",E38000051,"Leicester, Leicestershire and Rutland ICB - 03W ",ICB sub-locations,Persons,All ages,,,2022/23,1.70294,1.66093,1.74599,1.63718,1.7713,6055,355561,,,Lower 99.8,Higher 99.8,20220000,New data,,1y
253,COPD: QOF prevalence,E54000051,NHS Humber and North Yorkshire Integrated Care Board - QOQ,E38000052,Humber and North Yorkshire ICB - 02Y ,ICB sub-locations,Persons,All ages,,,2022/23,2.49814,2.4439,2.55355,2.41315,2.58604,7778,311352,,,Higher 99.8,Higher 99.8,20220000,New data,,1y
253,COPD: QOF prevalence,E54000010,NHS Staffordshire and Stoke-on-Trent Integrated Care Board - QNC,E38000053,Staffordshire and Stoke-on-Trent ICB - 05D ,ICB sub-locations,Persons,All ages,,,2022/23,1.66878,1.60532,1.73471,1.56981,1.77387,2514,150649,,,Lower 99.8,Lower 99.8,20220000,New data,,1y
253,COPD: QOF prevalence,E54000043,NHS Gloucestershire Integrated Care Board - QR1,E38000062,Gloucestershire ICB - 11M ,ICB sub-locations,Persons,All ages,,,2022/23,1.82081,1.78937,1.8528,1.77148,1.87149,12431,682718,,,Similar,Similar,20220000,New data,,1y
253,COPD: QOF prevalence,E54000008,NHS Cheshire and Merseyside Integrated Care Board - QYG,E38000068,Cheshire and Merseyside ICB - 01F ,ICB sub-locations,Persons,All ages,,,2022/23,3.10797,3.01685,3.20174,2.9655,3.25704,4208,135394,,,Higher 99.8,Higher 99.8,20220000,New data,,1y
253,COPD: QOF prevalence,E54000025,NHS Hertfordshire and West Essex Integrated Care Board - QM7,E38000079,Hertfordshire and West Essex ICB - 06N ,ICB sub-locations,Persons,All ages,,,2022/23,1.35014,1.32295,1.37788,1.30752,1.39413,9159,678374,,,Lower 99.8,Lower 99.8,20220000,New data,,1y
253,COPD: QOF prevalence,E54000057,NHS Greater Manchester Integrated Care Board - QOP,E38000080,Greater Manchester ICB - 01D ,ICB sub-locations,Persons,All ages,,,2022/23,2.36741,2.30798,2.42833,2.27438,2.46415,5806,245247,,,Higher 99.8,Higher 99.8,20220000,New data,,1y
253,COPD: QOF prevalence,E54000051,NHS Humber and North Yorkshire Integrated Care Board - QOQ,E38000085,Humber and North Yorkshire ICB - 03F ,ICB sub-locations,Persons,All ages,,,2022/23,3.11543,3.05495,3.17706,3.02059,3.21314,9690,311033,,,Higher 99.8,Higher 99.8,20220000,New data,,1y
253,COPD: QOF prevalence,E54000023,NHS Suffolk and North East Essex Integrated Care Board - QJG,E38000086,Suffolk and North East Essex ICB - 06L ,ICB sub-locations,Persons,All ages,,,2022/23,1.74818,1.70865,1.7886,1.68626,1.81232,7220,413002,,,Lower 99.8,Lower 99.8,20220000,New data,,1y
253,COPD: QOF prevalence,E54000036,NHS Cornwall and the Isles of Scilly Integrated Care Board - QT6,E38000089,Cornwall and The Isles Of Scilly ICB - 11N ,ICB sub-locations,Persons,All ages,,,2022/23,2.39003,2.3517,2.42897,2.32987,2.45171,14348,600327,,,Higher 99.8,Similar,20220000,New data,,1y
253,COPD: QOF prevalence,E54000008,NHS Cheshire and Merseyside Integrated Care Board - QYG,E38000091,Cheshire and Merseyside ICB - 01J ,ICB sub-locations,Persons,All ages,,,2022/23,3.66624,3.57811,3.75646,3.52822,3.80944,6256,170638,,,Higher 99.8,Higher 99.8,20220000,New data,,1y
253,COPD: QOF prevalence,E54000015,"NHS Leicester, Leicestershire and Rutland Integrated Care Board - QK1",E38000097,"Leicester, Leicestershire and Rutland ICB - 04C ",ICB sub-locations,Persons,All ages,,,2022/23,1.25338,1.22032,1.28732,1.20165,1.3073,5311,423734,,,Lower 99.8,Lower 99.8,20220000,New data,,1y
253,COPD: QOF prevalence,E54000008,NHS Cheshire and Merseyside Integrated Care Board - QYG,E38000101,Cheshire and Merseyside ICB - 99A ,ICB sub-locations,Persons,All ages,,,2022/23,3.12049,3.07598,3.16563,3.05059,3.19194,18036,577986,,,Higher 99.8,Higher 99.8,20220000,New data,,1y
253,COPD: QOF prevalence,E54000026,NHS Mid and South Essex Integrated Care Board - QH8,E38000106,Mid and South Essex ICB - 06Q ,ICB sub-locations,Persons,All ages,,,2022/23,1.56872,1.53118,1.60717,1.50994,1.62975,6447,410972,,,Lower 99.8,Lower 99.8,20220000,New data,,1y
253,COPD: QOF prevalence,E54000023,NHS Suffolk and North East Essex Integrated Care Board - QJG,E38000117,Suffolk and North East Essex ICB - 06T ,ICB sub-locations,Persons,All ages,,,2022/23,2.14814,2.10197,2.19529,2.0758,2.22294,7968,370926,,,Higher 99.8,Higher 99.8,20220000,New data,,1y
253,COPD: QOF prevalence,E54000051,NHS Humber and North Yorkshire Integrated Care Board - QOQ,E38000119,Humber and North Yorkshire ICB - 03H ,ICB sub-locations,Persons,All ages,,,2022/23,2.8008,2.72399,2.8797,2.68064,2.92618,4833,172558,,,Higher 99.8,Higher 99.8,20220000,New data,,1y
253,COPD: QOF prevalence,E54000051,NHS Humber and North Yorkshire Integrated Care Board - QOQ,E38000122,Humber and North Yorkshire ICB - 03K ,ICB sub-locations,Persons,All ages,,,2022/23,2.45305,2.38332,2.52477,2.344,2.56704,4509,183812,,,Higher 99.8,Similar,20220000,New data,,1y
253,COPD: QOF prevalence,E54000010,NHS Staffordshire and Stoke-on-Trent Integrated Care Board - QNC,E38000126,Staffordshire and Stoke-on-Trent ICB - 05G ,ICB sub-locations,Persons,All ages,,,2022/23,2.49419,2.42965,2.5604,2.39318,2.59935,5453,218628,,,Higher 99.8,Higher 99.8,20220000,New data,,1y
253,COPD: QOF prevalence,E54000050,NHS North East and North Cumbria Integrated Care Board - QHM,E38000127,North East and North Cumbria ICB - 99C ,ICB sub-locations,Persons,All ages,,,2022/23,2.48837,2.42493,2.55342,2.38908,2.59168,5621,225891,,,Higher 99.8,Lower 99.8,20220000,New data,,1y
253,COPD: QOF prevalence,E54000050,NHS North East and North Cumbria Integrated Care Board - QHM,E38000130,North East and North Cumbria ICB - 00L,ICB sub-locations,Persons,All ages,,,2022/23,2.66854,2.61458,2.72359,2.58395,2.75583,8963,335876,,,Higher 99.8,Lower 99.8,20220000,New data,,1y
253,COPD: QOF prevalence,E54000057,NHS Greater Manchester Integrated Care Board - QOP,E38000135,Greater Manchester ICB - 00Y ,ICB sub-locations,Persons,All ages,,,2022/23,2.15632,2.10164,2.21238,2.07073,2.24536,5701,264386,,,Higher 99.8,Similar,20220000,New data,,1y
253,COPD: QOF prevalence,E54000044,"NHS Buckinghamshire, Oxfordshire and Berkshire West Integrated Care Board - QU9",E38000136,"Buckinghamshire, Oxfordshire and Berkshire West ICB - 10Q ",ICB sub-locations,Persons,All ages,,,2022/23,1.30383,1.27932,1.32881,1.26539,1.34342,10526,807314,,,Lower 99.8,Higher 99.8,20220000,New data,,1y
253,COPD: QOF prevalence,E54000042,NHS Hampshire and Isle of Wight Integrated Care Board - QRL,E38000137,Hampshire and Isle Of Wight ICB - 10R ,ICB sub-locations,Persons,All ages,,,2022/23,2.26589,2.20632,2.32702,2.17267,2.36301,5293,233595,,,Higher 99.8,Higher 99.8,20220000,New data,,1y
253,COPD: QOF prevalence,E54000061,NHS South Yorkshire Integrated Care Board - QF7,E38000141,South Yorkshire ICB - 03L ,ICB sub-locations,Persons,All ages,,,2022/23,2.94434,2.8812,3.00882,2.8454,3.04661,7940,269670,,,Higher 99.8,Higher 99.8,20220000,New data,,1y
253,COPD: QOF prevalence,E54000057,NHS Greater Manchester Integrated Care Board - QOP,E38000143,Greater Manchester ICB - 01G ,ICB sub-locations,Persons,All ages,,,2022/23,2.40069,2.3474,2.45516,2.3172,2.48712,7444,310077,,,Higher 99.8,Higher 99.8,20220000,New data,,1y
253,COPD: QOF prevalence,E54000061,NHS South Yorkshire Integrated Care Board - QF7,E38000146,South Yorkshire ICB - 03N ,ICB sub-locations,Persons,All ages,,,2022/23,1.97367,1.93963,2.00829,1.92026,2.02853,12446,630602,,,Higher 99.8,Lower 99.8,20220000,New data,,1y
253,COPD: QOF prevalence,E54000038,NHS Somerset Integrated Care Board - QSL,E38000150,Somerset ICB - 11X ,ICB sub-locations,Persons,All ages,,,2022/23,2.18686,2.15017,2.22416,2.12928,2.24596,13128,600313,,,Higher 99.8,Similar,20220000,New data,,1y
253,COPD: QOF prevalence,E54000010,NHS Staffordshire and Stoke-on-Trent Integrated Care Board - QNC,E38000153,Staffordshire and Stoke-on-Trent ICB - 05Q ,ICB sub-locations,Persons,All ages,,,2022/23,1.86625,1.81063,1.92355,1.77931,1.95737,4120,220763,,,Similar,Lower 99.8,20220000,New data,,1y
253,COPD: QOF prevalence,E54000008,NHS Cheshire and Merseyside Integrated Care Board - QYG,E38000161,Cheshire and Merseyside ICB - 01T ,ICB sub-locations,Persons,All ages,,,2022/23,2.83863,2.75786,2.9217,2.7123,2.97067,4482,157893,,,Higher 99.8,Higher 99.8,20220000,New data,,1y
253,COPD: QOF prevalence,E54000050,NHS North East and North Cumbria Integrated Care Board - QHM,E38000163,North East and North Cumbria ICB - 00N ,ICB sub-locations,Persons,All ages,,,2022/23,3.42897,3.3407,3.5195,3.29079,3.57274,5458,159173,,,Higher 99.8,Higher 99.8,20220000,New data,,1y
253,COPD: QOF prevalence,E54000026,NHS Mid and South Essex Integrated Care Board - QH8,E38000168,Mid and South Essex ICB - 99G ,ICB sub-locations,Persons,All ages,,,2022/23,2.15923,2.09513,2.22523,2.05903,2.26418,4142,191828,,,Higher 99.8,Higher 99.8,20220000,New data,,1y
253,COPD: QOF prevalence,E54000008,NHS Cheshire and Merseyside Integrated Care Board - QYG,E38000170,Cheshire and Merseyside ICB - 01V ,ICB sub-locations,Persons,All ages,,,2022/23,2.01966,1.94375,2.09848,1.90126,2.14527,2566,127051,,,Higher 99.8,Lower 99.8,20220000,New data,,1y
253,COPD: QOF prevalence,E54000008,NHS Cheshire and Merseyside Integrated Care Board - QYG,E38000172,Cheshire and Merseyside ICB - 01X ,ICB sub-locations,Persons,All ages,,,2022/23,2.8152,2.74372,2.88848,2.70331,2.93157,5649,200661,,,Higher 99.8,Higher 99.8,20220000,New data,,1y
253,COPD: QOF prevalence,E54000010,NHS Staffordshire and Stoke-on-Trent Integrated Care Board - QNC,E38000173,Staffordshire and Stoke-on-Trent ICB - 05V ,ICB sub-locations,Persons,All ages,,,2022/23,1.79601,1.73083,1.8636,1.69431,1.9037,2762,153785,,,Similar,Lower 99.8,20220000,New data,,1y
253,COPD: QOF prevalence,E54000057,NHS Greater Manchester Integrated Care Board - QOP,E38000174,Greater Manchester ICB - 01W ,ICB sub-locations,Persons,All ages,,,2022/23,2.14368,2.09436,2.19413,2.06643,2.22374,6943,323883,,,Higher 99.8,Similar,20220000,New data,,1y
253,COPD: QOF prevalence,E54000010,NHS Staffordshire and Stoke-on-Trent Integrated Care Board - QNC,E38000175,Staffordshire and Stoke-on-Trent ICB - 05W ,ICB sub-locations,Persons,All ages,,,2022/23,2.70687,2.64964,2.76531,2.61718,2.79956,8189,302526,,,Higher 99.8,Higher 99.8,20220000,New data,,1y
253,COPD: QOF prevalence,E54000050,NHS North East and North Cumbria Integrated Care Board - QHM,E38000176,North East and North Cumbria ICB - 00P ,ICB sub-locations,Persons,All ages,,,2022/23,3.27968,3.21548,3.34511,3.17902,3.38341,9515,290120,,,Higher 99.8,Higher 99.8,20220000,New data,,1y
253,COPD: QOF prevalence,E54000026,NHS Mid and South Essex Integrated Care Board - QH8,E38000185,Mid and South Essex ICB - 07G ,ICB sub-locations,Persons,All ages,,,2022/23,1.87234,1.81176,1.9349,1.77771,1.97189,3487,186238,,,Similar,Similar,20220000,New data,,1y
253,COPD: QOF prevalence,E54000057,NHS Greater Manchester Integrated Care Board - QOP,E38000187,Greater Manchester ICB - 02A ,ICB sub-locations,Persons,All ages,,,2022/23,1.89143,1.83792,1.94646,1.80775,1.9789,4579,242092,,,Similar,Lower 99.8,20220000,New data,,1y
253,COPD: QOF prevalence,E54000051,NHS Humber and North Yorkshire Integrated Care Board - QOQ,E38000188,Humber and North Yorkshire ICB - 03Q ,ICB sub-locations,Persons,All ages,,,2022/23,1.65139,1.61086,1.69293,1.58793,1.71735,6119,370536,,,Lower 99.8,Lower 99.8,20220000,New data,,1y
253,COPD: QOF prevalence,E54000054,NHS West Yorkshire Integrated Care Board - QWO,E38000190,West Yorkshire ICB - 03R ,ICB sub-locations,Persons,All ages,,,2022/23,2.6703,2.62032,2.7212,2.59191,2.75099,10478,392391,,,Higher 99.8,Higher 99.8,20220000,New data,,1y
253,COPD: QOF prevalence,E54000008,NHS Cheshire and Merseyside Integrated Care Board - QYG,E38000194,Cheshire and Merseyside ICB - 02E ,ICB sub-locations,Persons,All ages,,,2022/23,1.72472,1.6719,1.77918,1.64218,1.81135,3904,226355,,,Lower 99.8,Lower 99.8,20220000,New data,,1y
253,COPD: QOF prevalence,E54000025,NHS Hertfordshire and West Essex Integrated Care Board - QM7,E38000197,Hertfordshire and West Essex ICB - 07H ,ICB sub-locations,Persons,All ages,,,2022/23,1.57545,1.53342,1.61862,1.50968,1.64404,5171,328223,,,Lower 99.8,Higher 99.8,20220000,New data,,1y
253,COPD: QOF prevalence,E54000048,NHS Lancashire and South Cumbria Integrated Care Board - QE1,E38000200,Lancashire and South Cumbria ICB - 02G ,ICB sub-locations,Persons,All ages,,,2022/23,2.21391,2.13111,2.29986,2.08475,2.35088,2587,116852,,,Higher 99.8,Lower 99.8,20220000,New data,,1y
253,COPD: QOF prevalence,E54000015,"NHS Leicester, Leicestershire and Rutland Integrated Care Board - QK1",E38000201,"Leicester, Leicestershire and Rutland ICB - 04V ",ICB sub-locations,Persons,All ages,,,2022/23,1.74506,1.70565,1.78537,1.68332,1.80902,7236,414656,,,Lower 99.8,Higher 99.8,20220000,New data,,1y
253,COPD: QOF prevalence,E54000023,NHS Suffolk and North East Essex Integrated Care Board - QJG,E38000204,Suffolk and North East Essex ICB - 07K ,ICB sub-locations,Persons,All ages,,,2022/23,2.23942,2.18478,2.29539,2.15387,2.32829,6158,274982,,,Higher 99.8,Higher 99.8,20220000,New data,,1y
253,COPD: QOF prevalence,E54000057,NHS Greater Manchester Integrated Care Board - QOP,E38000205,Greater Manchester ICB - 02H ,ICB sub-locations,Persons,All ages,,,2022/23,2.41972,2.3688,2.47171,2.33991,2.50219,8290,342601,,,Higher 99.8,Higher 99.8,20220000,New data,,1y
253,COPD: QOF prevalence,E54000008,NHS Cheshire and Merseyside Integrated Care Board - QYG,E38000208,Cheshire and Merseyside ICB - 12F ,ICB sub-locations,Persons,All ages,,,2022/23,2.58797,2.53525,2.64175,2.50533,2.67325,8840,341581,,,Higher 99.8,Similar,20220000,New data,,1y
253,COPD: QOF prevalence,E54000050,NHS North East and North Cumbria Integrated Care Board - QHM,E38000212,North East and North Cumbria ICB - 13T ,ICB sub-locations,Persons,All ages,,,2022/23,2.29679,2.25745,2.3368,2.23506,2.36019,12577,547590,,,Higher 99.8,Lower 99.8,20220000,New data,,1y
253,COPD: QOF prevalence,E54000050,NHS North East and North Cumbria Integrated Care Board - QHM,E38000215,North East and North Cumbria ICB - 01H ,ICB sub-locations,Persons,All ages,,,2022/23,2.39772,2.34624,2.45031,2.31705,2.48114,7962,332065,,,Higher 99.8,Lower 99.8,20220000,New data,,1y
253,COPD: QOF prevalence,E54000057,NHS Greater Manchester Integrated Care Board - QOP,E38000217,Greater Manchester ICB - 14L ,ICB sub-locations,Persons,All ages,,,2022/23,1.78756,1.75714,1.81849,1.73984,1.83657,12813,716787,,,Lower 99.8,Lower 99.8,20220000,New data,,1y
253,COPD: QOF prevalence,E54000044,"NHS Buckinghamshire, Oxfordshire and Berkshire West Integrated Care Board - QU9",E38000221,"Buckinghamshire, Oxfordshire and Berkshire West ICB - 15A ",ICB sub-locations,Persons,All ages,,,2022/23,1.17774,1.15026,1.20587,1.13471,1.22239,6813,578480,,,Lower 99.8,Lower 99.8,20220000,New data,,1y
253,COPD: QOF prevalence,E54000039,"NHS Bristol, North Somerset and South Gloucestershire Integrated Care Board - QUY",E38000222,"Bristol, North Somerset and South Gloucestershire ICB - 15C ",ICB sub-locations,Persons,All ages,,,2022/23,1.73476,1.71021,1.75965,1.69621,1.77416,18595,1071908,,,Lower 99.8,Similar,20220000,New data,,1y
253,COPD: QOF prevalence,E54000044,"NHS Buckinghamshire, Oxfordshire and Berkshire West Integrated Care Board - QU9",E38000223,"Buckinghamshire, Oxfordshire and Berkshire West ICB - 14Y ",ICB sub-locations,Persons,All ages,,,2022/23,1.24004,1.21198,1.26875,1.19608,1.2856,7242,584012,,,Lower 99.8,Similar,20220000,New data,,1y
253,COPD: QOF prevalence,E54000054,NHS West Yorkshire Integrated Care Board - QWO,E38000225,West Yorkshire ICB - 15F ,ICB sub-locations,Persons,All ages,,,2022/23,1.90053,1.87284,1.92862,1.85705,1.94501,17497,920638,,,Higher 99.8,Lower 99.8,20220000,New data,,1y
253,COPD: QOF prevalence,E54000048,NHS Lancashire and South Cumbria Integrated Care Board - QE1,E38000226,Lancashire and South Cumbria ICB - 02M ,ICB sub-locations,Persons,All ages,,,2022/23,2.74637,2.67273,2.82199,2.63114,2.8665,5060,184243,,,Higher 99.8,Higher 99.8,20220000,New data,,1y
253,COPD: QOF prevalence,E54000048,NHS Lancashire and South Cumbria Integrated Care Board - QE1,E38000227,Lancashire and South Cumbria ICB - 01E ,ICB sub-locations,Persons,All ages,,,2022/23,1.88362,1.82841,1.94047,1.7973,1.974,4261,226213,,,Similar,Lower 99.8,20220000,New data,,1y
253,COPD: QOF prevalence,E54000048,NHS Lancashire and South Cumbria Integrated Care Board - QE1,E38000228,Lancashire and South Cumbria ICB - 01K ,ICB sub-locations,Persons,All ages,,,2022/23,2.18845,2.14088,2.23705,2.11391,2.26556,7783,355640,,,Higher 99.8,Lower 99.8,20220000,New data,,1y
253,COPD: QOF prevalence,E54000037,NHS Devon Integrated Care Board - QJK,E38000230,Devon ICB - 15N ,ICB sub-locations,Persons,All ages,,,2022/23,2.28608,2.26037,2.31208,2.24567,2.32721,29339,1283375,,,Higher 99.8,Similar,20220000,New data,,1y
253,COPD: QOF prevalence,E54000040,"NHS Bath and North East Somerset, Swindon and Wiltshire Integrated Care Board - QOX",E38000231,"Bath and North East Somerset, Swindon and Wiltshire ICB - 92G ",ICB sub-locations,Persons,All ages,,,2022/23,1.70524,1.67996,1.73089,1.66554,1.74586,16927,992647,,,Lower 99.8,Similar,20220000,New data,,1y
253,COPD: QOF prevalence,E54000054,NHS West Yorkshire Integrated Care Board - QWO,E38000232,West Yorkshire ICB - 36J ,ICB sub-locations,Persons,All ages,,,2022/23,2.03474,2.00089,2.06914,1.98163,2.08924,13380,657579,,,Higher 99.8,Lower 99.8,20220000,New data,,1y
253,COPD: QOF prevalence,E54000008,NHS Cheshire and Merseyside Integrated Care Board - QYG,E38000233,Cheshire and Merseyside ICB - 27D ,ICB sub-locations,Persons,All ages,,,2022/23,1.93576,1.90591,1.96606,1.8889,1.98375,15604,806093,,,Higher 99.8,Lower 99.8,20220000,New data,,1y
253,COPD: QOF prevalence,E54000050,NHS North East and North Cumbria Integrated Care Board - QHM,E38000234,North East and North Cumbria ICB - 84H ,ICB sub-locations,Persons,All ages,,,2022/23,3.04597,3.00143,3.09114,2.97603,3.11749,17173,563795,,,Higher 99.8,Higher 99.8,20220000,New data,,1y
253,COPD: QOF prevalence,E54000053,NHS Sussex Integrated Care Board - QNX,E38000235,Sussex ICB - 97R ,ICB sub-locations,Persons,All ages,,,2022/23,2.3097,2.27107,2.34897,2.24908,2.37192,13196,571329,,,Higher 99.8,Higher 99.8,20220000,New data,,1y
253,COPD: QOF prevalence,E54000019,NHS Herefordshire and Worcestershire Integrated Care Board - QGH,E38000236,Herefordshire and Worcestershire ICB - 18C ,ICB sub-locations,Persons,All ages,,,2022/23,2.08084,2.05022,2.11192,2.03276,2.13004,17115,822503,,,Higher 99.8,Similar,20220000,New data,,1y
253,COPD: QOF prevalence,E54000032,NHS Kent and Medway Integrated Care Board - QKS,E38000237,Kent and Medway ICB - 91Q ,ICB sub-locations,Persons,All ages,,,2022/23,1.97654,1.95728,1.99598,1.94626,2.00727,39301,1988377,,,Higher 99.8,Similar,20220000,New data,,1y
253,COPD: QOF prevalence,E54000013,NHS Lincolnshire Integrated Care Board - QJM,E38000238,Lincolnshire ICB - 71E ,ICB sub-locations,Persons,All ages,,,2022/23,2.34268,2.31005,2.37576,2.29144,2.39505,19073,814152,,,Higher 99.8,Similar,20220000,New data,,1y
253,COPD: QOF prevalence,E54000022,NHS Norfolk and Waveney Integrated Care Board - QMM,E38000239,Norfolk and Waveney ICB - 26A ,ICB sub-locations,Persons,All ages,,,2022/23,2.28053,2.25265,2.30875,2.23672,2.32517,24816,1088169,,,Higher 99.8,Similar,20220000,New data,,1y
253,COPD: QOF prevalence,E54000028,NHS North Central London Integrated Care Board - QMJ,E38000240,North Central London ICB - 93C ,ICB sub-locations,Persons,All ages,,,2022/23,1.04191,1.02711,1.05693,1.01866,1.06569,18559,1781240,,,Lower 99.8,Similar,20220000,New data,,1y
253,COPD: QOF prevalence,E54000051,NHS Humber and North Yorkshire Integrated Care Board - QOQ,E38000241,Humber and North Yorkshire ICB - 42D ,ICB sub-locations,Persons,All ages,,,2022/23,2.10585,2.06387,2.14867,2.04003,2.17375,9276,440487,,,Higher 99.8,Lower 99.8,20220000,New data,,1y
253,COPD: QOF prevalence,E54000060,NHS Nottingham and Nottinghamshire Integrated Care Board - QT1,E38000243,Nottingham and Nottinghamshire ICB - 52R ,ICB sub-locations,Persons,All ages,,,2022/23,1.90944,1.88444,1.93475,1.87018,1.9495,21714,1137195,,,Higher 99.8,Lower 99.8,20220000,New data,,1y
253,COPD: QOF prevalence,E54000030,NHS South East London Integrated Care Board - QKK,E38000244,South East London ICB - 72Q ,ICB sub-locations,Persons,All ages,,,2022/23,1.23955,1.22459,1.25469,1.21604,1.26351,25731,2075835,,,Lower 99.8,Similar,20220000,New data,,1y
253,COPD: QOF prevalence,E54000031,NHS South West London Integrated Care Board - QWE,E38000245,South West London ICB - 36L ,ICB sub-locations,Persons,All ages,,,2022/23,1.03657,1.02165,1.05171,1.01315,1.06053,18093,1745465,,,Lower 99.8,Similar,20220000,New data,,1y
253,COPD: QOF prevalence,E54000052,NHS Surrey Heartlands Integrated Care Board - QXU,E38000246,Surrey Heartlands  ICB - 92A ,ICB sub-locations,Persons,All ages,,,2022/23,1.25102,1.23072,1.27165,1.21917,1.28369,14181,1133556,,,Lower 99.8,Similar,20220000,New data,,1y
253,COPD: QOF prevalence,E54000050,NHS North East and North Cumbria Integrated Care Board - QHM,E38000247,North East and North Cumbria ICB - 16C ,ICB sub-locations,Persons,All ages,,,2022/23,2.94214,2.90351,2.98126,2.88146,3.00406,21353,725765,,,Higher 99.8,Higher 99.8,20220000,New data,,1y
253,COPD: QOF prevalence,E54000053,NHS Sussex Integrated Care Board - QNX,E38000248,Sussex ICB - 70F ,ICB sub-locations,Persons,All ages,,,2022/23,1.76647,1.73991,1.79342,1.72477,1.80915,16448,931125,,,Lower 99.8,Lower 99.8,20220000,New data,,1y
253,COPD: QOF prevalence,E54000024,"NHS Bedfordshire, Luton and Milton Keynes Integrated Care Board - QHG",E38000249,"Bedfordshire, Luton and Milton Keynes ICB - M1J4Y ",ICB sub-locations,Persons,All ages,,,2022/23,1.4815,1.45913,1.50422,1.44638,1.51747,16343,1103136,,,Lower 99.8,Similar,20220000,New data,,1y
253,COPD: QOF prevalence,E54000018,NHS Coventry and Warwickshire Integrated Care Board - QWU,E38000251,Coventry and Warwickshire ICB - B2M3M ,ICB sub-locations,Persons,All ages,,,2022/23,1.59219,1.56871,1.61601,1.55533,1.6299,17136,1076256,,,Lower 99.8,Similar,20220000,New data,,1y
253,COPD: QOF prevalence,E54000034,NHS Frimley Integrated Care Board - QNQ,E38000252,Frimley ICB - D4U1Y ,ICB sub-locations,Persons,All ages,,,2022/23,1.22427,1.20079,1.24821,1.18745,1.26222,10118,826452,,,Lower 99.8,Similar,20220000,New data,,1y
253,COPD: QOF prevalence,E54000042,NHS Hampshire and Isle of Wight Integrated Care Board - QRL,E38000253,Hampshire and Isle Of Wight ICB - D9Y0V ,ICB sub-locations,Persons,All ages,,,2022/23,1.91586,1.89541,1.93652,1.88372,1.94853,32739,1708844,,,Higher 99.8,Lower 99.8,20220000,New data,,1y
253,COPD: QOF prevalence,E54000054,NHS West Yorkshire Integrated Care Board - QWO,E38000254,West Yorkshire ICB - X2C4Y ,ICB sub-locations,Persons,All ages,,,2022/23,1.99129,1.9511,2.0323,1.92829,2.05632,9058,454880,,,Higher 99.8,Lower 99.8,20220000,New data,,1y
253,COPD: QOF prevalence,E54000029,NHS North East London Integrated Care Board - QMF,E38000255,North East London ICB - A3A8R ,ICB sub-locations,Persons,All ages,,,2022/23,0.99139,0.97892,1.00402,0.9718,1.01137,23744,2395014,,,Lower 99.8,Similar,20220000,New data,,1y
253,COPD: QOF prevalence,E54000027,NHS North West London Integrated Care Board - QRV,E38000256,North West London ICB - W2U3Z ,ICB sub-locations,Persons,All ages,,,2022/23,0.86296,0.85226,0.8738,0.84614,0.88011,24453,2833623,,,Lower 99.8,Similar,20220000,New data,,1y
253,COPD: QOF prevalence,E54000011,"NHS Shropshire, Telford and Wrekin Integrated Care Board - QOC",E38000257,"Shropshire, Telford and Wrekin ICB - M2L0M ",ICB sub-locations,Persons,All ages,,,2022/23,1.88722,1.85075,1.92439,1.83004,1.94615,9902,524687,,,Similar,Similar,20220000,New data,,1y
253,COPD: QOF prevalence,E54000055,NHS Birmingham and Solihull Integrated Care Board - QHL,E38000258,Birmingham and Solihull ICB - 15E ,ICB sub-locations,Persons,All ages,,,2022/23,1.44789,1.42947,1.46654,1.41895,1.47741,23094,1595014,,,Lower 99.8,Similar,20220000,New data,,1y
253,COPD: QOF prevalence,E54000062,NHS Black Country Integrated Care Board - QUA,E38000259,Black Country ICB - D2P2L ,ICB sub-locations,Persons,All ages,,,2022/23,2.03232,2.00825,2.05667,1.9945,2.07084,26528,1305307,,,Higher 99.8,Similar,20220000,New data,,1y
253,COPD: QOF prevalence,E54000056,NHS Cambridgeshire and Peterborough Integrated Care Board - QUE,E38000260,Cambridgeshire and Peterborough ICB - 06H ,ICB sub-locations,Persons,All ages,,,2022/23,1.68907,1.6644,1.71411,1.65034,1.7287,17446,1032874,,,Lower 99.8,Similar,20220000,New data,,1y
253,COPD: QOF prevalence,E54000058,NHS Derby and Derbyshire Integrated Care Board - QJ2,E38000261,Derby and Derbyshire ICB - 15M ,ICB sub-locations,Persons,All ages,,,2022/23,2.18571,2.1588,2.21295,2.14343,2.22881,24488,1120369,,,Higher 99.8,Similar,20220000,New data,,1y
253,COPD: QOF prevalence,E54000059,NHS Northamptonshire Integrated Care Board - QPM,E38000262,Northamptonshire ICB - 78H ,ICB sub-locations,Persons,All ages,,,2022/23,1.8975,1.86829,1.92716,1.85165,1.94446,15664,825507,,,Higher 99.8,Similar,20220000,New data,,1y
253,COPD: QOF prevalence,E54000057,NHS Greater Manchester Integrated Care Board - QOP,E38000263,Greater Manchester ICB - 01Y ,ICB sub-locations,Persons,All ages,,,2022/23,2.87129,2.8026,2.94161,2.76372,2.98292,6368,221782,,,Higher 99.8,Higher 99.8,20220000,New data,,1y
253,COPD: QOF prevalence,,,E92000001,England,England,Persons,All ages,,,2023/24,1.85904087460692,1.85571393571948,1.86237233337641,1.853798035475,1.86429738953977,1175163,63213403,,,Not compared,Not compared,20230000,New data,,1y
253,COPD: QOF prevalence,,,E92000001,England,England,Persons,All ages,"County & UA deprivation deciles in England (IMD2019, 4/23 geography)",Most deprived decile (IMD2019),2023/24,2.18100555007939,2.16968713193599,2.19238168885588,2.16318621079073,2.19896837776081,138820,6364954,Aggregated from all known lower geography values,,Higher 99.8,Not compared,20230000,New data,,1y
253,COPD: QOF prevalence,,,E92000001,England,England,Persons,All ages,"County & UA deprivation deciles in England (IMD2019, 4/23 geography)",Second most deprived decile (IMD2019),2023/24,2.35114769850919,2.33629126830544,2.36609631169553,2.32776564802116,2.37475890762133,93370,3971252,Aggregated from all known lower geography values,,Higher 99.8,Not compared,20230000,New data,,1y
253,COPD: QOF prevalence,,,E92000001,England,England,Persons,All ages,"County & UA deprivation deciles in England (IMD2019, 4/23 geography)",Third more deprived decile (IMD2019),2023/24,1.93440024326194,1.922982818568,1.94588411225425,1.91642874274924,1.95253691840681,107510,5557795,Aggregated from all known lower geography values,,Higher 99.8,Not compared,20230000,New data,,1y
253,COPD: QOF prevalence,,,E92000001,England,England,Persons,All ages,"County & UA deprivation deciles in England (IMD2019, 4/23 geography)",Fourth more deprived decile (IMD2019),2023/24,1.72077696237413,1.71025864313872,1.73135883119053,1.70422174544114,1.73749015793641,100438,5836782,Aggregated from all known lower geography values,,Lower 99.8,Not compared,20230000,New data,,1y
253,COPD: QOF prevalence,,,E92000001,England,England,Persons,All ages,"County & UA deprivation deciles in England (IMD2019, 4/23 geography)",Fifth more deprived decile (IMD2019),2023/24,1.85706359374186,1.8461387541222,1.86805185255252,1.8398673706624,1.87441747131253,108309,5832272,Aggregated from all known lower geography values,,Similar,Not compared,20230000,New data,,1y
253,COPD: QOF prevalence,,,E92000001,England,England,Persons,All ages,"County & UA deprivation deciles in England (IMD2019, 4/23 geography)",Fifth less deprived decile (IMD2019),2023/24,1.92895498077885,1.91789385909219,1.94007863373783,1.91154348535284,1.94652192341077,113929,5906255,Aggregated from all known lower geography values,,Higher 99.8,Not compared,20230000,New data,,1y
253,COPD: QOF prevalence,,,E92000001,England,England,Persons,All ages,"County & UA deprivation deciles in England (IMD2019, 4/23 geography)",Fourth less deprived decile (IMD2019),2023/24,2.00105280676676,1.9915674680614,2.01058239500872,1.9861175423058,2.01609807168845,166766,8333913,Aggregated from all known lower geography values,,Higher 99.8,Not compared,20230000,New data,,1y
253,COPD: QOF prevalence,,,E92000001,England,England,Persons,All ages,"County & UA deprivation deciles in England (IMD2019, 4/23 geography)",Third less deprived decile (IMD2019),2023/24,1.71860784769346,1.70940278804338,1.72786160481293,1.70411650056875,1.73322025244124,130911,7617270,Aggregated from all known lower geography values,,Lower 99.8,Not compared,20230000,New data,,1y
253,COPD: QOF prevalence,,,E92000001,England,England,Persons,All ages,"County & UA deprivation deciles in England (IMD2019, 4/23 geography)",Second least deprived decile (IMD2019),2023/24,1.69505768359455,1.68659836747663,1.7035586931292,1.68173896386495,1.70848004949994,150881,8901231,Aggregated from all known lower geography values,,Lower 99.8,Not compared,20230000,New data,,1y
253,COPD: QOF prevalence,,,E92000001,England,England,Persons,All ages,"County & UA deprivation deciles in England (IMD2019, 4/23 geography)",Least deprived decile (IMD2019),2023/24,1.31302565029308,1.30297626732301,1.32315150142889,1.29721561138478,1.32902578225216,64229,4891679,Aggregated from all known lower geography values,,Lower 99.8,Not compared,20230000,New data,,1y
253,COPD: QOF prevalence,,,E92000001,England,England,Persons,All ages,"District & UA deprivation deciles in England (IMD2019, 4/23 geography)",Most deprived decile (IMD2019),2023/24,2.2329979608065,2.22340019000633,2.24263621211677,2.21788372371948,2.24821282889104,202440,9065839,Aggregated from all known lower geography values,,Higher 99.8,Not compared,20230000,New data,,1y
253,COPD: QOF prevalence,,,E92000001,England,England,Persons,All ages,"District & UA deprivation deciles in England (IMD2019, 4/23 geography)",Second most deprived decile (IMD2019),2023/24,2.12903036207984,2.11953933046702,2.13856296478026,2.11408491087894,2.14407915535663,188360,8847220,Aggregated from all known lower geography values,,Higher 99.8,Not compared,20230000,New data,,1y
253,COPD: QOF prevalence,,,E92000001,England,England,Persons,All ages,"District & UA deprivation deciles in England (IMD2019, 4/23 geography)",Third more deprived decile (IMD2019),2023/24,1.78633803701459,1.77745677416968,1.7952628650023,1.77235489206218,1.80042948108633,151887,8502702,Aggregated from all known lower geography values,,Lower 99.8,Not compared,20230000,New data,,1y
253,COPD: QOF prevalence,,,E92000001,England,England,Persons,All ages,"District & UA deprivation deciles in England (IMD2019, 4/23 geography)",Fourth more deprived decile (IMD2019),2023/24,1.8974112301652,1.88664168544173,1.90824105517328,1.8804584385937,1.91451387319179,116327,6130827,Aggregated from all known lower geography values,,Higher 99.8,Not compared,20230000,New data,,1y
253,COPD: QOF prevalence,,,E92000001,England,England,Persons,All ages,"District & UA deprivation deciles in England (IMD2019, 4/23 geography)",Fifth more deprived decile (IMD2019),2023/24,1.90595284518703,1.89438358100595,1.91759138343622,1.88774322145302,1.92433467810237,101662,5333920,Aggregated from all known lower geography values,,Higher 99.8,Not compared,20230000,New data,,1y
253,COPD: QOF prevalence,,,E92000001,England,England,Persons,All ages,"District & UA deprivation deciles in England (IMD2019, 4/23 geography)",Fifth less deprived decile (IMD2019),2023/24,1.70003620324616,1.69038848214259,1.7097380301137,1.68484936772541,1.71535754092317,116597,6858501,Aggregated from all known lower geography values,,Lower 99.8,Not compared,20230000,New data,,1y
253,COPD: QOF prevalence,,,E92000001,England,England,Persons,All ages,"District & UA deprivation deciles in England (IMD2019, 4/23 geography)",Fourth less deprived decile (IMD2019),2023/24,1.78501160875371,1.7741332485757,1.79595545162457,1.76788959953126,1.80229640214524,100977,5656938,Aggregated from all known lower geography values,,Lower 99.8,Not compared,20230000,New data,,1y
253,COPD: QOF prevalence,,,E92000001,England,England,Persons,All ages,"District & UA deprivation deciles in England (IMD2019, 4/23 geography)",Third less deprived decile (IMD2019),2023/24,1.72463697926366,1.7125118867501,1.73684640398218,1.70555779141681,1.74392580943505,75850,4398027,Aggregated from all known lower geography values,,Lower 99.8,Not compared,20230000,New data,,1y
253,COPD: QOF prevalence,,,E92000001,England,England,Persons,All ages,"District & UA deprivation deciles in England (IMD2019, 4/23 geography)",Second least deprived decile (IMD2019),2023/24,1.58475887435778,1.57273140830487,1.59687682819937,1.56583638375506,1.60390630949564,65145,4110720,Aggregated from all known lower geography values,,Lower 99.8,Not compared,20230000,New data,,1y
253,COPD: QOF prevalence,,,E92000001,England,England,Persons,All ages,"District & UA deprivation deciles in England (IMD2019, 4/23 geography)",Least deprived decile (IMD2019),2023/24,1.29779012692665,1.28714684881671,1.30852024653227,1.28104838739735,1.31474774664713,55918,4308709,Aggregated from all known lower geography values,,Lower 99.8,Not compared,20230000,New data,,1y
253,COPD: QOF prevalence,,,E92000001,England,England,Persons,All ages,"County & UA deprivation deciles in England (IMD2025, 4/23 geography)",Most deprived decile (IMD2025),2023/24,2.49336511480554,2.4783947344128,2.50842359566595,2.46980156060087,2.51714767888153,103297,4142875,Aggregated from all known lower geography values,,Higher 99.8,Not compared,20230000,New data,,1y
253,COPD: QOF prevalence,,,E92000001,England,England,Persons,All ages,"County & UA deprivation deciles in England (IMD2025, 4/23 geography)",Second most deprived decile (IMD2025),2023/24,1.62980319067231,1.61957104117052,1.64009890730415,1.61369917584909,1.64606522775046,95281,5846166,Aggregated from all known lower geography values,,Lower 99.8,Not compared,20230000,New data,,1y
253,COPD: QOF prevalence,,,E92000001,England,England,Persons,All ages,"County & UA deprivation deciles in England (IMD2025, 4/23 geography)",Third more deprived decile (IMD2025),2023/24,1.91966131473044,1.90760610053901,1.93179121213643,1.90068795058194,1.93882033470238,94950,4946185,Aggregated from all known lower geography values,,Higher 99.8,Not compared,20230000,New data,,1y
253,COPD: QOF prevalence,,,E92000001,England,England,Persons,All ages,"County & UA deprivation deciles in England (IMD2025, 4/23 geography)",Fourth more deprived decile (IMD2025),2023/24,2.18926002183702,2.1763802881125,2.20221426141249,2.16898658516824,2.20971867341841,107934,4930159,Aggregated from all known lower geography values,,Higher 99.8,Not compared,20230000,New data,,1y
253,COPD: QOF prevalence,,,E92000001,England,England,Persons,All ages,"County & UA deprivation deciles in England (IMD2025, 4/23 geography)",Fifth more deprived decile (IMD2025),2023/24,1.66164335391713,1.65128100533161,1.67206962419914,1.64533421856318,1.67811139294584,96540,5809911,Aggregated from all known lower geography values,,Lower 99.8,Not compared,20230000,New data,,1y
253,COPD: QOF prevalence,,,E92000001,England,England,Persons,All ages,"County & UA deprivation deciles in England (IMD2025, 4/23 geography)",Fifth less deprived decile (IMD2025),2023/24,1.8948112866579,1.88519136704596,1.90447934277803,1.87966558897576,1.91007664746365,145482,7677915,Aggregated from all known lower geography values,,Higher 99.8,Not compared,20230000,New data,,1y
253,COPD: QOF prevalence,,,E92000001,England,England,Persons,All ages,"County & UA deprivation deciles in England (IMD2025, 4/23 geography)",Fourth less deprived decile (IMD2025),2023/24,1.72783487537756,1.71865576594958,1.73706214271931,1.7133841994831,1.74240526760829,133063,7701141,Aggregated from all known lower geography values,,Lower 99.8,Not compared,20230000,New data,,1y
253,COPD: QOF prevalence,,,E92000001,England,England,Persons,All ages,"County & UA deprivation deciles in England (IMD2025, 4/23 geography)",Third less deprived decile (IMD2025),2023/24,1.96427591691708,1.95323318528338,1.97537982154315,1.94689280326393,1.98181110121553,118504,6032961,Aggregated from all known lower geography values,,Higher 99.8,Not compared,20230000,New data,,1y
253,COPD: QOF prevalence,,,E92000001,England,England,Persons,All ages,"County & UA deprivation deciles in England (IMD2025, 4/23 geography)",Second least deprived decile (IMD2025),2023/24,1.75595000117355,1.74785007382355,1.7640867914319,1.74319573617721,1.7687959041324,176560,10054956,Aggregated from all known lower geography values,,Lower 99.8,Not compared,20230000,New data,,1y
253,COPD: QOF prevalence,,,E92000001,England,England,Persons,All ages,"County & UA deprivation deciles in England (IMD2025, 4/23 geography)",Least deprived decile (IMD2025),2023/24,1.70564510682848,1.69537598824287,1.71597534106671,1.68948169800494,1.72196044375671,103552,6071134,Aggregated from all known lower geography values,,Lower 99.8,Not compared,20230000,New data,,1y
253,COPD: QOF prevalence,,,E92000001,England,England,Persons,All ages,"District & UA deprivation deciles in England (IMD2025, 4/23 geography)",Most deprived decile (IMD2025),2023/24,2.10864454015185,2.09961492898746,2.11771214408972,2.09442497956708,2.12295854744289,204214,9684610,Aggregated from all known lower geography values,,Higher 99.8,Not compared,20230000,New data,,1y
253,COPD: QOF prevalence,,,E92000001,England,England,Persons,All ages,"District & UA deprivation deciles in England (IMD2025, 4/23 geography)",Second most deprived decile (IMD2025),2023/24,2.13303418059928,2.12335968689131,2.14275178843172,2.11780016756054,2.14837537156561,181945,8529868,Aggregated from all known lower geography values,,Higher 99.8,Not compared,20230000,New data,,1y
253,COPD: QOF prevalence,,,E92000001,England,England,Persons,All ages,"District & UA deprivation deciles in England (IMD2025, 4/23 geography)",Third more deprived decile (IMD2025),2023/24,2.01926688645272,2.00899079694014,2.02959445000127,2.00308813321027,2.03557359961229,144610,7161510,Aggregated from all known lower geography values,,Higher 99.8,Not compared,20230000,New data,,1y
253,COPD: QOF prevalence,,,E92000001,England,England,Persons,All ages,"District & UA deprivation deciles in England (IMD2025, 4/23 geography)",Fourth more deprived decile (IMD2025),2023/24,1.76832625706619,1.75866597240772,1.77803864491664,1.75311870877959,1.78366332929561,125764,7112036,Aggregated from all known lower geography values,,Lower 99.8,Not compared,20230000,New data,,1y
253,COPD: QOF prevalence,,,E92000001,England,England,Persons,All ages,"District & UA deprivation deciles in England (IMD2025, 4/23 geography)",Fifth more deprived decile (IMD2025),2023/24,1.73880329959718,1.72807420764225,1.74959781928438,1.72191661179339,1.75585263494321,98540,5667116,Aggregated from all known lower geography values,,Lower 99.8,Not compared,20230000,New data,,1y
253,COPD: QOF prevalence,,,E92000001,England,England,Persons,All ages,"District & UA deprivation deciles in England (IMD2025, 4/23 geography)",Fifth less deprived decile (IMD2025),2023/24,1.8671721798486,1.85683704453232,1.87756373991061,1.85090256704592,1.8835820595862,122372,6553868,Aggregated from all known lower geography values,,Similar,Not compared,20230000,New data,,1y
253,COPD: QOF prevalence,,,E92000001,England,England,Persons,All ages,"District & UA deprivation deciles in England (IMD2025, 4/23 geography)",Fourth less deprived decile (IMD2025),2023/24,1.89043404906037,1.87860919407587,1.90233189223805,1.87182311973338,1.90922642054342,95734,5064128,Aggregated from all known lower geography values,,Higher 99.8,Not compared,20230000,New data,,1y
253,COPD: QOF prevalence,,,E92000001,England,England,Persons,All ages,"District & UA deprivation deciles in England (IMD2025, 4/23 geography)",Third less deprived decile (IMD2025),2023/24,1.66460553308217,1.65328653115652,1.67600070838476,1.64679360108382,1.68260682531181,81152,4875149,Aggregated from all known lower geography values,,Lower 99.8,Not compared,20230000,New data,,1y
253,COPD: QOF prevalence,,,E92000001,England,England,Persons,All ages,"District & UA deprivation deciles in England (IMD2025, 4/23 geography)",Second least deprived decile (IMD2025),2023/24,1.48259419321718,1.47190482470128,1.49336001420088,1.4657751067865,1.49960333367421,72286,4875643,Aggregated from all known lower geography values,,Lower 99.8,Not compared,20230000,New data,,1y
253,COPD: QOF prevalence,,,E92000001,England,England,Persons,All ages,"District & UA deprivation deciles in England (IMD2025, 4/23 geography)",Least deprived decile (IMD2025),2023/24,1.31579696298254,1.30422010934065,1.32747519590823,1.29758983526379,1.33425611047746,48546,3689475,Aggregated from all known lower geography values,,Lower 99.8,Not compared,20230000,New data,,1y
253,COPD: QOF prevalence,E92000001,England,E54000008,NHS Cheshire and Merseyside Integrated Care Board - QYG,ICBs,Persons,All ages,,,2023/24,2.52973,2.51132,2.54828,2.50077,2.55903,70192,2774679,,,Higher 99.8,Not compared,20230000,New data,,1y
253,COPD: QOF prevalence,E92000001,England,E54000010,NHS Staffordshire and Stoke-on-Trent Integrated Care Board - QNC,ICBs,Persons,All ages,,,2023/24,2.25585,2.2294,2.28259,2.2143,2.29816,27019,1197733,,,Higher 99.8,Not compared,20230000,New data,,1y
253,COPD: QOF prevalence,E92000001,England,E54000011,"NHS Shropshire, Telford and Wrekin Integrated Care Board - QOC",ICBs,Persons,All ages,,,2023/24,1.88589,1.84968,1.92279,1.82911,1.94439,10032,531951,,,Similar,Not compared,20230000,New data,,1y
253,COPD: QOF prevalence,E92000001,England,E54000013,NHS Lincolnshire Integrated Care Board - QJM,ICBs,Persons,All ages,,,2023/24,2.43827,2.40512,2.47186,2.3862,2.49144,20007,820541,,,Higher 99.8,Not compared,20230000,New data,,1y
253,COPD: QOF prevalence,E92000001,England,E54000015,"NHS Leicester, Leicestershire and Rutland Integrated Care Board - QK1",ICBs,Persons,All ages,,,2023/24,1.55098,1.52927,1.57299,1.51689,1.58582,19040,1227614,,,Lower 99.8,Not compared,20230000,New data,,1y
253,COPD: QOF prevalence,E92000001,England,E54000018,NHS Coventry and Warwickshire Integrated Care Board - QWU,ICBs,Persons,All ages,,,2023/24,1.58728,1.56413,1.61077,1.55092,1.62447,17510,1103145,,,Lower 99.8,Not compared,20230000,New data,,1y
253,COPD: QOF prevalence,E92000001,England,E54000019,NHS Herefordshire and Worcestershire Integrated Care Board - QGH,ICBs,Persons,All ages,,,2023/24,2.1149,2.08413,2.14611,2.06659,2.16431,17514,828125,,,Higher 99.8,Not compared,20230000,New data,,1y
253,COPD: QOF prevalence,E92000001,England,E54000022,NHS Norfolk and Waveney Integrated Care Board - QMM,ICBs,Persons,All ages,,,2023/24,2.31325,2.28526,2.34158,2.26927,2.35807,25321,1094606,,,Higher 99.8,Not compared,20230000,New data,,1y
253,COPD: QOF prevalence,E92000001,England,E54000023,NHS Suffolk and North East Essex Integrated Care Board - QJG,ICBs,Persons,All ages,,,2023/24,2.02748,2.00095,2.05436,1.9858,2.07002,21693,1069948,,,Higher 99.8,Not compared,20230000,New data,,1y
253,COPD: QOF prevalence,E92000001,England,E54000024,"NHS Bedfordshire, Luton and Milton Keynes Integrated Care Board - QHG",ICBs,Persons,All ages,,,2023/24,1.48423,1.46211,1.50668,1.4495,1.51977,16790,1131227,,,Lower 99.8,Not compared,20230000,New data,,1y
253,COPD: QOF prevalence,E92000001,England,E54000025,NHS Hertfordshire and West Essex Integrated Care Board - QM7,ICBs,Persons,All ages,,,2023/24,1.45708,1.43892,1.47547,1.42854,1.48618,24057,1651041,,,Lower 99.8,Not compared,20230000,New data,,1y
253,COPD: QOF prevalence,E92000001,England,E54000026,NHS Mid and South Essex Integrated Care Board - QH8,ICBs,Persons,All ages,,,2023/24,1.84199,1.81885,1.86542,1.80563,1.87906,23597,1281061,,,Similar,Not compared,20230000,New data,,1y
253,COPD: QOF prevalence,E92000001,England,E54000027,NHS North West London Integrated Care Board - QRV,ICBs,Persons,All ages,,,2023/24,0.86365,0.85303,0.8744,0.84696,0.88066,24864,2878948,,,Lower 99.8,Not compared,20230000,New data,,1y
253,COPD: QOF prevalence,E92000001,England,E54000028,NHS North Central London Integrated Care Board - QMJ,ICBs,Persons,All ages,,,2023/24,1.04164,1.02694,1.05655,1.01856,1.06524,18821,1806858,,,Lower 99.8,Not compared,20230000,New data,,1y
253,COPD: QOF prevalence,E92000001,England,E54000029,NHS North East London Integrated Care Board - QMF,ICBs,Persons,All ages,,,2023/24,0.97118,0.95898,0.98354,0.95201,0.99074,23785,2449079,,,Lower 99.8,Not compared,20230000,New data,,1y
253,COPD: QOF prevalence,E92000001,England,E54000030,NHS South East London Integrated Care Board - QKK,ICBs,Persons,All ages,,,2023/24,1.24121,1.22635,1.25624,1.21786,1.265,26152,2106983,,,Lower 99.8,Not compared,20230000,New data,,1y
253,COPD: QOF prevalence,E92000001,England,E54000031,NHS South West London Integrated Care Board - QWE,ICBs,Persons,All ages,,,2023/24,1.02577,1.01099,1.04076,1.00257,1.0495,18065,1761117,,,Lower 99.8,Not compared,20230000,New data,,1y
253,COPD: QOF prevalence,E92000001,England,E54000032,NHS Kent and Medway Integrated Care Board - QKS,ICBs,Persons,All ages,,,2023/24,1.98342,1.96427,2.00275,1.95331,2.01398,40015,2017477,,,Higher 99.8,Not compared,20230000,New data,,1y
253,COPD: QOF prevalence,E92000001,England,E54000034,NHS Frimley Integrated Care Board - QNQ,ICBs,Persons,All ages,,,2023/24,1.22106,1.19783,1.24474,1.18463,1.2586,10284,842220,,,Lower 99.8,Not compared,20230000,New data,,1y
253,COPD: QOF prevalence,E92000001,England,E54000036,NHS Cornwall and the Isles of Scilly Integrated Care Board - QT6,ICBs,Persons,All ages,,,2023/24,2.40886,2.37048,2.44784,2.34862,2.4706,14538,603523,,,Higher 99.8,Not compared,20230000,New data,,1y
253,COPD: QOF prevalence,E92000001,England,E54000037,NHS Devon Integrated Care Board - QJK,ICBs,Persons,All ages,,,2023/24,2.3351,2.30921,2.36126,2.29442,2.37648,30210,1293737,,,Higher 99.8,Not compared,20230000,New data,,1y
253,COPD: QOF prevalence,E92000001,England,E54000038,NHS Somerset Integrated Care Board - QSL,ICBs,Persons,All ages,,,2023/24,2.22076,2.18392,2.25821,2.16295,2.28008,13427,604613,,,Higher 99.8,Not compared,20230000,New data,,1y
253,COPD: QOF prevalence,E92000001,England,E54000039,"NHS Bristol, North Somerset and South Gloucestershire Integrated Care Board - QUY",ICBs,Persons,All ages,,,2023/24,1.76879,1.74419,1.79373,1.73015,1.80827,19241,1087808,,,Lower 99.8,Not compared,20230000,New data,,1y
253,COPD: QOF prevalence,E92000001,England,E54000040,"NHS Bath and North East Somerset, Swindon and Wiltshire Integrated Care Board - QOX",ICBs,Persons,All ages,,,2023/24,1.77245,1.74683,1.79844,1.73222,1.81359,17802,1004374,,,Lower 99.8,Not compared,20230000,New data,,1y
253,COPD: QOF prevalence,E92000001,England,E54000041,NHS Dorset Integrated Care Board - QVV,ICBs,Persons,All ages,,,2023/24,2.14364,2.11273,2.17499,2.09511,2.19327,17826,831576,,,Higher 99.8,Not compared,20230000,New data,,1y
253,COPD: QOF prevalence,E92000001,England,E54000042,NHS Hampshire and Isle of Wight Integrated Care Board - QRL,ICBs,Persons,All ages,,,2023/24,2.02033,2.00073,2.04012,1.98952,2.05161,39619,1961015,,,Higher 99.8,Not compared,20230000,New data,,1y
253,COPD: QOF prevalence,E92000001,England,E54000043,NHS Gloucestershire Integrated Care Board - QR1,ICBs,Persons,All ages,,,2023/24,1.85229,1.82063,1.8845,1.80261,1.90332,12683,684719,,,Similar,Not compared,20230000,New data,,1y
253,COPD: QOF prevalence,E92000001,England,E54000044,"NHS Buckinghamshire, Oxfordshire and Berkshire West Integrated Care Board - QU9",ICBs,Persons,All ages,,,2023/24,1.23858,1.22332,1.25402,1.21461,1.26302,24694,1993737,,,Lower 99.8,Not compared,20230000,New data,,1y
253,COPD: QOF prevalence,E92000001,England,E54000048,NHS Lancashire and South Cumbria Integrated Care Board - QE1,ICBs,Persons,All ages,,,2023/24,2.38124,2.35938,2.4033,2.34686,2.41611,44090,1851555,,,Higher 99.8,Not compared,20230000,New data,,1y
253,COPD: QOF prevalence,E92000001,England,E54000050,NHS North East and North Cumbria Integrated Care Board - QHM,ICBs,Persons,All ages,,,2023/24,2.79892,2.78093,2.81701,2.77061,2.8275,89882,3211313,,,Higher 99.8,Not compared,20230000,New data,,1y
253,COPD: QOF prevalence,E92000001,England,E54000051,NHS Humber and North Yorkshire Integrated Care Board - QOQ,ICBs,Persons,All ages,,,2023/24,2.41123,2.38894,2.43373,2.37618,2.44679,43477,1803102,,,Higher 99.8,Not compared,20230000,New data,,1y
253,COPD: QOF prevalence,E92000001,England,E54000052,NHS Surrey Heartlands Integrated Care Board - QXU,ICBs,Persons,All ages,,,2023/24,1.26501,1.24468,1.28568,1.2331,1.29774,14445,1141884,,,Lower 99.8,Not compared,20230000,New data,,1y
253,COPD: QOF prevalence,E92000001,England,E54000053,NHS Sussex Integrated Care Board - QNX,ICBs,Persons,All ages,,,2023/24,1.94073,1.92095,1.96072,1.90963,1.97234,35870,1848269,,,Higher 99.8,Not compared,20230000,New data,,1y
253,COPD: QOF prevalence,E92000001,England,E54000054,NHS West Yorkshire Integrated Care Board - QWO,ICBs,Persons,All ages,,,2023/24,2.08061,2.0636,2.09776,2.05385,2.10771,55821,2682917,,,Higher 99.8,Not compared,20230000,New data,,1y
253,COPD: QOF prevalence,E92000001,England,E54000055,NHS Birmingham and Solihull Integrated Care Board - QHL,ICBs,Persons,All ages,,,2023/24,1.45073,1.43248,1.46921,1.42206,1.47997,23632,1628972,,,Lower 99.8,Not compared,20230000,New data,,1y
253,COPD: QOF prevalence,E92000001,England,E54000056,NHS Cambridgeshire and Peterborough Integrated Care Board - QUE,ICBs,Persons,All ages,,,2023/24,1.70008,1.67549,1.72502,1.66147,1.73956,17800,1047011,,,Lower 99.8,Not compared,20230000,New data,,1y
253,COPD: QOF prevalence,E92000001,England,E54000057,NHS Greater Manchester Integrated Care Board - QOP,ICBs,Persons,All ages,,,2023/24,2.17546,2.15969,2.19134,2.15065,2.20055,71005,3263907,,,Higher 99.8,Not compared,20230000,New data,,1y
253,COPD: QOF prevalence,E92000001,England,E54000058,NHS Derby and Derbyshire Integrated Care Board - QJ2,ICBs,Persons,All ages,,,2023/24,2.21714,2.1902,2.24441,2.17481,2.26028,25138,1133802,,,Higher 99.8,Not compared,20230000,New data,,1y
253,COPD: QOF prevalence,E92000001,England,E54000059,NHS Northamptonshire Integrated Care Board - QPM,ICBs,Persons,All ages,,,2023/24,1.88861,1.85973,1.91793,1.84328,1.93504,15879,840777,,,Similar,Not compared,20230000,New data,,1y
253,COPD: QOF prevalence,E92000001,England,E54000060,NHS Nottingham and Nottinghamshire Integrated Care Board - QT1,ICBs,Persons,All ages,,,2023/24,2.04839,2.02392,2.07315,2.00994,2.08756,26057,1272073,,,Higher 99.8,Not compared,20230000,New data,,1y
253,COPD: QOF prevalence,E92000001,England,E54000061,NHS South Yorkshire Integrated Care Board - QF7,ICBs,Persons,All ages,,,2023/24,2.67186,2.64632,2.69763,2.63171,2.7126,40556,1517896,,,Higher 99.8,Not compared,20230000,New data,,1y
253,COPD: QOF prevalence,E92000001,England,E54000062,NHS Black Country Integrated Care Board - QUA,ICBs,Persons,All ages,,,2023/24,2.00779,1.98409,2.03176,1.97055,2.04571,26713,1330470,,,Higher 99.8,Not compared,20230000,New data,,1y
253,COPD: QOF prevalence,E54000061,NHS South Yorkshire Integrated Care Board - QF7,E38000006,South Yorkshire ICB - 02P ,ICB sub-locations,Persons,All ages,,,2023/24,3.2744,3.20788,3.34225,3.17012,3.38199,8827,269576,,,Higher 99.8,Higher 99.8,20230000,New data,,1y
253,COPD: QOF prevalence,E54000026,NHS Mid and South Essex Integrated Care Board - QH8,E38000007,Mid and South Essex ICB - 99E ,ICB sub-locations,Persons,All ages,,,2023/24,1.73,1.6834,1.77786,1.6571,1.80604,5066,292833,,,Lower 99.8,Lower 99.8,20230000,New data,,1y
253,COPD: QOF prevalence,E54000060,NHS Nottingham and Nottinghamshire Integrated Care Board - QT1,E38000008,Nottingham and Nottinghamshire ICB - 02Q ,ICB sub-locations,Persons,All ages,,,2023/24,2.99143,2.89892,3.08679,2.84685,3.14311,3780,126361,,,Higher 99.8,Higher 99.8,20230000,New data,,1y
253,COPD: QOF prevalence,E54000048,NHS Lancashire and South Cumbria Integrated Care Board - QE1,E38000014,Lancashire and South Cumbria ICB - 00Q ,ICB sub-locations,Persons,All ages,,,2023/24,2.01939,1.95643,2.08433,1.92101,2.1227,3754,185898,,,Higher 99.8,Lower 99.8,20230000,New data,,1y
253,COPD: QOF prevalence,E54000048,NHS Lancashire and South Cumbria Integrated Care Board - QE1,E38000015,Lancashire and South Cumbria ICB - 00R ,ICB sub-locations,Persons,All ages,,,2023/24,3.77303,3.68566,3.86238,3.63617,3.91482,6741,178663,,,Higher 99.8,Higher 99.8,20230000,New data,,1y
253,COPD: QOF prevalence,E54000057,NHS Greater Manchester Integrated Care Board - QOP,E38000016,Greater Manchester ICB - 00T ,ICB sub-locations,Persons,All ages,,,2023/24,2.16219,2.11312,2.21237,2.08532,2.24182,7135,329990,,,Higher 99.8,Similar,20230000,New data,,1y
253,COPD: QOF prevalence,E54000053,NHS Sussex Integrated Care Board - QNX,E38000021,Sussex ICB - 09D ,ICB sub-locations,Persons,All ages,,,2023/24,1.55366,1.51223,1.59621,1.48884,1.62127,5178,333277,,,Lower 99.8,Lower 99.8,20230000,New data,,1y
253,COPD: QOF prevalence,E54000057,NHS Greater Manchester Integrated Care Board - QOP,E38000024,Greater Manchester ICB - 00V ,ICB sub-locations,Persons,All ages,,,2023/24,2.0506,1.99108,2.11186,1.95753,2.14799,4339,211597,,,Higher 99.8,Lower 99.8,20230000,New data,,1y
253,COPD: QOF prevalence,E54000054,NHS West Yorkshire Integrated Care Board - QWO,E38000025,West Yorkshire ICB - 02T ,ICB sub-locations,Persons,All ages,,,2023/24,2.22981,2.16955,2.29171,2.13553,2.32816,5006,224503,,,Higher 99.8,Higher 99.8,20230000,New data,,1y
253,COPD: QOF prevalence,E54000010,NHS Staffordshire and Stoke-on-Trent Integrated Care Board - QNC,E38000028,Staffordshire and Stoke-on-Trent ICB - 04Y ,ICB sub-locations,Persons,All ages,,,2023/24,2.59708,2.51496,2.68181,2.46876,2.73187,3627,139657,,,Higher 99.8,Higher 99.8,20230000,New data,,1y
253,COPD: QOF prevalence,E54000026,NHS Mid and South Essex Integrated Care Board - QH8,E38000030,Mid and South Essex ICB - 99F ,ICB sub-locations,Persons,All ages,,,2023/24,2.22921,2.16334,2.29703,2.12623,2.33705,4178,187421,,,Higher 99.8,Higher 99.8,20230000,New data,,1y
253,COPD: QOF prevalence,E54000048,NHS Lancashire and South Cumbria Integrated Care Board - QE1,E38000034,Lancashire and South Cumbria ICB - 00X ,ICB sub-locations,Persons,All ages,,,2023/24,2.13382,2.07009,2.19946,2.0342,2.2382,4092,191769,,,Higher 99.8,Lower 99.8,20230000,New data,,1y
253,COPD: QOF prevalence,E54000061,NHS South Yorkshire Integrated Care Board - QF7,E38000044,South Yorkshire ICB - 02X ,ICB sub-locations,Persons,All ages,,,2023/24,3.04797,2.99045,3.10656,2.95777,3.14084,10267,336847,,,Higher 99.8,Higher 99.8,20230000,New data,,1y
253,COPD: QOF prevalence,E54000041,NHS Dorset Integrated Care Board - QVV,E38000045,Dorset ICB - 11J ,ICB sub-locations,Persons,All ages,,,2023/24,2.14364,2.11273,2.17499,2.09511,2.19327,17826,831576,,,Higher 99.8,Similar,20230000,New data,,1y
253,COPD: QOF prevalence,E54000025,NHS Hertfordshire and West Essex Integrated Care Board - QM7,E38000049,Hertfordshire and West Essex ICB - 06K ,ICB sub-locations,Persons,All ages,,,2023/24,1.5163,1.48646,1.54673,1.46952,1.56455,9579,631735,,,Lower 99.8,Higher 99.8,20230000,New data,,1y
253,COPD: QOF prevalence,E54000048,NHS Lancashire and South Cumbria Integrated Care Board - QE1,E38000050,Lancashire and South Cumbria ICB - 01A ,ICB sub-locations,Persons,All ages,,,2023/24,2.42848,2.38159,2.47628,2.35495,2.50425,9863,406138,,,Higher 99.8,Similar,20230000,New data,,1y
253,COPD: QOF prevalence,E54000015,"NHS Leicester, Leicestershire and Rutland Integrated Care Board - QK1",E38000051,"Leicester, Leicestershire and Rutland ICB - 03W ",ICB sub-locations,Persons,All ages,,,2023/24,1.71226,1.67029,1.75526,1.64655,1.78053,6134,358241,,,Lower 99.8,Higher 99.8,20230000,New data,,1y
253,COPD: QOF prevalence,E54000051,NHS Humber and North Yorkshire Integrated Care Board - QOQ,E38000052,Humber and North Yorkshire ICB - 02Y ,ICB sub-locations,Persons,All ages,,,2023/24,2.58368,2.52881,2.63971,2.49768,2.67255,8125,314474,,,Higher 99.8,Higher 99.8,20230000,New data,,1y
253,COPD: QOF prevalence,E54000010,NHS Staffordshire and Stoke-on-Trent Integrated Care Board - QNC,E38000053,Staffordshire and Stoke-on-Trent ICB - 05D ,ICB sub-locations,Persons,All ages,,,2023/24,1.64486,1.58236,1.70978,1.54739,1.74835,2519,153144,,,Lower 99.8,Lower 99.8,20230000,New data,,1y
253,COPD: QOF prevalence,E54000043,NHS Gloucestershire Integrated Care Board - QR1,E38000062,Gloucestershire ICB - 11M ,ICB sub-locations,Persons,All ages,,,2023/24,1.85229,1.82063,1.8845,1.80261,1.90332,12683,684719,,,Similar,Similar,20230000,New data,,1y
253,COPD: QOF prevalence,E54000008,NHS Cheshire and Merseyside Integrated Care Board - QYG,E38000068,Cheshire and Merseyside ICB - 01F ,ICB sub-locations,Persons,All ages,,,2023/24,3.14356,3.05216,3.23761,3.00063,3.29307,4277,136056,,,Higher 99.8,Higher 99.8,20230000,New data,,1y
253,COPD: QOF prevalence,E54000025,NHS Hertfordshire and West Essex Integrated Care Board - QM7,E38000079,Hertfordshire and West Essex ICB - 06N ,ICB sub-locations,Persons,All ages,,,2023/24,1.33785,1.31095,1.36529,1.29568,1.38137,9188,686774,,,Lower 99.8,Lower 99.8,20230000,New data,,1y
253,COPD: QOF prevalence,E54000057,NHS Greater Manchester Integrated Care Board - QOP,E38000080,Greater Manchester ICB - 01D ,ICB sub-locations,Persons,All ages,,,2023/24,2.38993,2.33074,2.45058,2.29727,2.48623,5966,249631,,,Higher 99.8,Higher 99.8,20230000,New data,,1y
253,COPD: QOF prevalence,E54000051,NHS Humber and North Yorkshire Integrated Care Board - QOQ,E38000085,Humber and North Yorkshire ICB - 03F ,ICB sub-locations,Persons,All ages,,,2023/24,3.12539,3.06513,3.18679,3.0309,3.22272,9826,314393,,,Higher 99.8,Higher 99.8,20230000,New data,,1y
253,COPD: QOF prevalence,E54000023,NHS Suffolk and North East Essex Integrated Care Board - QJG,E38000086,Suffolk and North East Essex ICB - 06L ,ICB sub-locations,Persons,All ages,,,2023/24,1.75383,1.71439,1.79416,1.69205,1.81783,7298,416117,,,Lower 99.8,Lower 99.8,20230000,New data,,1y
253,COPD: QOF prevalence,E54000036,NHS Cornwall and the Isles of Scilly Integrated Care Board - QT6,E38000089,Cornwall and The Isles Of Scilly ICB - 11N ,ICB sub-locations,Persons,All ages,,,2023/24,2.40886,2.37048,2.44784,2.34862,2.4706,14538,603523,,,Higher 99.8,Similar,20230000,New data,,1y
253,COPD: QOF prevalence,E54000008,NHS Cheshire and Merseyside Integrated Care Board - QYG,E38000091,Cheshire and Merseyside ICB - 01J ,ICB sub-locations,Persons,All ages,,,2023/24,3.63689,3.54947,3.72639,3.49998,3.77895,6258,172070,,,Higher 99.8,Higher 99.8,20230000,New data,,1y
253,COPD: QOF prevalence,E54000015,"NHS Leicester, Leicestershire and Rutland Integrated Care Board - QK1",E38000097,"Leicester, Leicestershire and Rutland ICB - 04C ",ICB sub-locations,Persons,All ages,,,2023/24,1.24172,1.20976,1.27452,1.19171,1.29381,5581,449456,,,Lower 99.8,Lower 99.8,20230000,New data,,1y
253,COPD: QOF prevalence,E54000008,NHS Cheshire and Merseyside Integrated Care Board - QYG,E38000101,Cheshire and Merseyside ICB - 99A ,ICB sub-locations,Persons,All ages,,,2023/24,3.01484,2.97146,3.05883,2.94673,3.08448,17748,588688,,,Higher 99.8,Higher 99.8,20230000,New data,,1y
253,COPD: QOF prevalence,E54000026,NHS Mid and South Essex Integrated Care Board - QH8,E38000106,Mid and South Essex ICB - 06Q ,ICB sub-locations,Persons,All ages,,,2023/24,1.58092,1.5435,1.61924,1.52232,1.64175,6590,416845,,,Lower 99.8,Lower 99.8,20230000,New data,,1y
253,COPD: QOF prevalence,E54000023,NHS Suffolk and North East Essex Integrated Care Board - QJG,E38000117,Suffolk and North East Essex ICB - 06T ,ICB sub-locations,Persons,All ages,,,2023/24,2.15723,2.11128,2.20416,2.08522,2.23167,8111,375991,,,Higher 99.8,Higher 99.8,20230000,New data,,1y
253,COPD: QOF prevalence,E54000051,NHS Humber and North Yorkshire Integrated Care Board - QOQ,E38000119,Humber and North Yorkshire ICB - 03H ,ICB sub-locations,Persons,All ages,,,2023/24,3.04299,2.96329,3.12476,2.91826,3.17287,5292,173908,,,Higher 99.8,Higher 99.8,20230000,New data,,1y
253,COPD: QOF prevalence,E54000051,NHS Humber and North Yorkshire Integrated Care Board - QOQ,E38000122,Humber and North Yorkshire ICB - 03K ,ICB sub-locations,Persons,All ages,,,2023/24,2.46567,2.39595,2.53738,2.35662,2.57964,4556,184777,,,Higher 99.8,Similar,20230000,New data,,1y
253,COPD: QOF prevalence,E54000010,NHS Staffordshire and Stoke-on-Trent Integrated Care Board - QNC,E38000126,Staffordshire and Stoke-on-Trent ICB - 05G ,ICB sub-locations,Persons,All ages,,,2023/24,2.61923,2.55492,2.68512,2.51854,2.72383,6057,231251,,,Higher 99.8,Higher 99.8,20230000,New data,,1y
253,COPD: QOF prevalence,E54000050,NHS North East and North Cumbria Integrated Care Board - QHM,E38000127,North East and North Cumbria ICB - 99C ,ICB sub-locations,Persons,All ages,,,2023/24,2.61742,2.55261,2.68383,2.51595,2.72287,5954,227476,,,Higher 99.8,Lower 99.8,20230000,New data,,1y
253,COPD: QOF prevalence,E54000050,NHS North East and North Cumbria Integrated Care Board - QHM,E38000130,North East and North Cumbria ICB - 00L,ICB sub-locations,Persons,All ages,,,2023/24,2.71869,2.66446,2.774,2.63367,2.80638,9209,338729,,,Higher 99.8,Similar,20230000,New data,,1y
253,COPD: QOF prevalence,E54000057,NHS Greater Manchester Integrated Care Board - QOP,E38000135,Greater Manchester ICB - 00Y ,ICB sub-locations,Persons,All ages,,,2023/24,2.15127,2.09703,2.20687,2.06637,2.23957,5768,268121,,,Higher 99.8,Similar,20230000,New data,,1y
253,COPD: QOF prevalence,E54000044,"NHS Buckinghamshire, Oxfordshire and Berkshire West Integrated Care Board - QU9",E38000136,"Buckinghamshire, Oxfordshire and Berkshire West ICB - 10Q ",ICB sub-locations,Persons,All ages,,,2023/24,1.31315,1.28871,1.33804,1.27482,1.35261,10746,818339,,,Lower 99.8,Higher 99.8,20230000,New data,,1y
253,COPD: QOF prevalence,E54000042,NHS Hampshire and Isle of Wight Integrated Care Board - QRL,E38000137,Hampshire and Isle Of Wight ICB - 10R ,ICB sub-locations,Persons,All ages,,,2023/24,2.70903,2.64427,2.77533,2.60762,2.81427,6388,235804,,,Higher 99.8,Higher 99.8,20230000,New data,,1y
253,COPD: QOF prevalence,E54000061,NHS South Yorkshire Integrated Care Board - QF7,E38000141,South Yorkshire ICB - 03L ,ICB sub-locations,Persons,All ages,,,2023/24,3.19113,3.12586,3.25772,3.08881,3.29673,8713,273038,,,Higher 99.8,Higher 99.8,20230000,New data,,1y
253,COPD: QOF prevalence,E54000057,NHS Greater Manchester Integrated Care Board - QOP,E38000143,Greater Manchester ICB - 01G ,ICB sub-locations,Persons,All ages,,,2023/24,2.48116,2.42757,2.5359,2.39719,2.568,7862,316868,,,Higher 99.8,Higher 99.8,20230000,New data,,1y
253,COPD: QOF prevalence,E54000061,NHS South Yorkshire Integrated Care Board - QF7,E38000146,South Yorkshire ICB - 03N ,ICB sub-locations,Persons,All ages,,,2023/24,1.99691,1.96289,2.03152,1.94352,2.05174,12749,638435,,,Higher 99.8,Lower 99.8,20230000,New data,,1y
253,COPD: QOF prevalence,E54000038,NHS Somerset Integrated Care Board - QSL,E38000150,Somerset ICB - 11X ,ICB sub-locations,Persons,All ages,,,2023/24,2.22076,2.18392,2.25821,2.16295,2.28008,13427,604613,,,Higher 99.8,Similar,20230000,New data,,1y
253,COPD: QOF prevalence,E54000010,NHS Staffordshire and Stoke-on-Trent Integrated Care Board - QNC,E38000153,Staffordshire and Stoke-on-Trent ICB - 05Q ,ICB sub-locations,Persons,All ages,,,2023/24,1.8845,1.82867,1.942,1.79721,1.97594,4169,221226,,,Similar,Lower 99.8,20230000,New data,,1y
253,COPD: QOF prevalence,E54000008,NHS Cheshire and Merseyside Integrated Care Board - QYG,E38000161,Cheshire and Merseyside ICB - 01T ,ICB sub-locations,Persons,All ages,,,2023/24,2.77774,2.69825,2.85951,2.65342,2.90772,4433,159590,,,Higher 99.8,Higher 99.8,20230000,New data,,1y
253,COPD: QOF prevalence,E54000050,NHS North East and North Cumbria Integrated Care Board - QHM,E38000163,North East and North Cumbria ICB - 00N ,ICB sub-locations,Persons,All ages,,,2023/24,3.41535,3.32743,3.50552,3.27773,3.55855,5459,159837,,,Higher 99.8,Higher 99.8,20230000,New data,,1y
253,COPD: QOF prevalence,E54000026,NHS Mid and South Essex Integrated Care Board - QH8,E38000168,Mid and South Essex ICB - 99G ,ICB sub-locations,Persons,All ages,,,2023/24,2.14203,2.07864,2.20731,2.04293,2.24583,4168,194582,,,Higher 99.8,Higher 99.8,20230000,New data,,1y
253,COPD: QOF prevalence,E54000008,NHS Cheshire and Merseyside Integrated Care Board - QYG,E38000170,Cheshire and Merseyside ICB - 01V ,ICB sub-locations,Persons,All ages,,,2023/24,2.067,1.99043,2.14645,1.94756,2.19361,2642,127818,,,Higher 99.8,Lower 99.8,20230000,New data,,1y
253,COPD: QOF prevalence,E54000008,NHS Cheshire and Merseyside Integrated Care Board - QYG,E38000172,Cheshire and Merseyside ICB - 01X ,ICB sub-locations,Persons,All ages,,,2023/24,2.88605,2.81392,2.95997,2.77313,3.00342,5828,201937,,,Higher 99.8,Higher 99.8,20230000,New data,,1y
253,COPD: QOF prevalence,E54000010,NHS Staffordshire and Stoke-on-Trent Integrated Care Board - QNC,E38000173,Staffordshire and Stoke-on-Trent ICB - 05V ,ICB sub-locations,Persons,All ages,,,2023/24,1.85404,1.78816,1.9223,1.75123,1.96277,2882,155444,,,Similar,Lower 99.8,20230000,New data,,1y
253,COPD: QOF prevalence,E54000057,NHS Greater Manchester Integrated Care Board - QOP,E38000174,Greater Manchester ICB - 01W ,ICB sub-locations,Persons,All ages,,,2023/24,2.09445,2.04593,2.14411,2.01845,2.17326,6847,326911,,,Higher 99.8,Lower 99.8,20230000,New data,,1y
253,COPD: QOF prevalence,E54000010,NHS Staffordshire and Stoke-on-Trent Integrated Care Board - QNC,E38000175,Staffordshire and Stoke-on-Trent ICB - 05W ,ICB sub-locations,Persons,All ages,,,2023/24,2.61438,2.55761,2.67238,2.52542,2.70639,7765,297011,,,Higher 99.8,Higher 99.8,20230000,New data,,1y
253,COPD: QOF prevalence,E54000050,NHS North East and North Cumbria Integrated Care Board - QHM,E38000176,North East and North Cumbria ICB - 00P ,ICB sub-locations,Persons,All ages,,,2023/24,3.24873,3.18529,3.3134,3.14926,3.35125,9562,294330,,,Higher 99.8,Higher 99.8,20230000,New data,,1y
253,COPD: QOF prevalence,E54000026,NHS Mid and South Essex Integrated Care Board - QH8,E38000185,Mid and South Essex ICB - 07G ,ICB sub-locations,Persons,All ages,,,2023/24,1.8983,1.83781,1.96074,1.80379,1.99766,3595,189380,,,Similar,Similar,20230000,New data,,1y
253,COPD: QOF prevalence,E54000057,NHS Greater Manchester Integrated Care Board - QOP,E38000187,Greater Manchester ICB - 02A ,ICB sub-locations,Persons,All ages,,,2023/24,1.91292,1.85982,1.9675,1.82986,1.99966,4757,248678,,,Similar,Lower 99.8,20230000,New data,,1y
253,COPD: QOF prevalence,E54000051,NHS Humber and North Yorkshire Integrated Care Board - QOQ,E38000188,Humber and North Yorkshire ICB - 03Q ,ICB sub-locations,Persons,All ages,,,2023/24,1.68943,1.64854,1.73132,1.62541,1.75594,6293,372492,,,Lower 99.8,Lower 99.8,20230000,New data,,1y
253,COPD: QOF prevalence,E54000054,NHS West Yorkshire Integrated Care Board - QWO,E38000190,West Yorkshire ICB - 03R ,ICB sub-locations,Persons,All ages,,,2023/24,2.67964,2.62986,2.73032,2.60157,2.75998,10640,397069,,,Higher 99.8,Higher 99.8,20230000,New data,,1y
253,COPD: QOF prevalence,E54000008,NHS Cheshire and Merseyside Integrated Care Board - QYG,E38000194,Cheshire and Merseyside ICB - 02E ,ICB sub-locations,Persons,All ages,,,2023/24,1.76148,1.70842,1.81616,1.67855,1.84844,4036,229125,,,Lower 99.8,Lower 99.8,20230000,New data,,1y
253,COPD: QOF prevalence,E54000025,NHS Hertfordshire and West Essex Integrated Care Board - QM7,E38000197,Hertfordshire and West Essex ICB - 07H ,ICB sub-locations,Persons,All ages,,,2023/24,1.59082,1.54885,1.63391,1.52515,1.65928,5290,332532,,,Lower 99.8,Higher 99.8,20230000,New data,,1y
253,COPD: QOF prevalence,E54000048,NHS Lancashire and South Cumbria Integrated Care Board - QE1,E38000200,Lancashire and South Cumbria ICB - 02G ,ICB sub-locations,Persons,All ages,,,2023/24,2.19809,2.11584,2.28347,2.0698,2.33415,2585,117602,,,Higher 99.8,Lower 99.8,20230000,New data,,1y
253,COPD: QOF prevalence,E54000015,"NHS Leicester, Leicestershire and Rutland Integrated Care Board - QK1",E38000201,"Leicester, Leicestershire and Rutland ICB - 04V ",ICB sub-locations,Persons,All ages,,,2023/24,1.74439,1.70523,1.78443,1.68305,1.80793,7325,419917,,,Lower 99.8,Higher 99.8,20230000,New data,,1y
253,COPD: QOF prevalence,E54000023,NHS Suffolk and North East Essex Integrated Care Board - QJG,E38000204,Suffolk and North East Essex ICB - 07K ,ICB sub-locations,Persons,All ages,,,2023/24,2.26173,2.20711,2.31768,2.17619,2.35055,6284,277840,,,Higher 99.8,Higher 99.8,20230000,New data,,1y
253,COPD: QOF prevalence,E54000057,NHS Greater Manchester Integrated Care Board - QOP,E38000205,Greater Manchester ICB - 02H ,ICB sub-locations,Persons,All ages,,,2023/24,2.38802,2.33783,2.43926,2.30936,2.46929,8315,348197,,,Higher 99.8,Higher 99.8,20230000,New data,,1y
253,COPD: QOF prevalence,E54000008,NHS Cheshire and Merseyside Integrated Care Board - QYG,E38000208,Cheshire and Merseyside ICB - 12F ,ICB sub-locations,Persons,All ages,,,2023/24,2.59259,2.54001,2.64622,2.51017,2.67764,8919,344019,,,Higher 99.8,Similar,20230000,New data,,1y
253,COPD: QOF prevalence,E54000050,NHS North East and North Cumbria Integrated Care Board - QHM,E38000212,North East and North Cumbria ICB - 13T ,ICB sub-locations,Persons,All ages,,,2023/24,2.28589,2.24695,2.3255,2.22479,2.34864,12717,556325,,,Higher 99.8,Lower 99.8,20230000,New data,,1y
253,COPD: QOF prevalence,E54000050,NHS North East and North Cumbria Integrated Care Board - QHM,E38000215,North East and North Cumbria ICB - 01H ,ICB sub-locations,Persons,All ages,,,2023/24,2.39046,2.33924,2.44278,2.31019,2.47345,7996,334496,,,Higher 99.8,Lower 99.8,20230000,New data,,1y
253,COPD: QOF prevalence,E54000057,NHS Greater Manchester Integrated Care Board - QOP,E38000217,Greater Manchester ICB - 14L ,ICB sub-locations,Persons,All ages,,,2023/24,1.81006,1.7799,1.84072,1.76273,1.85863,13363,738263,,,Lower 99.8,Lower 99.8,20230000,New data,,1y
253,COPD: QOF prevalence,E54000044,"NHS Buckinghamshire, Oxfordshire and Berkshire West Integrated Care Board - QU9",E38000221,"Buckinghamshire, Oxfordshire and Berkshire West ICB - 15A ",ICB sub-locations,Persons,All ages,,,2023/24,1.16507,1.1379,1.19289,1.12251,1.20923,6817,585113,,,Lower 99.8,Lower 99.8,20230000,New data,,1y
253,COPD: QOF prevalence,E54000039,"NHS Bristol, North Somerset and South Gloucestershire Integrated Care Board - QUY",E38000222,"Bristol, North Somerset and South Gloucestershire ICB - 15C ",ICB sub-locations,Persons,All ages,,,2023/24,1.76879,1.74419,1.79373,1.73015,1.80827,19241,1087808,,,Lower 99.8,Similar,20230000,New data,,1y
253,COPD: QOF prevalence,E54000044,"NHS Buckinghamshire, Oxfordshire and Berkshire West Integrated Care Board - QU9",E38000223,"Buckinghamshire, Oxfordshire and Berkshire West ICB - 14Y ",ICB sub-locations,Persons,All ages,,,2023/24,1.20806,1.18051,1.23625,1.1649,1.2528,7131,590285,,,Lower 99.8,Similar,20230000,New data,,1y
253,COPD: QOF prevalence,E54000054,NHS West Yorkshire Integrated Care Board - QWO,E38000225,West Yorkshire ICB - 15F ,ICB sub-locations,Persons,All ages,,,2023/24,1.88161,1.85428,1.90933,1.8387,1.9255,17614,936115,,,Similar,Lower 99.8,20230000,New data,,1y
253,COPD: QOF prevalence,E54000048,NHS Lancashire and South Cumbria Integrated Care Board - QE1,E38000226,Lancashire and South Cumbria ICB - 02M ,ICB sub-locations,Persons,All ages,,,2023/24,2.77018,2.69646,2.84586,2.65482,2.89041,5137,185439,,,Higher 99.8,Higher 99.8,20230000,New data,,1y
253,COPD: QOF prevalence,E54000048,NHS Lancashire and South Cumbria Integrated Care Board - QE1,E38000227,Lancashire and South Cumbria ICB - 01E ,ICB sub-locations,Persons,All ages,,,2023/24,1.85916,1.80478,1.91514,1.77413,1.94817,4280,230212,,,Similar,Lower 99.8,20230000,New data,,1y
253,COPD: QOF prevalence,E54000048,NHS Lancashire and South Cumbria Integrated Care Board - QE1,E38000228,Lancashire and South Cumbria ICB - 01K ,ICB sub-locations,Persons,All ages,,,2023/24,2.14651,2.0994,2.19464,2.0727,2.22288,7638,355834,,,Higher 99.8,Lower 99.8,20230000,New data,,1y
253,COPD: QOF prevalence,E54000037,NHS Devon Integrated Care Board - QJK,E38000230,Devon ICB - 15N ,ICB sub-locations,Persons,All ages,,,2023/24,2.3351,2.30921,2.36126,2.29442,2.37648,30210,1293737,,,Higher 99.8,Similar,20230000,New data,,1y
253,COPD: QOF prevalence,E54000040,"NHS Bath and North East Somerset, Swindon and Wiltshire Integrated Care Board - QOX",E38000231,"Bath and North East Somerset, Swindon and Wiltshire ICB - 92G ",ICB sub-locations,Persons,All ages,,,2023/24,1.77245,1.74683,1.79844,1.73222,1.81359,17802,1004374,,,Lower 99.8,Similar,20230000,New data,,1y
253,COPD: QOF prevalence,E54000054,NHS West Yorkshire Integrated Care Board - QWO,E38000232,West Yorkshire ICB - 36J ,ICB sub-locations,Persons,All ages,,,2023/24,2.00934,1.97591,2.04333,1.95688,2.06318,13378,665790,,,Higher 99.8,Lower 99.8,20230000,New data,,1y
253,COPD: QOF prevalence,E54000008,NHS Cheshire and Merseyside Integrated Care Board - QYG,E38000233,Cheshire and Merseyside ICB - 27D ,ICB sub-locations,Persons,All ages,,,2023/24,1.96854,1.93861,1.99892,1.92156,2.01665,16051,815376,,,Higher 99.8,Lower 99.8,20230000,New data,,1y
253,COPD: QOF prevalence,E54000050,NHS North East and North Cumbria Integrated Care Board - QHM,E38000234,North East and North Cumbria ICB - 84H ,ICB sub-locations,Persons,All ages,,,2023/24,3.07295,3.02832,3.11821,3.00288,3.1446,17408,566492,,,Higher 99.8,Higher 99.8,20230000,New data,,1y
253,COPD: QOF prevalence,E54000053,NHS Sussex Integrated Care Board - QNX,E38000235,Sussex ICB - 97R ,ICB sub-locations,Persons,All ages,,,2023/24,2.36767,2.3287,2.40728,2.30651,2.43042,13619,575206,,,Higher 99.8,Higher 99.8,20230000,New data,,1y
253,COPD: QOF prevalence,E54000019,NHS Herefordshire and Worcestershire Integrated Care Board - QGH,E38000236,Herefordshire and Worcestershire ICB - 18C ,ICB sub-locations,Persons,All ages,,,2023/24,2.1149,2.08413,2.14611,2.06659,2.16431,17514,828125,,,Higher 99.8,Similar,20230000,New data,,1y
253,COPD: QOF prevalence,E54000032,NHS Kent and Medway Integrated Care Board - QKS,E38000237,Kent and Medway ICB - 91Q ,ICB sub-locations,Persons,All ages,,,2023/24,1.98342,1.96427,2.00275,1.95331,2.01398,40015,2017477,,,Higher 99.8,Similar,20230000,New data,,1y
253,COPD: QOF prevalence,E54000013,NHS Lincolnshire Integrated Care Board - QJM,E38000238,Lincolnshire ICB - 71E ,ICB sub-locations,Persons,All ages,,,2023/24,2.43827,2.40512,2.47186,2.3862,2.49144,20007,820541,,,Higher 99.8,Similar,20230000,New data,,1y
253,COPD: QOF prevalence,E54000022,NHS Norfolk and Waveney Integrated Care Board - QMM,E38000239,Norfolk and Waveney ICB - 26A ,ICB sub-locations,Persons,All ages,,,2023/24,2.31325,2.28526,2.34158,2.26927,2.35807,25321,1094606,,,Higher 99.8,Similar,20230000,New data,,1y
253,COPD: QOF prevalence,E54000028,NHS North Central London Integrated Care Board - QMJ,E38000240,North Central London ICB - 93C ,ICB sub-locations,Persons,All ages,,,2023/24,1.04164,1.02694,1.05655,1.01856,1.06524,18821,1806858,,,Lower 99.8,Similar,20230000,New data,,1y
253,COPD: QOF prevalence,E54000051,NHS Humber and North Yorkshire Integrated Care Board - QOQ,E38000241,Humber and North Yorkshire ICB - 42D ,ICB sub-locations,Persons,All ages,,,2023/24,2.11823,2.07625,2.16105,2.05241,2.18612,9385,443058,,,Higher 99.8,Lower 99.8,20230000,New data,,1y
253,COPD: QOF prevalence,E54000060,NHS Nottingham and Nottinghamshire Integrated Care Board - QT1,E38000243,Nottingham and Nottinghamshire ICB - 52R ,ICB sub-locations,Persons,All ages,,,2023/24,1.94438,1.91926,1.96983,1.90492,1.98465,22277,1145712,,,Higher 99.8,Lower 99.8,20230000,New data,,1y
253,COPD: QOF prevalence,E54000030,NHS South East London Integrated Care Board - QKK,E38000244,South East London ICB - 72Q ,ICB sub-locations,Persons,All ages,,,2023/24,1.24121,1.22635,1.25624,1.21786,1.265,26152,2106983,,,Lower 99.8,Similar,20230000,New data,,1y
253,COPD: QOF prevalence,E54000031,NHS South West London Integrated Care Board - QWE,E38000245,South West London ICB - 36L ,ICB sub-locations,Persons,All ages,,,2023/24,1.02577,1.01099,1.04076,1.00257,1.0495,18065,1761117,,,Lower 99.8,Similar,20230000,New data,,1y
253,COPD: QOF prevalence,E54000052,NHS Surrey Heartlands Integrated Care Board - QXU,E38000246,Surrey Heartlands  ICB - 92A ,ICB sub-locations,Persons,All ages,,,2023/24,1.26501,1.24468,1.28568,1.2331,1.29774,14445,1141884,,,Lower 99.8,Similar,20230000,New data,,1y
253,COPD: QOF prevalence,E54000050,NHS North East and North Cumbria Integrated Care Board - QHM,E38000247,North East and North Cumbria ICB - 16C ,ICB sub-locations,Persons,All ages,,,2023/24,2.94114,2.90272,2.98005,2.88079,3.00271,21577,733628,,,Higher 99.8,Higher 99.8,20230000,New data,,1y
253,COPD: QOF prevalence,E54000053,NHS Sussex Integrated Care Board - QNX,E38000248,Sussex ICB - 70F ,ICB sub-locations,Persons,All ages,,,2023/24,1.81669,1.78988,1.84389,1.7746,1.85976,17073,939786,,,Similar,Lower 99.8,20230000,New data,,1y
253,COPD: QOF prevalence,E54000024,"NHS Bedfordshire, Luton and Milton Keynes Integrated Care Board - QHG",E38000249,"Bedfordshire, Luton and Milton Keynes ICB - M1J4Y ",ICB sub-locations,Persons,All ages,,,2023/24,1.48423,1.46211,1.50668,1.4495,1.51977,16790,1131227,,,Lower 99.8,Similar,20230000,New data,,1y
253,COPD: QOF prevalence,E54000018,NHS Coventry and Warwickshire Integrated Care Board - QWU,E38000251,Coventry and Warwickshire ICB - B2M3M ,ICB sub-locations,Persons,All ages,,,2023/24,1.58728,1.56413,1.61077,1.55092,1.62447,17510,1103145,,,Lower 99.8,Similar,20230000,New data,,1y
253,COPD: QOF prevalence,E54000034,NHS Frimley Integrated Care Board - QNQ,E38000252,Frimley ICB - D4U1Y ,ICB sub-locations,Persons,All ages,,,2023/24,1.22106,1.19783,1.24474,1.18463,1.2586,10284,842220,,,Lower 99.8,Similar,20230000,New data,,1y
253,COPD: QOF prevalence,E54000042,NHS Hampshire and Isle of Wight Integrated Care Board - QRL,E38000253,Hampshire and Isle Of Wight ICB - D9Y0V ,ICB sub-locations,Persons,All ages,,,2023/24,1.9262,1.9058,1.94682,1.89413,1.9588,33231,1725211,,,Higher 99.8,Lower 99.8,20230000,New data,,1y
253,COPD: QOF prevalence,E54000054,NHS West Yorkshire Integrated Care Board - QWO,E38000254,West Yorkshire ICB - X2C4Y ,ICB sub-locations,Persons,All ages,,,2023/24,1.99874,1.95867,2.03961,1.93592,2.06355,9183,459440,,,Higher 99.8,Lower 99.8,20230000,New data,,1y
253,COPD: QOF prevalence,E54000029,NHS North East London Integrated Care Board - QMF,E38000255,North East London ICB - A3A8R ,ICB sub-locations,Persons,All ages,,,2023/24,0.97118,0.95898,0.98354,0.95201,0.99074,23785,2449079,,,Lower 99.8,Similar,20230000,New data,,1y
253,COPD: QOF prevalence,E54000027,NHS North West London Integrated Care Board - QRV,E38000256,North West London ICB - W2U3Z ,ICB sub-locations,Persons,All ages,,,2023/24,0.86365,0.85303,0.8744,0.84696,0.88066,24864,2878948,,,Lower 99.8,Similar,20230000,New data,,1y
253,COPD: QOF prevalence,E54000011,"NHS Shropshire, Telford and Wrekin Integrated Care Board - QOC",E38000257,"Shropshire, Telford and Wrekin ICB - M2L0M ",ICB sub-locations,Persons,All ages,,,2023/24,1.88589,1.84968,1.92279,1.82911,1.94439,10032,531951,,,Similar,Similar,20230000,New data,,1y
253,COPD: QOF prevalence,E54000055,NHS Birmingham and Solihull Integrated Care Board - QHL,E38000258,Birmingham and Solihull ICB - 15E ,ICB sub-locations,Persons,All ages,,,2023/24,1.45073,1.43248,1.46921,1.42206,1.47997,23632,1628972,,,Lower 99.8,Similar,20230000,New data,,1y
253,COPD: QOF prevalence,E54000062,NHS Black Country Integrated Care Board - QUA,E38000259,Black Country ICB - D2P2L ,ICB sub-locations,Persons,All ages,,,2023/24,2.00779,1.98409,2.03176,1.97055,2.04571,26713,1330470,,,Higher 99.8,Similar,20230000,New data,,1y
253,COPD: QOF prevalence,E54000056,NHS Cambridgeshire and Peterborough Integrated Care Board - QUE,E38000260,Cambridgeshire and Peterborough ICB - 06H ,ICB sub-locations,Persons,All ages,,,2023/24,1.70008,1.67549,1.72502,1.66147,1.73956,17800,1047011,,,Lower 99.8,Similar,20230000,New data,,1y
253,COPD: QOF prevalence,E54000058,NHS Derby and Derbyshire Integrated Care Board - QJ2,E38000261,Derby and Derbyshire ICB - 15M ,ICB sub-locations,Persons,All ages,,,2023/24,2.21714,2.1902,2.24441,2.17481,2.26028,25138,1133802,,,Higher 99.8,Similar,20230000,New data,,1y
253,COPD: QOF prevalence,E54000059,NHS Northamptonshire Integrated Care Board - QPM,E38000262,Northamptonshire ICB - 78H ,ICB sub-locations,Persons,All ages,,,2023/24,1.88861,1.85973,1.91793,1.84328,1.93504,15879,840777,,,Similar,Similar,20230000,New data,,1y
253,COPD: QOF prevalence,E54000057,NHS Greater Manchester Integrated Care Board - QOP,E38000263,Greater Manchester ICB - 01Y ,ICB sub-locations,Persons,All ages,,,2023/24,2.94836,2.87936,3.01896,2.84029,3.06041,6653,225651,,,Higher 99.8,Higher 99.8,20230000,New data,,1y
253,COPD: QOF prevalence,,,E92000001,England,England,Persons,All ages,,,2024/25,1.89437,1.89102,1.89771,1.8891,1.89965,1207974,63766671,,No significant change,Not compared,Not compared,20240000,New data,,1y
253,COPD: QOF prevalence,,,E92000001,England,England,Persons,All ages,"County & UA deprivation deciles in England (IMD2019, 4/23 geography)",Most deprived decile (IMD2019),2024/25,2.21546336768221,2.2041162904021,2.22686753102114,2.19759855569977,2.23347009056318,142478,6431070,Aggregated from all known lower geography values,No significant change,Higher 99.8,Not compared,20240000,New data,,1y
253,COPD: QOF prevalence,,,E92000001,England,England,Persons,All ages,"County & UA deprivation deciles in England (IMD2019, 4/23 geography)",Second most deprived decile (IMD2019),2024/25,2.4068250272643,2.39185941485142,2.42188195455752,2.38327044122564,2.43060661390547,96377,4004321,Aggregated from all known lower geography values,No significant change,Higher 99.8,Not compared,20240000,New data,,1y
253,COPD: QOF prevalence,,,E92000001,England,England,Persons,All ages,"County & UA deprivation deciles in England (IMD2019, 4/23 geography)",Third more deprived decile (IMD2019),2024/25,1.96926356356956,1.9577978336825,1.98079508520917,1.95121560728188,1.98747507231993,110453,5608848,Aggregated from all known lower geography values,No significant change,Higher 99.8,Not compared,20240000,New data,,1y
253,COPD: QOF prevalence,,,E92000001,England,England,Persons,All ages,"County & UA deprivation deciles in England (IMD2019, 4/23 geography)",Fourth more deprived decile (IMD2019),2024/25,1.75977510235678,1.74918159934609,1.77043160632467,1.74310109809592,1.77660572141797,103525,5882854,Aggregated from all known lower geography values,No significant change,Lower 99.8,Not compared,20240000,New data,,1y
253,COPD: QOF prevalence,,,E92000001,England,England,Persons,All ages,"County & UA deprivation deciles in England (IMD2019, 4/23 geography)",Fifth more deprived decile (IMD2019),2024/25,1.87776687145315,1.86683566698608,1.88876085134034,1.86056032254177,1.89512947449985,110592,5889549,Aggregated from all known lower geography values,Decreasing,Similar,Not compared,20240000,New data,,1y
253,COPD: QOF prevalence,,,E92000001,England,England,Persons,All ages,"County & UA deprivation deciles in England (IMD2019, 4/23 geography)",Fifth less deprived decile (IMD2019),2024/25,1.97143466383833,1.96029665013469,1.98263468173203,1.95390169725615,1.98912176734773,117324,5951199,Aggregated from all known lower geography values,No significant change,Higher 99.8,Not compared,20240000,New data,,1y
253,COPD: QOF prevalence,,,E92000001,England,England,Persons,All ages,"County & UA deprivation deciles in England (IMD2019, 4/23 geography)",Fourth less deprived decile (IMD2019),2024/25,2.0423100772408,2.03276901426178,2.0518949844766,2.02728677072129,2.0574423767316,171630,8403719,Aggregated from all known lower geography values,No significant change,Higher 99.8,Not compared,20240000,New data,,1y
253,COPD: QOF prevalence,,,E92000001,England,England,Persons,All ages,"County & UA deprivation deciles in England (IMD2019, 4/23 geography)",Third less deprived decile (IMD2019),2024/25,1.74330497522229,1.73408049505061,1.7525776500607,1.72878278126041,1.75794697688495,134109,7692802,Aggregated from all known lower geography values,No significant change,Lower 99.8,Not compared,20240000,New data,,1y
253,COPD: QOF prevalence,,,E92000001,England,England,Persons,All ages,"County & UA deprivation deciles in England (IMD2019, 4/23 geography)",Second least deprived decile (IMD2019),2024/25,1.73391639113404,1.72539626207037,1.74247784721515,1.72050162385844,1.74743389374948,155583,8972924,Aggregated from all known lower geography values,No significant change,Lower 99.8,Not compared,20240000,New data,,1y
253,COPD: QOF prevalence,,,E92000001,England,England,Persons,All ages,"County & UA deprivation deciles in England (IMD2019, 4/23 geography)",Least deprived decile (IMD2019),2024/25,1.33692676440069,1.32682588653278,1.3471034885678,1.32103525547301,1.35300682047597,65902,4929365,Aggregated from all known lower geography values,No significant change,Lower 99.8,Not compared,20240000,New data,,1y
253,COPD: QOF prevalence,,,E92000001,England,England,Persons,All ages,"District & UA deprivation deciles in England (IMD2019, 4/23 geography)",Most deprived decile (IMD2019),2024/25,2.26795334307546,2.25833107516287,2.27761565406102,2.25280028422074,2.283205945498,207703,9158169,Aggregated from all known lower geography values,No significant change,Higher 99.8,Not compared,20240000,New data,,1y
253,COPD: QOF prevalence,,,E92000001,England,England,Persons,All ages,"District & UA deprivation deciles in England (IMD2019, 4/23 geography)",Second most deprived decile (IMD2019),2024/25,2.17417065858069,2.16462492920344,2.18375754384666,2.15913877919413,2.18930484789579,194111,8928048,Aggregated from all known lower geography values,No significant change,Higher 99.8,Not compared,20240000,New data,,1y
253,COPD: QOF prevalence,,,E92000001,England,England,Persons,All ages,"District & UA deprivation deciles in England (IMD2019, 4/23 geography)",Third more deprived decile (IMD2019),2024/25,1.81956347560593,1.81063617319265,1.82853397420359,1.80550757469433,1.83372675843918,155926,8569418,Aggregated from all known lower geography values,Decreasing,Lower 99.8,Not compared,20240000,New data,,1y
253,COPD: QOF prevalence,,,E92000001,England,England,Persons,All ages,"District & UA deprivation deciles in England (IMD2019, 4/23 geography)",Fourth more deprived decile (IMD2019),2024/25,1.94288009877147,1.93202625321929,1.95379370486383,1.92579415808483,1.96011459887559,120037,6178302,Aggregated from all known lower geography values,No significant change,Higher 99.8,Not compared,20240000,New data,,1y
253,COPD: QOF prevalence,,,E92000001,England,England,Persons,All ages,"District & UA deprivation deciles in England (IMD2019, 4/23 geography)",Fifth more deprived decile (IMD2019),2024/25,1.94185985875622,1.93022248789321,1.95356599404694,1.92354262347876,1.96034803629543,104267,5369440,Aggregated from all known lower geography values,No significant change,Higher 99.8,Not compared,20240000,New data,,1y
253,COPD: QOF prevalence,,,E92000001,England,England,Persons,All ages,"District & UA deprivation deciles in England (IMD2019, 4/23 geography)",Fifth less deprived decile (IMD2019),2024/25,1.73530627046113,1.72560488344511,1.74506123038616,1.7200345810172,1.75071113743189,120112,6921660,Aggregated from all known lower geography values,No significant change,Lower 99.8,Not compared,20240000,New data,,1y
253,COPD: QOF prevalence,,,E92000001,England,England,Persons,All ages,"District & UA deprivation deciles in England (IMD2019, 4/23 geography)",Fourth less deprived decile (IMD2019),2024/25,1.82311683026334,1.81218091258222,1.83411750986253,1.80590374677337,1.84049090614184,104198,5715377,Aggregated from all known lower geography values,No significant change,Lower 99.8,Not compared,20240000,New data,,1y
253,COPD: QOF prevalence,,,E92000001,England,England,Persons,All ages,"District & UA deprivation deciles in England (IMD2019, 4/23 geography)",Third less deprived decile (IMD2019),2024/25,1.75270122653027,1.74053308282743,1.76495291025736,1.73355380439978,1.77205632169722,77770,4437151,Aggregated from all known lower geography values,No significant change,Lower 99.8,Not compared,20240000,New data,,1y
253,COPD: QOF prevalence,,,E92000001,England,England,Persons,All ages,"District & UA deprivation deciles in England (IMD2019, 4/23 geography)",Second least deprived decile (IMD2019),2024/25,1.60982678617859,1.5977571913011,1.62198605295734,1.59083750523635,1.62903898343556,66743,4145974,Aggregated from all known lower geography values,No significant change,Lower 99.8,Not compared,20240000,New data,,1y
253,COPD: QOF prevalence,,,E92000001,England,England,Persons,All ages,"District & UA deprivation deciles in England (IMD2019, 4/23 geography)",Least deprived decile (IMD2019),2024/25,1.31486362773974,1.30419354101908,1.3256198378582,1.2980792970474,1.3318620534984,57106,4343112,Aggregated from all known lower geography values,Decreasing,Lower 99.8,Not compared,20240000,New data,,1y
253,COPD: QOF prevalence,,,E92000001,England,England,Persons,All ages,"County & UA deprivation deciles in England (IMD2025, 4/23 geography)",Most deprived decile (IMD2025),2024/25,2.54899558336189,2.53392781068596,2.56415059799951,2.52527808644013,2.57292995598859,106516,4178744,Aggregated from all known lower geography values,No significant change,Higher 99.8,Not compared,20240000,New data,,1y
253,COPD: QOF prevalence,,,E92000001,England,England,Persons,All ages,"County & UA deprivation deciles in England (IMD2025, 4/23 geography)",Second most deprived decile (IMD2025),2024/25,1.65916516108777,1.64889411627661,1.66949909872232,1.6429995171372,1.67548715102817,97978,5905259,Aggregated from all known lower geography values,Decreasing,Lower 99.8,Not compared,20240000,New data,,1y
253,COPD: QOF prevalence,,,E92000001,England,England,Persons,All ages,"County & UA deprivation deciles in England (IMD2025, 4/23 geography)",Third more deprived decile (IMD2025),2024/25,1.94984250021674,1.93773910604651,1.96201998132137,1.93079290330728,1.96907627065183,97158,4982864,Aggregated from all known lower geography values,No significant change,Higher 99.8,Not compared,20240000,New data,,1y
253,COPD: QOF prevalence,,,E92000001,England,England,Persons,All ages,"County & UA deprivation deciles in England (IMD2025, 4/23 geography)",Fourth more deprived decile (IMD2025),2024/25,2.20264086903357,2.18977935282073,2.21557621532082,2.18239585027283,2.22306942278844,109557,4973893,Aggregated from all known lower geography values,No significant change,Higher 99.8,Not compared,20240000,New data,,1y
253,COPD: QOF prevalence,,,E92000001,England,England,Persons,All ages,"County & UA deprivation deciles in England (IMD2025, 4/23 geography)",Fifth more deprived decile (IMD2025),2024/25,1.68979412186184,1.67939171495359,1.700259848596,1.67342155635514,1.7063240948477,99051,5861720,Aggregated from all known lower geography values,Decreasing,Lower 99.8,Not compared,20240000,New data,,1y
253,COPD: QOF prevalence,,,E92000001,England,England,Persons,All ages,"County & UA deprivation deciles in England (IMD2025, 4/23 geography)",Fifth less deprived decile (IMD2025),2024/25,1.92704611056128,1.91738793144017,1.9367519787781,1.91183988809425,1.94237088392464,149245,7744755,Aggregated from all known lower geography values,No significant change,Higher 99.8,Not compared,20240000,New data,,1y
253,COPD: QOF prevalence,,,E92000001,England,England,Persons,All ages,"County & UA deprivation deciles in England (IMD2025, 4/23 geography)",Fourth less deprived decile (IMD2025),2024/25,1.77162292300992,1.76237254905589,1.78092097028682,1.75705966761795,1.78630469008863,137697,7772365,Aggregated from all known lower geography values,No significant change,Lower 99.8,Not compared,20240000,New data,,1y
253,COPD: QOF prevalence,,,E92000001,England,England,Persons,All ages,"County & UA deprivation deciles in England (IMD2025, 4/23 geography)",Third less deprived decile (IMD2025),2024/25,1.99406991153192,1.98299172629564,2.00520872005939,1.97663065109234,2.01165987610954,121317,6083889,Aggregated from all known lower geography values,No significant change,Higher 99.8,Not compared,20240000,New data,,1y
253,COPD: QOF prevalence,,,E92000001,England,England,Persons,All ages,"County & UA deprivation deciles in England (IMD2025, 4/23 geography)",Second least deprived decile (IMD2025),2024/25,1.79883591217929,1.79067343531511,1.80703491168332,1.78598287330666,1.81177974313718,182395,10139613,Aggregated from all known lower geography values,No significant change,Lower 99.8,Not compared,20240000,New data,,1y
253,COPD: QOF prevalence,,,E92000001,England,England,Persons,All ages,"County & UA deprivation deciles in England (IMD2025, 4/23 geography)",Least deprived decile (IMD2025),2024/25,1.74831621335928,1.73796574566734,1.75872722004261,1.73202428382413,1.76475863747154,107059,6123549,Aggregated from all known lower geography values,No significant change,Lower 99.8,Not compared,20240000,New data,,1y
253,COPD: QOF prevalence,,,E92000001,England,England,Persons,All ages,"District & UA deprivation deciles in England (IMD2025, 4/23 geography)",Most deprived decile (IMD2025),2024/25,2.145593642437,2.13652976793581,2.15469512231679,2.13131988457867,2.1599608839724,209771,9776828,Aggregated from all known lower geography values,Decreasing,Higher 99.8,Not compared,20240000,New data,,1y
253,COPD: QOF prevalence,,,E92000001,England,England,Persons,All ages,"District & UA deprivation deciles in England (IMD2025, 4/23 geography)",Second most deprived decile (IMD2025),2024/25,2.17793844110218,2.16820709298852,2.18771248876992,2.16261459987578,2.1933684296712,187403,8604605,Aggregated from all known lower geography values,No significant change,Higher 99.8,Not compared,20240000,New data,,1y
253,COPD: QOF prevalence,,,E92000001,England,England,Persons,All ages,"District & UA deprivation deciles in England (IMD2025, 4/23 geography)",Third more deprived decile (IMD2025),2024/25,2.06130282617695,2.05096990635929,2.07168670285742,2.04503423660631,2.07769809001875,148988,7227856,Aggregated from all known lower geography values,No significant change,Higher 99.8,Not compared,20240000,New data,,1y
253,COPD: QOF prevalence,,,E92000001,England,England,Persons,All ages,"District & UA deprivation deciles in England (IMD2025, 4/23 geography)",Fourth more deprived decile (IMD2025),2024/25,1.8084716902472,1.79874162204729,1.81825341749455,1.79315391582844,1.82391788450538,129617,7167212,Aggregated from all known lower geography values,No significant change,Lower 99.8,Not compared,20240000,New data,,1y
253,COPD: QOF prevalence,,,E92000001,England,England,Persons,All ages,"District & UA deprivation deciles in England (IMD2025, 4/23 geography)",Fifth more deprived decile (IMD2025),2024/25,1.7643520602602,1.7535977414035,1.77517114063271,1.747425297441,1.78143981446815,100963,5722384,Aggregated from all known lower geography values,No significant change,Lower 99.8,Not compared,20240000,New data,,1y
253,COPD: QOF prevalence,,,E92000001,England,England,Persons,All ages,"District & UA deprivation deciles in England (IMD2025, 4/23 geography)",Fifth less deprived decile (IMD2025),2024/25,1.90070391109704,1.89031395582066,1.91114986146937,1.88434767135514,1.91719934970333,125438,6599555,Aggregated from all known lower geography values,No significant change,Similar,Not compared,20240000,New data,,1y
253,COPD: QOF prevalence,,,E92000001,England,England,Persons,All ages,"District & UA deprivation deciles in England (IMD2025, 4/23 geography)",Fourth less deprived decile (IMD2025),2024/25,1.93815441064992,1.92623173155984,1.95014941940052,1.91938894823522,1.95709967816869,98946,5105166,Aggregated from all known lower geography values,No significant change,Higher 99.8,Not compared,20240000,New data,,1y
253,COPD: QOF prevalence,,,E92000001,England,England,Persons,All ages,"District & UA deprivation deciles in England (IMD2025, 4/23 geography)",Third less deprived decile (IMD2025),2024/25,1.69092004404925,1.67957857111683,1.70233677508841,1.67307227016705,1.70895490288505,83392,4931753,Aggregated from all known lower geography values,No significant change,Lower 99.8,Not compared,20240000,New data,,1y
253,COPD: QOF prevalence,,,E92000001,England,England,Persons,All ages,"District & UA deprivation deciles in England (IMD2025, 4/23 geography)",Second least deprived decile (IMD2025),2024/25,1.50767308272722,1.49693267212208,1.51848936723587,1.49077325945033,1.52476152177271,74031,4910282,Aggregated from all known lower geography values,No significant change,Lower 99.8,Not compared,20240000,New data,,1y
253,COPD: QOF prevalence,,,E92000001,England,England,Persons,All ages,"District & UA deprivation deciles in England (IMD2025, 4/23 geography)",Least deprived decile (IMD2025),2024/25,1.32824152582229,1.31665971764786,1.33992382841247,1.31002618860991,1.34670668311177,49424,3721010,Aggregated from all known lower geography values,No significant change,Lower 99.8,Not compared,20240000,New data,,1y
253,COPD: QOF prevalence,E92000001,England,E54000008,NHS Cheshire and Merseyside Integrated Care Board - QYG,ICBs,Persons,All ages,,,2024/25,2.53271,2.51438,2.55117,2.50386,2.56187,70969,2802101,,Decreasing,Higher 99.8,Not compared,20240000,New data,,1y
253,COPD: QOF prevalence,E92000001,England,E54000010,NHS Staffordshire and Stoke-on-Trent Integrated Care Board - QNC,ICBs,Persons,All ages,,,2024/25,2.2988,2.27221,2.32569,2.25702,2.34133,27749,1207109,,No significant change,Higher 99.8,Not compared,20240000,New data,,1y
253,COPD: QOF prevalence,E92000001,England,E54000011,"NHS Shropshire, Telford and Wrekin Integrated Care Board - QOC",ICBs,Persons,All ages,,,2024/25,1.91311,1.8768,1.9501,1.85618,1.97175,10268,536718,,Decreasing,Similar,Not compared,20240000,New data,,1y
253,COPD: QOF prevalence,E92000001,England,E54000013,NHS Lincolnshire Integrated Care Board - QJM,ICBs,Persons,All ages,,,2024/25,2.54141,2.50768,2.57557,2.48843,2.59547,20987,825803,,Increasing,Higher 99.8,Not compared,20240000,New data,,1y
253,COPD: QOF prevalence,E92000001,England,E54000015,"NHS Leicester, Leicestershire and Rutland Integrated Care Board - QK1",ICBs,Persons,All ages,,,2024/25,1.56587,1.54412,1.58792,1.53171,1.60078,19329,1234392,,Decreasing,Lower 99.8,Not compared,20240000,New data,,1y
253,COPD: QOF prevalence,E92000001,England,E54000018,NHS Coventry and Warwickshire Integrated Care Board - QWU,ICBs,Persons,All ages,,,2024/25,1.5992,1.57612,1.62261,1.56296,1.63626,17892,1118811,,No significant change,Lower 99.8,Not compared,20240000,New data,,1y
253,COPD: QOF prevalence,E92000001,England,E54000019,NHS Herefordshire and Worcestershire Integrated Care Board - QGH,ICBs,Persons,All ages,,,2024/25,2.15356,2.12261,2.18495,2.10496,2.20326,17943,833178,,No significant change,Higher 99.8,Not compared,20240000,New data,,1y
253,COPD: QOF prevalence,E92000001,England,E54000022,NHS Norfolk and Waveney Integrated Care Board - QMM,ICBs,Persons,All ages,,,2024/25,2.3448,2.31669,2.37324,2.30063,2.3898,25797,1100179,,No significant change,Higher 99.8,Not compared,20240000,New data,,1y
253,COPD: QOF prevalence,E92000001,England,E54000023,NHS Suffolk and North East Essex Integrated Care Board - QJG,ICBs,Persons,All ages,,,2024/25,2.02078,1.9944,2.0475,1.97934,2.06307,21805,1079039,,No significant change,Higher 99.8,Not compared,20240000,New data,,1y
253,COPD: QOF prevalence,E92000001,England,E54000024,"NHS Bedfordshire, Luton and Milton Keynes Integrated Care Board - QHG",ICBs,Persons,All ages,,,2024/25,1.56622,1.54366,1.58911,1.53079,1.60245,17963,1146901,,No significant change,Lower 99.8,Not compared,20240000,New data,,1y
253,COPD: QOF prevalence,E92000001,England,E54000025,NHS Hertfordshire and West Essex Integrated Care Board - QM7,ICBs,Persons,All ages,,,2024/25,1.47229,1.45411,1.4907,1.44373,1.50142,24513,1664954,,Decreasing,Lower 99.8,Not compared,20240000,New data,,1y
253,COPD: QOF prevalence,E92000001,England,E54000026,NHS Mid and South Essex Integrated Care Board - QH8,ICBs,Persons,All ages,,,2024/25,1.8455,1.82244,1.86883,1.80928,1.88242,23872,1293528,,Decreasing,Lower 99.8,Not compared,20240000,New data,,1y
253,COPD: QOF prevalence,E92000001,England,E54000027,NHS North West London Integrated Care Board - QRV,ICBs,Persons,All ages,,,2024/25,0.90207,0.89128,0.91299,0.88511,0.91935,26284,2913751,,No significant change,Lower 99.8,Not compared,20240000,New data,,1y
253,COPD: QOF prevalence,E92000001,England,E54000028,NHS North Central London Integrated Care Board - QMJ,ICBs,Persons,All ages,,,2024/25,1.04347,1.02888,1.05826,1.02055,1.06689,19170,1837144,,Decreasing,Lower 99.8,Not compared,20240000,New data,,1y
253,COPD: QOF prevalence,E92000001,England,E54000029,NHS North East London Integrated Care Board - QMF,ICBs,Persons,All ages,,,2024/25,0.96366,0.95157,0.9759,0.94466,0.98303,23864,2476394,,Decreasing,Lower 99.8,Not compared,20240000,New data,,1y
253,COPD: QOF prevalence,E92000001,England,E54000030,NHS South East London Integrated Care Board - QKK,ICBs,Persons,All ages,,,2024/25,1.24569,1.23086,1.26069,1.22239,1.26943,26454,2123645,,Decreasing,Lower 99.8,Not compared,20240000,New data,,1y
253,COPD: QOF prevalence,E92000001,England,E54000031,NHS South West London Integrated Care Board - QWE,ICBs,Persons,All ages,,,2024/25,1.05103,1.03612,1.06614,1.02762,1.07495,18639,1773411,,Decreasing,Lower 99.8,Not compared,20240000,New data,,1y
253,COPD: QOF prevalence,E92000001,England,E54000032,NHS Kent and Medway Integrated Care Board - QKS,ICBs,Persons,All ages,,,2024/25,2.0111,1.99192,2.03046,1.98094,2.04171,40986,2037988,,No significant change,Higher 99.8,Not compared,20240000,New data,,1y
253,COPD: QOF prevalence,E92000001,England,E54000034,NHS Frimley Integrated Care Board - QNQ,ICBs,Persons,All ages,,,2024/25,1.22531,1.20218,1.24888,1.18904,1.26267,10452,853009,,Decreasing,Lower 99.8,Not compared,20240000,New data,,1y
253,COPD: QOF prevalence,E92000001,England,E54000036,NHS Cornwall and the Isles of Scilly Integrated Care Board - QT6,ICBs,Persons,All ages,,,2024/25,2.46835,2.42951,2.5078,2.40738,2.53083,14897,603520,,Increasing,Higher 99.8,Not compared,20240000,New data,,1y
253,COPD: QOF prevalence,E92000001,England,E54000037,NHS Devon Integrated Care Board - QJK,ICBs,Persons,All ages,,,2024/25,2.40281,2.3766,2.42931,2.36161,2.44471,31172,1297313,,Increasing,Higher 99.8,Not compared,20240000,New data,,1y
253,COPD: QOF prevalence,E92000001,England,E54000038,NHS Somerset Integrated Care Board - QSL,ICBs,Persons,All ages,,,2024/25,2.27711,2.23991,2.31491,2.21873,2.33699,13843,607920,,No significant change,Higher 99.8,Not compared,20240000,New data,,1y
253,COPD: QOF prevalence,E92000001,England,E54000039,"NHS Bristol, North Somerset and South Gloucestershire Integrated Care Board - QUY",ICBs,Persons,All ages,,,2024/25,1.85234,1.82727,1.87774,1.81297,1.89255,20316,1096776,,No significant change,Lower 99.8,Not compared,20240000,New data,,1y
253,COPD: QOF prevalence,E92000001,England,E54000040,"NHS Bath and North East Somerset, Swindon and Wiltshire Integrated Care Board - QOX",ICBs,Persons,All ages,,,2024/25,1.83533,1.80936,1.86166,1.79456,1.87701,18583,1012517,,Increasing,Lower 99.8,Not compared,20240000,New data,,1y
253,COPD: QOF prevalence,E92000001,England,E54000041,NHS Dorset Integrated Care Board - QVV,ICBs,Persons,All ages,,,2024/25,2.17426,2.14315,2.20582,2.1254,2.22422,18090,832006,,No significant change,Higher 99.8,Not compared,20240000,New data,,1y
253,COPD: QOF prevalence,E92000001,England,E54000042,NHS Hampshire and Isle of Wight Integrated Care Board - QRL,ICBs,Persons,All ages,,,2024/25,2.09543,2.07553,2.11553,2.06413,2.1272,41282,1970094,,Increasing,Higher 99.8,Not compared,20240000,New data,,1y
253,COPD: QOF prevalence,E92000001,England,E54000043,NHS Gloucestershire Integrated Care Board - QR1,ICBs,Persons,All ages,,,2024/25,1.90635,1.8745,1.93873,1.85637,1.95765,13277,696462,,No significant change,Similar,Not compared,20240000,New data,,1y
253,COPD: QOF prevalence,E92000001,England,E54000044,"NHS Buckinghamshire, Oxfordshire and Berkshire West Integrated Care Board - QU9",ICBs,Persons,All ages,,,2024/25,1.26076,1.24545,1.27626,1.2367,1.28528,25402,2014814,,Decreasing,Lower 99.8,Not compared,20240000,New data,,1y
253,COPD: QOF prevalence,E92000001,England,E54000048,NHS Lancashire and South Cumbria Integrated Care Board - QE1,ICBs,Persons,All ages,,,2024/25,2.41323,2.39133,2.43533,2.37879,2.44817,45103,1868985,,Decreasing,Higher 99.8,Not compared,20240000,New data,,1y
253,COPD: QOF prevalence,E92000001,England,E54000050,NHS North East and North Cumbria Integrated Care Board - QHM,ICBs,Persons,All ages,,,2024/25,2.83116,2.81313,2.84929,2.80279,2.8598,91538,3233237,,No significant change,Higher 99.8,Not compared,20240000,New data,,1y
253,COPD: QOF prevalence,E92000001,England,E54000051,NHS Humber and North Yorkshire Integrated Care Board - QOQ,ICBs,Persons,All ages,,,2024/25,2.49906,2.47645,2.52188,2.4635,2.53513,45330,1813879,,Increasing,Higher 99.8,Not compared,20240000,New data,,1y
253,COPD: QOF prevalence,E92000001,England,E54000052,NHS Surrey Heartlands Integrated Care Board - QXU,ICBs,Persons,All ages,,,2024/25,1.28669,1.26624,1.30746,1.25459,1.31959,14776,1148377,Value for successor ICB applied to this area,No significant change,Lower 99.8,Not compared,20240000,New data,,1y
253,COPD: QOF prevalence,E92000001,England,E54000053,NHS Sussex Integrated Care Board - QNX,ICBs,Persons,All ages,,,2024/25,1.98762,1.96765,2.00778,1.95623,2.01949,36961,1859565,Value for successor ICB applied to this area,Increasing,Higher 99.8,Not compared,20240000,New data,,1y
253,COPD: QOF prevalence,E92000001,England,E54000054,NHS West Yorkshire Integrated Care Board - QWO,ICBs,Persons,All ages,,,2024/25,2.08501,2.06804,2.10212,2.05832,2.11205,56332,2701756,,Decreasing,Higher 99.8,Not compared,20240000,New data,,1y
253,COPD: QOF prevalence,E92000001,England,E54000055,NHS Birmingham and Solihull Integrated Care Board - QHL,ICBs,Persons,All ages,,,2024/25,1.46002,1.44182,1.47844,1.43142,1.48917,24058,1647789,,Cannot be calculated,Lower 99.8,Not compared,20240000,New data,,1y
253,COPD: QOF prevalence,E92000001,England,E54000056,NHS Cambridgeshire and Peterborough Integrated Care Board - QUE,ICBs,Persons,All ages,,,2024/25,1.72123,1.69661,1.74621,1.68257,1.76077,18187,1056627,,Cannot be calculated,Lower 99.8,Not compared,20240000,New data,,1y
253,COPD: QOF prevalence,E92000001,England,E54000057,NHS Greater Manchester Integrated Care Board - QOP,ICBs,Persons,All ages,,,2024/25,2.27068,2.25467,2.2868,2.24548,2.29615,74973,3301785,,Cannot be calculated,Higher 99.8,Not compared,20240000,New data,,1y
253,COPD: QOF prevalence,E92000001,England,E54000058,NHS Derby and Derbyshire Integrated Care Board - QJ2,ICBs,Persons,All ages,,,2024/25,2.23162,2.20469,2.25886,2.18931,2.27472,25498,1142579,,Cannot be calculated,Higher 99.8,Not compared,20240000,New data,,1y
253,COPD: QOF prevalence,E92000001,England,E54000059,NHS Northamptonshire Integrated Care Board - QPM,ICBs,Persons,All ages,,,2024/25,1.90434,1.8755,1.93362,1.85906,1.9507,16184,849848,,Cannot be calculated,Similar,Not compared,20240000,New data,,1y
253,COPD: QOF prevalence,E92000001,England,E54000060,NHS Nottingham and Nottinghamshire Integrated Care Board - QT1,ICBs,Persons,All ages,,,2024/25,2.10119,2.07652,2.12615,2.06242,2.14067,26965,1283321,,Cannot be calculated,Higher 99.8,Not compared,20240000,New data,,1y
253,COPD: QOF prevalence,E92000001,England,E54000061,NHS South Yorkshire Integrated Care Board - QF7,ICBs,Persons,All ages,,,2024/25,2.7879,2.76191,2.81413,2.74703,2.82937,42578,1527240,,Cannot be calculated,Higher 99.8,Not compared,20240000,New data,,1y
253,COPD: QOF prevalence,E92000001,England,E54000062,NHS Black Country Integrated Care Board - QUA,ICBs,Persons,All ages,,,2024/25,2.06325,2.03933,2.08743,2.02567,2.1015,27693,1342206,,Cannot be calculated,Higher 99.8,Not compared,20240000,New data,,1y
253,COPD: QOF prevalence,E54000061,NHS South Yorkshire Integrated Care Board - QF7,E38000006,South Yorkshire ICB - 02P ,ICB sub-locations,Persons,All ages,,,2024/25,3.39955,3.33196,3.46846,3.29357,3.50881,9207,270830,,Increasing,Higher 99.8,Higher 99.8,20240000,New data,,1y
253,COPD: QOF prevalence,E54000026,NHS Mid and South Essex Integrated Care Board - QH8,E38000007,Mid and South Essex ICB - 99E ,ICB sub-locations,Persons,All ages,,,2024/25,1.74082,1.69432,1.78857,1.66806,1.81669,5151,295895,,Decreasing,Lower 99.8,Lower 99.8,20240000,New data,,1y
253,COPD: QOF prevalence,E54000060,NHS Nottingham and Nottinghamshire Integrated Care Board - QT1,E38000008,Nottingham and Nottinghamshire ICB - 02Q ,ICB sub-locations,Persons,All ages,,,2024/25,2.9946,2.90269,3.08933,2.85095,3.14526,3838,128164,,Increasing,Higher 99.8,Higher 99.8,20240000,New data,,1y
253,COPD: QOF prevalence,E54000048,NHS Lancashire and South Cumbria Integrated Care Board - QE1,E38000014,Lancashire and South Cumbria ICB - 00Q ,ICB sub-locations,Persons,All ages,,,2024/25,2.03847,1.97553,2.10337,1.94011,2.14171,3828,187788,,Decreasing,Higher 99.8,Lower 99.8,20240000,New data,,1y
253,COPD: QOF prevalence,E54000048,NHS Lancashire and South Cumbria Integrated Care Board - QE1,E38000015,Lancashire and South Cumbria ICB - 00R ,ICB sub-locations,Persons,All ages,,,2024/25,3.90359,3.8148,3.99437,3.76449,4.04762,6979,178784,,No significant change,Higher 99.8,Higher 99.8,20240000,New data,,1y
253,COPD: QOF prevalence,E54000057,NHS Greater Manchester Integrated Care Board - QOP,E38000016,Greater Manchester ICB - 00T ,ICB sub-locations,Persons,All ages,,,2024/25,2.37255,2.32148,2.42472,2.29251,2.45532,7922,333902,,No significant change,Higher 99.8,Higher 99.8,20240000,New data,,1y
253,COPD: QOF prevalence,E54000053,NHS Sussex Integrated Care Board - QNX,E38000021,Sussex ICB - 09D ,ICB sub-locations,Persons,All ages,,,2024/25,1.62438,1.58203,1.66784,1.5581,1.69342,5417,333482,,Increasing,Lower 99.8,Lower 99.8,20240000,New data,,1y
253,COPD: QOF prevalence,E54000057,NHS Greater Manchester Integrated Care Board - QOP,E38000024,Greater Manchester ICB - 00V ,ICB sub-locations,Persons,All ages,,,2024/25,2.05169,1.99232,2.1128,1.95885,2.14884,4365,212751,,No significant change,Higher 99.8,Lower 99.8,20240000,New data,,1y
253,COPD: QOF prevalence,E54000054,NHS West Yorkshire Integrated Care Board - QWO,E38000025,West Yorkshire ICB - 02T ,ICB sub-locations,Persons,All ages,,,2024/25,2.23022,2.17011,2.29195,2.13617,2.3283,5034,225718,,No significant change,Higher 99.8,Higher 99.8,20240000,New data,,1y
253,COPD: QOF prevalence,E54000010,NHS Staffordshire and Stoke-on-Trent Integrated Care Board - QNC,E38000028,Staffordshire and Stoke-on-Trent ICB - 04Y ,ICB sub-locations,Persons,All ages,,,2024/25,2.68361,2.60038,2.76943,2.55354,2.82012,3769,140445,,No significant change,Higher 99.8,Higher 99.8,20240000,New data,,1y
253,COPD: QOF prevalence,E54000026,NHS Mid and South Essex Integrated Care Board - QH8,E38000030,Mid and South Essex ICB - 99F ,ICB sub-locations,Persons,All ages,,,2024/25,2.24029,2.17444,2.30809,2.13733,2.3481,4221,188413,,No significant change,Higher 99.8,Higher 99.8,20240000,New data,,1y
253,COPD: QOF prevalence,E54000048,NHS Lancashire and South Cumbria Integrated Care Board - QE1,E38000034,Lancashire and South Cumbria ICB - 00X ,ICB sub-locations,Persons,All ages,,,2024/25,2.1431,2.07958,2.2085,2.04381,2.2471,4156,193925,,Decreasing,Higher 99.8,Lower 99.8,20240000,New data,,1y
253,COPD: QOF prevalence,E54000061,NHS South Yorkshire Integrated Care Board - QF7,E38000044,South Yorkshire ICB - 02X ,ICB sub-locations,Persons,All ages,,,2024/25,3.08748,3.02988,3.14613,2.99715,3.18044,10506,340278,,Increasing,Higher 99.8,Higher 99.8,20240000,New data,,1y
253,COPD: QOF prevalence,E54000041,NHS Dorset Integrated Care Board - QVV,E38000045,Dorset ICB - 11J ,ICB sub-locations,Persons,All ages,,,2024/25,2.17426,2.14315,2.20582,2.1254,2.22422,18090,832006,,No significant change,Higher 99.8,Similar,20240000,New data,,1y
253,COPD: QOF prevalence,E54000025,NHS Hertfordshire and West Essex Integrated Care Board - QM7,E38000049,Hertfordshire and West Essex ICB - 06K ,ICB sub-locations,Persons,All ages,,,2024/25,1.5541,1.52399,1.58479,1.50688,1.60276,9882,635868,,No significant change,Lower 99.8,Higher 99.8,20240000,New data,,1y
253,COPD: QOF prevalence,E54000048,NHS Lancashire and South Cumbria Integrated Care Board - QE1,E38000050,Lancashire and South Cumbria ICB - 01A ,ICB sub-locations,Persons,All ages,,,2024/25,2.45114,2.40431,2.49886,2.37771,2.52679,10075,411033,,No significant change,Higher 99.8,Similar,20240000,New data,,1y
253,COPD: QOF prevalence,E54000015,"NHS Leicester, Leicestershire and Rutland Integrated Care Board - QK1",E38000051,"Leicester, Leicestershire and Rutland ICB - 03W ",ICB sub-locations,Persons,All ages,,,2024/25,1.74408,1.70185,1.78735,1.67795,1.81277,6283,360247,,No significant change,Lower 99.8,Higher 99.8,20240000,New data,,1y
253,COPD: QOF prevalence,E54000051,NHS Humber and North Yorkshire Integrated Care Board - QOQ,E38000052,Humber and North Yorkshire ICB - 02Y ,ICB sub-locations,Persons,All ages,,,2024/25,2.76941,2.71296,2.82699,2.68092,2.86073,8813,318227,,Increasing,Higher 99.8,Higher 99.8,20240000,New data,,1y
253,COPD: QOF prevalence,E54000010,NHS Staffordshire and Stoke-on-Trent Integrated Care Board - QNC,E38000053,Staffordshire and Stoke-on-Trent ICB - 05D ,ICB sub-locations,Persons,All ages,,,2024/25,1.67434,1.61166,1.73942,1.57658,1.77806,2596,155046,,Decreasing,Lower 99.8,Lower 99.8,20240000,New data,,1y
253,COPD: QOF prevalence,E54000043,NHS Gloucestershire Integrated Care Board - QR1,E38000062,Gloucestershire ICB - 11M ,ICB sub-locations,Persons,All ages,,,2024/25,1.90635,1.8745,1.93873,1.85637,1.95765,13277,696462,,No significant change,Similar,Similar,20240000,New data,,1y
253,COPD: QOF prevalence,E54000008,NHS Cheshire and Merseyside Integrated Care Board - QYG,E38000068,Cheshire and Merseyside ICB - 01F ,ICB sub-locations,Persons,All ages,,,2024/25,3.16125,3.06981,3.25532,3.01826,3.31078,4322,136718,,Increasing,Higher 99.8,Higher 99.8,20240000,New data,,1y
253,COPD: QOF prevalence,E54000025,NHS Hertfordshire and West Essex Integrated Care Board - QM7,E38000079,Hertfordshire and West Essex ICB - 06N ,ICB sub-locations,Persons,All ages,,,2024/25,1.34117,1.31435,1.36853,1.29913,1.38455,9292,692828,,Decreasing,Lower 99.8,Lower 99.8,20240000,New data,,1y
253,COPD: QOF prevalence,E54000057,NHS Greater Manchester Integrated Care Board - QOP,E38000080,Greater Manchester ICB - 01D ,ICB sub-locations,Persons,All ages,,,2024/25,2.60028,2.53891,2.6631,2.50417,2.69999,6562,252357,,No significant change,Higher 99.8,Higher 99.8,20240000,New data,,1y
253,COPD: QOF prevalence,E54000051,NHS Humber and North Yorkshire Integrated Care Board - QOQ,E38000085,Humber and North Yorkshire ICB - 03F ,ICB sub-locations,Persons,All ages,,,2024/25,3.15085,3.0904,3.21244,3.05605,3.24848,9920,314836,,Increasing,Higher 99.8,Higher 99.8,20240000,New data,,1y
253,COPD: QOF prevalence,E54000023,NHS Suffolk and North East Essex Integrated Care Board - QJG,E38000086,Suffolk and North East Essex ICB - 06L ,ICB sub-locations,Persons,All ages,,,2024/25,1.73252,1.69345,1.77247,1.67131,1.79592,7258,418928,,No significant change,Lower 99.8,Lower 99.8,20240000,New data,,1y
253,COPD: QOF prevalence,E54000036,NHS Cornwall and the Isles of Scilly Integrated Care Board - QT6,E38000089,Cornwall and The Isles Of Scilly ICB - 11N ,ICB sub-locations,Persons,All ages,,,2024/25,2.46835,2.42951,2.5078,2.40738,2.53083,14897,603520,,Increasing,Higher 99.8,Similar,20240000,New data,,1y
253,COPD: QOF prevalence,E54000008,NHS Cheshire and Merseyside Integrated Care Board - QYG,E38000091,Cheshire and Merseyside ICB - 01J ,ICB sub-locations,Persons,All ages,,,2024/25,3.55324,3.46728,3.64126,3.41862,3.69296,6182,173982,,No significant change,Higher 99.8,Higher 99.8,20240000,New data,,1y
253,COPD: QOF prevalence,E54000015,"NHS Leicester, Leicestershire and Rutland Integrated Care Board - QK1",E38000097,"Leicester, Leicestershire and Rutland ICB - 04C ",ICB sub-locations,Persons,All ages,,,2024/25,1.25238,1.22031,1.28528,1.20218,1.30464,5638,450184,,Decreasing,Lower 99.8,Lower 99.8,20240000,New data,,1y
253,COPD: QOF prevalence,E54000008,NHS Cheshire and Merseyside Integrated Care Board - QYG,E38000101,Cheshire and Merseyside ICB - 99A ,ICB sub-locations,Persons,All ages,,,2024/25,2.96991,2.9272,3.01322,2.90284,3.03847,17774,598470,,Decreasing,Higher 99.8,Higher 99.8,20240000,New data,,1y
253,COPD: QOF prevalence,E54000026,NHS Mid and South Essex Integrated Care Board - QH8,E38000106,Mid and South Essex ICB - 06Q ,ICB sub-locations,Persons,All ages,,,2024/25,1.58466,1.54743,1.62276,1.52636,1.64514,6693,422363,,No significant change,Lower 99.8,Lower 99.8,20240000,New data,,1y
253,COPD: QOF prevalence,E54000023,NHS Suffolk and North East Essex Integrated Care Board - QJG,E38000117,Suffolk and North East Essex ICB - 06T ,ICB sub-locations,Persons,All ages,,,2024/25,2.15304,2.10737,2.19967,2.08147,2.22701,8181,379975,,No significant change,Higher 99.8,Higher 99.8,20240000,New data,,1y
253,COPD: QOF prevalence,E54000051,NHS Humber and North Yorkshire Integrated Care Board - QOQ,E38000119,Humber and North Yorkshire ICB - 03H ,ICB sub-locations,Persons,All ages,,,2024/25,3.24209,3.16006,3.32618,3.11368,3.37562,5664,174702,,Increasing,Higher 99.8,Higher 99.8,20240000,New data,,1y
253,COPD: QOF prevalence,E54000051,NHS Humber and North Yorkshire Integrated Care Board - QOQ,E38000122,Humber and North Yorkshire ICB - 03K ,ICB sub-locations,Persons,All ages,,,2024/25,2.65842,2.58623,2.73256,2.54548,2.77623,4937,185712,,No significant change,Higher 99.8,Higher 99.8,20240000,New data,,1y
253,COPD: QOF prevalence,E54000010,NHS Staffordshire and Stoke-on-Trent Integrated Care Board - QNC,E38000126,Staffordshire and Stoke-on-Trent ICB - 05G ,ICB sub-locations,Persons,All ages,,,2024/25,2.65394,2.58918,2.72028,2.55254,2.75926,6131,231015,,No significant change,Higher 99.8,Higher 99.8,20240000,New data,,1y
253,COPD: QOF prevalence,E54000050,NHS North East and North Cumbria Integrated Care Board - QHM,E38000127,North East and North Cumbria ICB - 99C ,ICB sub-locations,Persons,All ages,,,2024/25,2.63199,2.56719,2.69839,2.53053,2.73741,6022,228800,,No significant change,Higher 99.8,Lower 99.8,20240000,New data,,1y
253,COPD: QOF prevalence,E54000050,NHS North East and North Cumbria Integrated Care Board - QHM,E38000130,North East and North Cumbria ICB - 00L,ICB sub-locations,Persons,All ages,,,2024/25,2.76862,2.71415,2.82415,2.68322,2.85666,9466,341903,,No significant change,Higher 99.8,Similar,20240000,New data,,1y
253,COPD: QOF prevalence,E54000057,NHS Greater Manchester Integrated Care Board - QOP,E38000135,Greater Manchester ICB - 00Y ,ICB sub-locations,Persons,All ages,,,2024/25,2.26725,2.2117,2.32416,2.18028,2.3576,6105,269269,,No significant change,Higher 99.8,Similar,20240000,New data,,1y
253,COPD: QOF prevalence,E54000044,"NHS Buckinghamshire, Oxfordshire and Berkshire West Integrated Care Board - QU9",E38000136,"Buckinghamshire, Oxfordshire and Berkshire West ICB - 10Q ",ICB sub-locations,Persons,All ages,,,2024/25,1.34548,1.3209,1.37052,1.30693,1.38516,11148,828550,,No significant change,Lower 99.8,Higher 99.8,20240000,New data,,1y
253,COPD: QOF prevalence,E54000042,NHS Hampshire and Isle of Wight Integrated Care Board - QRL,E38000137,Hampshire and Isle Of Wight ICB - 10R ,ICB sub-locations,Persons,All ages,,,2024/25,2.85377,2.78733,2.92176,2.7497,2.96167,6728,235758,,Increasing,Higher 99.8,Higher 99.8,20240000,New data,,1y
253,COPD: QOF prevalence,E54000061,NHS South Yorkshire Integrated Care Board - QF7,E38000141,South Yorkshire ICB - 03L ,ICB sub-locations,Persons,All ages,,,2024/25,3.44873,3.3813,3.51744,3.343,3.55767,9521,276073,,Increasing,Higher 99.8,Higher 99.8,20240000,New data,,1y
253,COPD: QOF prevalence,E54000057,NHS Greater Manchester Integrated Care Board - QOP,E38000143,Greater Manchester ICB - 01G ,ICB sub-locations,Persons,All ages,,,2024/25,2.50132,2.448,2.55578,2.41776,2.5877,8071,322669,,No significant change,Higher 99.8,Higher 99.8,20240000,New data,,1y
253,COPD: QOF prevalence,E54000061,NHS South Yorkshire Integrated Care Board - QF7,E38000146,South Yorkshire ICB - 03N ,ICB sub-locations,Persons,All ages,,,2024/25,2.08481,2.05009,2.1201,2.03033,2.14071,13344,640059,,No significant change,Higher 99.8,Lower 99.8,20240000,New data,,1y
253,COPD: QOF prevalence,E54000038,NHS Somerset Integrated Care Board - QSL,E38000150,Somerset ICB - 11X ,ICB sub-locations,Persons,All ages,,,2024/25,2.27711,2.23991,2.31491,2.21873,2.33699,13843,607920,,No significant change,Higher 99.8,Similar,20240000,New data,,1y
253,COPD: QOF prevalence,E54000010,NHS Staffordshire and Stoke-on-Trent Integrated Care Board - QNC,E38000153,Staffordshire and Stoke-on-Trent ICB - 05Q ,ICB sub-locations,Persons,All ages,,,2024/25,1.93282,1.87653,1.99076,1.84481,2.02494,4315,223249,,No significant change,Similar,Lower 99.8,20240000,New data,,1y
253,COPD: QOF prevalence,E54000008,NHS Cheshire and Merseyside Integrated Care Board - QYG,E38000161,Cheshire and Merseyside ICB - 01T ,ICB sub-locations,Persons,All ages,,,2024/25,2.7925,2.71322,2.87402,2.66852,2.92206,4506,161361,,Decreasing,Higher 99.8,Higher 99.8,20240000,New data,,1y
253,COPD: QOF prevalence,E54000050,NHS North East and North Cumbria Integrated Care Board - QHM,E38000163,North East and North Cumbria ICB - 00N ,ICB sub-locations,Persons,All ages,,,2024/25,3.47926,3.39053,3.57022,3.34036,3.62371,5561,159833,,Decreasing,Higher 99.8,Higher 99.8,20240000,New data,,1y
253,COPD: QOF prevalence,E54000026,NHS Mid and South Essex Integrated Care Board - QH8,E38000168,Mid and South Essex ICB - 99G ,ICB sub-locations,Persons,All ages,,,2024/25,2.19738,2.13346,2.26318,2.09743,2.30199,4313,196279,,No significant change,Higher 99.8,Higher 99.8,20240000,New data,,1y
253,COPD: QOF prevalence,E54000008,NHS Cheshire and Merseyside Integrated Care Board - QYG,E38000170,Cheshire and Merseyside ICB - 01V ,ICB sub-locations,Persons,All ages,,,2024/25,2.11123,2.03405,2.19128,1.99082,2.23877,2713,128503,,No significant change,Higher 99.8,Lower 99.8,20240000,New data,,1y
253,COPD: QOF prevalence,E54000008,NHS Cheshire and Merseyside Integrated Care Board - QYG,E38000172,Cheshire and Merseyside ICB - 01X ,ICB sub-locations,Persons,All ages,,,2024/25,2.89891,2.82694,2.97265,2.78623,3.016,5906,203732,,No significant change,Higher 99.8,Higher 99.8,20240000,New data,,1y
253,COPD: QOF prevalence,E54000010,NHS Staffordshire and Stoke-on-Trent Integrated Care Board - QNC,E38000173,Staffordshire and Stoke-on-Trent ICB - 05V ,ICB sub-locations,Persons,All ages,,,2024/25,1.9152,1.8485,1.98425,1.81109,2.02516,3001,156694,,No significant change,Similar,Lower 99.8,20240000,New data,,1y
253,COPD: QOF prevalence,E54000057,NHS Greater Manchester Integrated Care Board - QOP,E38000174,Greater Manchester ICB - 01W ,ICB sub-locations,Persons,All ages,,,2024/25,2.14415,2.09523,2.19418,2.06752,2.22355,7061,329315,,Decreasing,Higher 99.8,Lower 99.8,20240000,New data,,1y
253,COPD: QOF prevalence,E54000010,NHS Staffordshire and Stoke-on-Trent Integrated Care Board - QNC,E38000175,Staffordshire and Stoke-on-Trent ICB - 05W ,ICB sub-locations,Persons,All ages,,,2024/25,2.63986,2.58316,2.69777,2.551,2.73173,7937,300660,,No significant change,Higher 99.8,Higher 99.8,20240000,New data,,1y
253,COPD: QOF prevalence,E54000050,NHS North East and North Cumbria Integrated Care Board - QHM,E38000176,North East and North Cumbria ICB - 00P ,ICB sub-locations,Persons,All ages,,,2024/25,3.28853,3.22483,3.35345,3.18864,3.39144,9716,295451,,Decreasing,Higher 99.8,Higher 99.8,20240000,New data,,1y
253,COPD: QOF prevalence,E54000026,NHS Mid and South Essex Integrated Care Board - QH8,E38000185,Mid and South Essex ICB - 07G ,ICB sub-locations,Persons,All ages,,,2024/25,1.83337,1.7741,1.89458,1.74079,1.93078,3494,190578,,No significant change,Similar,Similar,20240000,New data,,1y
253,COPD: QOF prevalence,E54000057,NHS Greater Manchester Integrated Care Board - QOP,E38000187,Greater Manchester ICB - 02A ,ICB sub-locations,Persons,All ages,,,2024/25,1.94058,1.88718,1.99545,1.85705,2.02778,4841,249462,,No significant change,Similar,Lower 99.8,20240000,New data,,1y
253,COPD: QOF prevalence,E54000051,NHS Humber and North Yorkshire Integrated Care Board - QOQ,E38000188,Humber and North Yorkshire ICB - 03Q ,ICB sub-locations,Persons,All ages,,,2024/25,1.61022,1.56177,1.66015,1.53449,1.68963,4051,251580,,No significant change,Lower 99.8,Lower 99.8,20240000,New data,,1y
253,COPD: QOF prevalence,E54000054,NHS West Yorkshire Integrated Care Board - QWO,E38000190,West Yorkshire ICB - 03R ,ICB sub-locations,Persons,All ages,,,2024/25,2.69615,2.6464,2.74681,2.61812,2.77644,10781,399866,,No significant change,Higher 99.8,Higher 99.8,20240000,New data,,1y
253,COPD: QOF prevalence,E54000008,NHS Cheshire and Merseyside Integrated Care Board - QYG,E38000194,Cheshire and Merseyside ICB - 02E ,ICB sub-locations,Persons,All ages,,,2024/25,1.82188,1.76809,1.87727,1.73779,1.90995,4202,230641,,No significant change,Similar,Lower 99.8,20240000,New data,,1y
253,COPD: QOF prevalence,E54000025,NHS Hertfordshire and West Essex Integrated Care Board - QM7,E38000197,Hertfordshire and West Essex ICB - 07H ,ICB sub-locations,Persons,All ages,,,2024/25,1.58777,1.54607,1.63058,1.52252,1.65577,5339,336258,,No significant change,Lower 99.8,Higher 99.8,20240000,New data,,1y
253,COPD: QOF prevalence,E54000048,NHS Lancashire and South Cumbria Integrated Care Board - QE1,E38000200,Lancashire and South Cumbria ICB - 02G ,ICB sub-locations,Persons,All ages,,,2024/25,2.21373,2.13143,2.29914,2.08535,2.34983,2619,118307,,No significant change,Higher 99.8,Lower 99.8,20240000,New data,,1y
253,COPD: QOF prevalence,E54000015,"NHS Leicester, Leicestershire and Rutland Integrated Care Board - QK1",E38000201,"Leicester, Leicestershire and Rutland ICB - 04V ",ICB sub-locations,Persons,All ages,,,2024/25,1.74733,1.70832,1.78721,1.68622,1.81061,7408,423961,,Decreasing,Lower 99.8,Higher 99.8,20240000,New data,,1y
253,COPD: QOF prevalence,E54000023,NHS Suffolk and North East Essex Integrated Care Board - QJG,E38000204,Suffolk and North East Essex ICB - 07K ,ICB sub-locations,Persons,All ages,,,2024/25,2.27247,2.21793,2.32831,2.18707,2.36112,6366,280136,,No significant change,Higher 99.8,Higher 99.8,20240000,New data,,1y
253,COPD: QOF prevalence,E54000057,NHS Greater Manchester Integrated Care Board - QOP,E38000205,Greater Manchester ICB - 02H ,ICB sub-locations,Persons,All ages,,,2024/25,2.56986,2.51811,2.62264,2.48873,2.65355,9049,352121,,No significant change,Higher 99.8,Higher 99.8,20240000,New data,,1y
253,COPD: QOF prevalence,E54000008,NHS Cheshire and Merseyside Integrated Care Board - QYG,E38000208,Cheshire and Merseyside ICB - 12F ,ICB sub-locations,Persons,All ages,,,2024/25,2.60498,2.55244,2.65858,2.52261,2.68998,9014,346029,,No significant change,Higher 99.8,Similar,20240000,New data,,1y
253,COPD: QOF prevalence,E54000050,NHS North East and North Cumbria Integrated Care Board - QHM,E38000212,North East and North Cumbria ICB - 13T ,ICB sub-locations,Persons,All ages,,,2024/25,2.31441,2.2754,2.35408,2.2532,2.37725,12990,561266,,Decreasing,Higher 99.8,Lower 99.8,20240000,New data,,1y
253,COPD: QOF prevalence,E54000050,NHS North East and North Cumbria Integrated Care Board - QHM,E38000215,North East and North Cumbria ICB - 01H ,ICB sub-locations,Persons,All ages,,,2024/25,2.42076,2.36939,2.47321,2.34026,2.50396,8153,336795,,No significant change,Higher 99.8,Lower 99.8,20240000,New data,,1y
253,COPD: QOF prevalence,E54000057,NHS Greater Manchester Integrated Care Board - QOP,E38000217,Greater Manchester ICB - 14L ,ICB sub-locations,Persons,All ages,,,2024/25,1.86422,1.83388,1.89505,1.8166,1.91306,14003,751146,,No significant change,Similar,Lower 99.8,20240000,New data,,1y
253,COPD: QOF prevalence,E54000044,"NHS Buckinghamshire, Oxfordshire and Berkshire West Integrated Care Board - QU9",E38000221,"Buckinghamshire, Oxfordshire and Berkshire West ICB - 15A ",ICB sub-locations,Persons,All ages,,,2024/25,1.18278,1.15551,1.21068,1.14007,1.22706,6979,590053,,Decreasing,Lower 99.8,Lower 99.8,20240000,New data,,1y
253,COPD: QOF prevalence,E54000039,"NHS Bristol, North Somerset and South Gloucestershire Integrated Care Board - QUY",E38000222,"Bristol, North Somerset and South Gloucestershire ICB - 15C ",ICB sub-locations,Persons,All ages,,,2024/25,1.85234,1.82727,1.87774,1.81297,1.89255,20316,1096776,,No significant change,Lower 99.8,Similar,20240000,New data,,1y
253,COPD: QOF prevalence,E54000044,"NHS Buckinghamshire, Oxfordshire and Berkshire West Integrated Care Board - QU9",E38000223,"Buckinghamshire, Oxfordshire and Berkshire West ICB - 14Y ",ICB sub-locations,Persons,All ages,,,2024/25,1.22021,1.19265,1.24839,1.17704,1.26493,7275,596211,,Decreasing,Lower 99.8,Similar,20240000,New data,,1y
253,COPD: QOF prevalence,E54000054,NHS West Yorkshire Integrated Care Board - QWO,E38000225,West Yorkshire ICB - 15F ,ICB sub-locations,Persons,All ages,,,2024/25,1.87803,1.85085,1.90561,1.83535,1.92169,17732,944179,,Decreasing,Similar,Lower 99.8,20240000,New data,,1y
253,COPD: QOF prevalence,E54000048,NHS Lancashire and South Cumbria Integrated Care Board - QE1,E38000226,Lancashire and South Cumbria ICB - 02M ,ICB sub-locations,Persons,All ages,,,2024/25,2.83087,2.75675,2.90692,2.71488,2.95166,5307,187469,,No significant change,Higher 99.8,Higher 99.8,20240000,New data,,1y
253,COPD: QOF prevalence,E54000048,NHS Lancashire and South Cumbria Integrated Care Board - QE1,E38000227,Lancashire and South Cumbria ICB - 01E ,ICB sub-locations,Persons,All ages,,,2024/25,1.86233,1.80848,1.91775,1.77813,1.95044,4381,235243,,Decreasing,Similar,Lower 99.8,20240000,New data,,1y
253,COPD: QOF prevalence,E54000048,NHS Lancashire and South Cumbria Integrated Care Board - QE1,E38000228,Lancashire and South Cumbria ICB - 01K ,ICB sub-locations,Persons,All ages,,,2024/25,2.17655,2.12916,2.22497,2.10229,2.25337,7758,356436,,Decreasing,Higher 99.8,Lower 99.8,20240000,New data,,1y
253,COPD: QOF prevalence,E54000037,NHS Devon Integrated Care Board - QJK,E38000230,Devon ICB - 15N ,ICB sub-locations,Persons,All ages,,,2024/25,2.40281,2.3766,2.42931,2.36161,2.44471,31172,1297313,,Increasing,Higher 99.8,Similar,20240000,New data,,1y
253,COPD: QOF prevalence,E54000040,"NHS Bath and North East Somerset, Swindon and Wiltshire Integrated Care Board - QOX",E38000231,"Bath and North East Somerset, Swindon and Wiltshire ICB - 92G ",ICB sub-locations,Persons,All ages,,,2024/25,1.83533,1.80936,1.86166,1.79456,1.87701,18583,1012517,,Increasing,Lower 99.8,Similar,20240000,New data,,1y
253,COPD: QOF prevalence,E54000054,NHS West Yorkshire Integrated Care Board - QWO,E38000232,West Yorkshire ICB - 36J ,ICB sub-locations,Persons,All ages,,,2024/25,2.01461,1.98123,2.04853,1.96223,2.06835,13490,669610,,Decreasing,Higher 99.8,Lower 99.8,20240000,New data,,1y
253,COPD: QOF prevalence,E54000008,NHS Cheshire and Merseyside Integrated Care Board - QYG,E38000233,Cheshire and Merseyside ICB - 27D ,ICB sub-locations,Persons,All ages,,,2024/25,1.98744,1.95751,2.01783,1.94045,2.03556,16350,822665,,No significant change,Higher 99.8,Lower 99.8,20240000,New data,,1y
253,COPD: QOF prevalence,E54000050,NHS North East and North Cumbria Integrated Care Board - QHM,E38000234,North East and North Cumbria ICB - 84H ,ICB sub-locations,Persons,All ages,,,2024/25,3.06708,3.02262,3.11218,2.99727,3.13847,17471,569629,,No significant change,Higher 99.8,Higher 99.8,20240000,New data,,1y
253,COPD: QOF prevalence,E54000053,NHS Sussex Integrated Care Board - QNX,E38000235,Sussex ICB - 97R ,ICB sub-locations,Persons,All ages,,,2024/25,2.4364,2.39694,2.47649,2.37447,2.49989,14065,577287,,Increasing,Higher 99.8,Higher 99.8,20240000,New data,,1y
253,COPD: QOF prevalence,E54000019,NHS Herefordshire and Worcestershire Integrated Care Board - QGH,E38000236,Herefordshire and Worcestershire ICB - 18C ,ICB sub-locations,Persons,All ages,,,2024/25,2.15356,2.12261,2.18495,2.10496,2.20326,17943,833178,,No significant change,Higher 99.8,Similar,20240000,New data,,1y
253,COPD: QOF prevalence,E54000032,NHS Kent and Medway Integrated Care Board - QKS,E38000237,Kent and Medway ICB - 91Q ,ICB sub-locations,Persons,All ages,,,2024/25,2.0111,1.99192,2.03046,1.98094,2.04171,40986,2037988,,No significant change,Higher 99.8,Similar,20240000,New data,,1y
253,COPD: QOF prevalence,E54000013,NHS Lincolnshire Integrated Care Board - QJM,E38000238,Lincolnshire ICB - 71E ,ICB sub-locations,Persons,All ages,,,2024/25,2.54141,2.50768,2.57557,2.48843,2.59547,20987,825803,,Increasing,Higher 99.8,Similar,20240000,New data,,1y
253,COPD: QOF prevalence,E54000022,NHS Norfolk and Waveney Integrated Care Board - QMM,E38000239,Norfolk and Waveney ICB - 26A ,ICB sub-locations,Persons,All ages,,,2024/25,2.3448,2.31669,2.37324,2.30063,2.3898,25797,1100179,,No significant change,Higher 99.8,Similar,20240000,New data,,1y
253,COPD: QOF prevalence,E54000028,NHS North Central London Integrated Care Board - QMJ,E38000240,North Central London ICB - 93C ,ICB sub-locations,Persons,All ages,,,2024/25,1.04347,1.02888,1.05826,1.02055,1.06689,19170,1837144,,Decreasing,Lower 99.8,Similar,20240000,New data,,1y
253,COPD: QOF prevalence,E54000051,NHS Humber and North Yorkshire Integrated Care Board - QOQ,E38000241,Humber and North Yorkshire ICB - 42D ,ICB sub-locations,Persons,All ages,,,2024/25,2.09995,2.06301,2.13754,2.042,2.15951,11945,568822,,No significant change,Higher 99.8,Lower 99.8,20240000,New data,,1y
253,COPD: QOF prevalence,E54000060,NHS Nottingham and Nottinghamshire Integrated Care Board - QT1,E38000243,Nottingham and Nottinghamshire ICB - 52R ,ICB sub-locations,Persons,All ages,,,2024/25,2.00207,1.97668,2.02777,1.96219,2.04274,23127,1155157,,No significant change,Higher 99.8,Lower 99.8,20240000,New data,,1y
253,COPD: QOF prevalence,E54000030,NHS South East London Integrated Care Board - QKK,E38000244,South East London ICB - 72Q ,ICB sub-locations,Persons,All ages,,,2024/25,1.24569,1.23086,1.26069,1.22239,1.26943,26454,2123645,,Decreasing,Lower 99.8,Similar,20240000,New data,,1y
253,COPD: QOF prevalence,E54000031,NHS South West London Integrated Care Board - QWE,E38000245,South West London ICB - 36L ,ICB sub-locations,Persons,All ages,,,2024/25,1.05103,1.03612,1.06614,1.02762,1.07495,18639,1773411,,Decreasing,Lower 99.8,Similar,20240000,New data,,1y
253,COPD: QOF prevalence,E54000052,NHS Surrey Heartlands Integrated Care Board - QXU,E38000246,Surrey Heartlands  ICB - 92A ,ICB sub-locations,Persons,All ages,,,2024/25,1.28669,1.26624,1.30746,1.25459,1.31959,14776,1148377,Value for successor ICB sub-location applied to this area,No significant change,Lower 99.8,Similar,20240000,New data,,1y
253,COPD: QOF prevalence,E54000050,NHS North East and North Cumbria Integrated Care Board - QHM,E38000247,North East and North Cumbria ICB - 16C ,ICB sub-locations,Persons,All ages,,,2024/25,2.99624,2.95763,3.03534,2.93558,3.05811,22159,739560,,No significant change,Higher 99.8,Higher 99.8,20240000,New data,,1y
253,COPD: QOF prevalence,E54000053,NHS Sussex Integrated Care Board - QNX,E38000248,Sussex ICB - 70F ,ICB sub-locations,Persons,All ages,,,2024/25,1.84223,1.81537,1.86948,1.80005,1.88538,17479,948796,Value for successor ICB sub-location applied to this area,No significant change,Lower 99.8,Lower 99.8,20240000,New data,,1y
253,COPD: QOF prevalence,E54000024,"NHS Bedfordshire, Luton and Milton Keynes Integrated Care Board - QHG",E38000249,"Bedfordshire, Luton and Milton Keynes ICB - M1J4Y ",ICB sub-locations,Persons,All ages,,,2024/25,1.56622,1.54366,1.58911,1.53079,1.60245,17963,1146901,,No significant change,Lower 99.8,Similar,20240000,New data,,1y
253,COPD: QOF prevalence,E54000018,NHS Coventry and Warwickshire Integrated Care Board - QWU,E38000251,Coventry and Warwickshire ICB - B2M3M ,ICB sub-locations,Persons,All ages,,,2024/25,1.5992,1.57612,1.62261,1.56296,1.63626,17892,1118811,,No significant change,Lower 99.8,Similar,20240000,New data,,1y
253,COPD: QOF prevalence,E54000034,NHS Frimley Integrated Care Board - QNQ,E38000252,Frimley ICB - D4U1Y ,ICB sub-locations,Persons,All ages,,,2024/25,1.22531,1.20218,1.24888,1.18904,1.26267,10452,853009,,Decreasing,Lower 99.8,Similar,20240000,New data,,1y
253,COPD: QOF prevalence,E54000042,NHS Hampshire and Isle of Wight Integrated Care Board - QRL,E38000253,Hampshire and Isle Of Wight ICB - D9Y0V ,ICB sub-locations,Persons,All ages,,,2024/25,1.99235,1.97166,2.01325,1.95982,2.0254,34554,1734336,,No significant change,Higher 99.8,Lower 99.8,20240000,New data,,1y
253,COPD: QOF prevalence,E54000054,NHS West Yorkshire Integrated Care Board - QWO,E38000254,West Yorkshire ICB - X2C4Y ,ICB sub-locations,Persons,All ages,,,2024/25,2.01024,1.97018,2.05109,1.94744,2.07502,9295,462383,,Decreasing,Higher 99.8,Lower 99.8,20240000,New data,,1y
253,COPD: QOF prevalence,E54000029,NHS North East London Integrated Care Board - QMF,E38000255,North East London ICB - A3A8R ,ICB sub-locations,Persons,All ages,,,2024/25,0.96366,0.95157,0.9759,0.94466,0.98303,23864,2476394,,Decreasing,Lower 99.8,Similar,20240000,New data,,1y
253,COPD: QOF prevalence,E54000027,NHS North West London Integrated Care Board - QRV,E38000256,North West London ICB - W2U3Z ,ICB sub-locations,Persons,All ages,,,2024/25,0.90207,0.89128,0.91299,0.88511,0.91935,26284,2913751,,No significant change,Lower 99.8,Similar,20240000,New data,,1y
253,COPD: QOF prevalence,E54000011,"NHS Shropshire, Telford and Wrekin Integrated Care Board - QOC",E38000257,"Shropshire, Telford and Wrekin ICB - M2L0M ",ICB sub-locations,Persons,All ages,,,2024/25,1.91311,1.8768,1.9501,1.85618,1.97175,10268,536718,,Decreasing,Similar,Similar,20240000,New data,,1y
253,COPD: QOF prevalence,E54000055,NHS Birmingham and Solihull Integrated Care Board - QHL,E38000258,Birmingham and Solihull ICB - 15E ,ICB sub-locations,Persons,All ages,,,2024/25,1.46002,1.44182,1.47844,1.43142,1.48917,24058,1647789,,Cannot be calculated,Lower 99.8,Similar,20240000,New data,,1y
253,COPD: QOF prevalence,E54000062,NHS Black Country Integrated Care Board - QUA,E38000259,Black Country ICB - D2P2L ,ICB sub-locations,Persons,All ages,,,2024/25,2.06325,2.03933,2.08743,2.02567,2.1015,27693,1342206,,Cannot be calculated,Higher 99.8,Similar,20240000,New data,,1y
253,COPD: QOF prevalence,E54000056,NHS Cambridgeshire and Peterborough Integrated Care Board - QUE,E38000260,Cambridgeshire and Peterborough ICB - 06H ,ICB sub-locations,Persons,All ages,,,2024/25,1.72123,1.69661,1.74621,1.68257,1.76077,18187,1056627,,Cannot be calculated,Lower 99.8,Similar,20240000,New data,,1y
253,COPD: QOF prevalence,E54000058,NHS Derby and Derbyshire Integrated Care Board - QJ2,E38000261,Derby and Derbyshire ICB - 15M ,ICB sub-locations,Persons,All ages,,,2024/25,2.23162,2.20469,2.25886,2.18931,2.27472,25498,1142579,,Cannot be calculated,Higher 99.8,Similar,20240000,New data,,1y
253,COPD: QOF prevalence,E54000059,NHS Northamptonshire Integrated Care Board - QPM,E38000262,Northamptonshire ICB - 78H ,ICB sub-locations,Persons,All ages,,,2024/25,1.90434,1.8755,1.93362,1.85906,1.9507,16184,849848,,Cannot be calculated,Similar,Similar,20240000,New data,,1y
253,COPD: QOF prevalence,E54000057,NHS Greater Manchester Integrated Care Board - QOP,E38000263,Greater Manchester ICB - 01Y ,ICB sub-locations,Persons,All ages,,,2024/25,3.05691,2.98716,3.12824,2.94764,3.1701,6994,228793,,Cannot be calculated,Higher 99.8,Higher 99.8,20240000,New data,,1y
